Date,DBC,EEM,GLD,HYG,IEF,IEFA,IWM,LQD,QQQ,SPY,TLT,VNQ
2016-01-04,11.210503578186035,25.081514358520508,102.88999938964844,47.00363540649414,84.85132598876953,39.540828704833984,96.63581085205078,80.29012298583984,101.84554290771484,170.37228393554688,92.35215759277344,52.950965881347656
2016-01-05,11.10059642791748,25.137592315673828,103.18000030517578,47.09164047241211,84.8272705078125,39.47440719604492,96.8466567993164,80.33245086669922,101.66881561279297,170.66033935546875,91.97958374023438,53.972755432128906
2016-01-06,10.923054695129395,24.656951904296875,104.66999816894531,47.09164047241211,85.33940887451172,38.780704498291016,95.37088012695312,80.64949035644531,100.69222259521484,168.50759887695312,93.21903991699219,53.824851989746094
2016-01-07,10.872326850891113,23.89592933654785,106.1500015258789,46.78654479980469,85.5234375,38.04273223876953,92.82344055175781,80.71293640136719,97.5392074584961,164.46482849121094,93.38629913330078,52.77619552612305
2016-01-08,10.821600914001465,23.639589309692383,105.68000030517578,46.66328430175781,85.73949432373047,37.5556640625,91.22472381591797,80.77633666992188,96.73931121826172,162.6595458984375,93.80455780029297,52.070377349853516
2016-01-11,10.5256986618042,23.631574630737305,104.73999786376953,46.59286880493164,85.4674301147461,37.688499450683594,90.82942199707031,80.51561737060547,97.0369644165039,162.8206024169922,92.77798461914062,52.36613845825195
2016-01-12,10.458063125610352,23.679645538330078,104.20999908447266,46.63978958129883,85.85150909423828,37.865623474121094,91.10173797607422,80.69884490966797,98.16236114501953,164.13429260253906,94.11630249023438,52.01658248901367
2016-01-13,10.398882865905762,23.431310653686523,104.72000122070312,46.12343215942383,86.1875991821289,37.24571990966797,88.17657470703125,80.94544219970703,94.77681732177734,160.04066467285156,95.04399108886719,51.27042007446289
2016-01-14,10.424245834350586,23.7357177734375,103.0199966430664,46.32881164550781,86.01152038574219,37.71063995361328,89.3975830078125,80.54381561279297,96.79512786865234,162.66806030273438,94.1543197631836,51.14940643310547
2016-01-15,10.20443058013916,22.798460006713867,104.08000183105469,45.71854782104492,86.4115982055664,36.37490463256836,87.94816589355469,80.42404174804688,93.79092407226562,159.1761932373047,95.6219253540039,50.79985809326172
2016-01-19,10.119889259338379,23.134912490844727,103.9800033569336,45.56007766723633,86.29960632324219,36.69223403930664,86.76229858398438,80.0646743774414,93.99553680419922,159.3880615234375,95.32537078857422,51.068756103515625
2016-01-20,10.04379940032959,22.630239486694336,105.37000274658203,45.254920959472656,86.7237319946289,35.80665969848633,87.12245178222656,80.1844711303711,93.70722198486328,157.3455352783203,96.32908630371094,49.69743347167969
2016-01-21,10.179068565368652,22.718358993530273,105.48999786376953,45.56007766723633,86.5076675415039,36.05757141113281,86.92044067382812,79.95191955566406,93.80020904541016,158.2269744873047,95.67510986328125,49.9730224609375
2016-01-22,10.48342514038086,23.495397567749023,105.0,46.25838851928711,86.31566619873047,37.1350212097168,89.04622650146484,80.00127410888672,96.5160903930664,161.4729766845703,95.31015014648438,51.36454391479492
2016-01-25,10.255158424377441,23.094863891601562,106.08000183105469,45.80065155029297,86.60369873046875,36.64058303833008,87.06974792480469,79.91671752929688,95.08374786376953,159.0321044921875,95.8272476196289,51.041873931884766
2016-01-26,10.458063125610352,23.431310653686523,107.29000091552734,46.211429595947266,86.6677017211914,37.28999710083008,88.80903625488281,80.14220428466797,95.93943786621094,161.20179748535156,95.87284851074219,52.110694885253906
2016-01-27,10.584877014160156,23.3512020111084,107.69000244140625,46.1410026550293,86.73167419433594,37.04645919799805,87.58802795410156,79.92372131347656,93.54910278320312,159.44740295410156,95.85005187988281,51.10235595703125
2016-01-28,10.703239440917969,23.719696044921875,106.54000091552734,46.375736236572266,86.84371948242188,37.17192077636719,87.5704345703125,80.01538848876953,94.86982727050781,160.27798461914062,95.9869613647461,50.712467193603516
2016-01-29,10.804693222045898,24.48872184753418,106.94999694824219,46.52833938598633,87.30786895751953,37.843482971191406,90.44293975830078,80.43107604980469,96.8509521484375,164.1851348876953,96.8005142211914,51.75440979003906
2016-02-01,10.601787567138672,24.256418228149414,108.05000305175781,46.251731872558594,87.10670471191406,37.82133865356445,90.03003692626953,80.17455291748047,97.1113510131836,164.12579345703125,96.50421142578125,51.841800689697266
2016-02-02,10.415790557861328,23.471364974975586,108.08999633789062,45.92149353027344,87.72376251220703,36.92839431762695,88.08871459960938,80.32299041748047,95.00934600830078,161.1679229736328,98.29456329345703,51.37124252319336
2016-02-03,10.677876472473145,24.136253356933594,109.25,46.14558410644531,87.62760162353516,37.24571990966797,88.20294189453125,80.12507629394531,94.55359649658203,162.1341094970703,97.47940826416016,51.714080810546875
2016-02-04,10.660967826843262,24.320497512817383,110.56999969482422,45.99815368652344,87.8359603881836,37.253089904785156,88.5455322265625,80.1603775024414,94.54429626464844,162.38836669921875,97.9516830444336,51.74097442626953
2016-02-05,10.593332290649414,24.040122985839844,112.31999969482422,45.6442985534668,87.9480972290039,36.684852600097656,86.12104034423828,80.14629364013672,91.26103210449219,159.29483032226562,98.06598663330078,50.7595329284668
2016-02-08,10.542607307434082,23.711685180664062,113.83000183105469,45.11358642578125,88.60523986816406,36.02805709838867,84.706787109375,80.56321716308594,89.86590576171875,157.15060424804688,100.1763687133789,49.307518005371094
2016-02-09,10.272067070007324,23.383249282836914,113.58000183105469,44.94255447387695,88.6212387084961,35.60002899169922,84.13580322265625,80.28760528564453,89.58685302734375,157.1590576171875,100.28302001953125,48.4000358581543
2016-02-10,10.288975715637207,23.4793758392334,114.45999908447266,44.877689361572266,88.88574981689453,35.57051086425781,84.17971801757812,80.38656616210938,89.93101501464844,157.02342224121094,101.16675567626953,48.736148834228516
2016-02-11,10.415790557861328,23.08685302734375,119.05999755859375,44.57691192626953,89.29438018798828,35.105587005615234,83.26617431640625,80.65511322021484,89.80081939697266,154.98092651367188,101.87525939941406,48.04375076293945
2016-02-12,10.567970275878906,23.48738670349121,118.36000061035156,45.2432975769043,88.6132583618164,35.622169494628906,84.84733581542969,80.20282745361328,91.16802978515625,158.17613220214844,100.1839599609375,48.59496307373047
2016-02-16,10.44960880279541,24.008081436157227,114.7699966430664,45.28459167480469,88.34881591796875,36.315860748291016,86.85891723632812,79.8211898803711,93.22356414794922,160.84579467773438,99.125,49.4890251159668
2016-02-17,10.669422149658203,24.480710983276367,115.4800033569336,45.65611267089844,88.13247680664062,36.980045318603516,88.2204818725586,79.8000259399414,95.33486938476562,163.4732208251953,98.51551818847656,49.91252517700195
2016-02-18,10.610240936279297,24.336523056030273,118.29000091552734,45.69739532470703,88.54112243652344,36.861976623535156,87.79882049560547,80.45015716552734,94.24665832519531,162.80364990234375,99.72681427001953,50.41669845581055
2016-02-19,10.517244338989258,24.2243709564209,117.58000183105469,45.785858154296875,88.54112243652344,36.80293273925781,88.2380599975586,80.39363098144531,94.52569580078125,162.72735595703125,99.81062316894531,50.705745697021484
2016-02-22,10.677876472473145,24.825170516967773,115.48999786376953,46.180973052978516,88.4529800415039,37.2161979675293,89.22188568115234,80.55614471435547,96.06033325195312,165.0835418701172,99.75729370117188,51.18974304199219
2016-02-23,10.534152030944824,24.29646873474121,117.22000122070312,46.08663558959961,88.62925720214844,36.603675842285156,88.40494537353516,80.71871185302734,94.47918701171875,162.9986114501953,100.1611099243164,51.0553092956543
2016-02-24,10.669422149658203,24.240394592285156,117.61000061035156,46.16327667236328,88.62925720214844,36.544639587402344,89.25702667236328,80.79646301269531,95.3813705444336,163.74441528320312,99.96299743652344,50.99481201171875
2016-02-25,10.660967826843262,24.320497512817383,117.91999816894531,46.41093063354492,88.89374542236328,37.00218963623047,90.0739517211914,81.24870300292969,96.32079315185547,165.72760009765625,100.32109832763672,52.0367546081543
2016-02-26,10.644059181213379,24.08017921447754,117.11000061035156,46.72352600097656,88.4609603881836,36.861976623535156,90.64495849609375,81.22046661376953,96.19985961914062,165.3462677001953,99.3534927368164,51.76786804199219
2016-02-29,10.779329299926758,24.288455963134766,118.63999938964844,47.22475814819336,88.60523986816406,36.64795684814453,90.24087524414062,81.27700805664062,95.33486938476562,164.0495147705078,99.78778076171875,51.56619644165039
2016-03-01,10.7877836227417,25.153614044189453,117.7699966430664,47.97114562988281,87.91271209716797,37.63685607910156,92.18220520019531,80.83405303955078,98.3948974609375,167.90582275390625,98.03071594238281,53.01819610595703
2016-03-02,10.846963882446289,25.49006462097168,118.68000030517578,47.645076751708984,87.76021575927734,37.87300109863281,93.13091278076172,80.99702453613281,98.4321060180664,168.66014099121094,98.43521881103516,53.40137481689453
2016-03-03,10.906145095825195,25.7784481048584,120.7300033569336,47.8051643371582,87.86458587646484,38.22721862792969,94.10596466064453,81.3797378540039,98.2460708618164,169.3212432861328,98.7939453125,53.6837043762207
2016-03-04,11.117504119873047,26.291133880615234,120.54000091552734,47.94149398803711,87.56758880615234,38.53718185424805,94.62423706054688,81.3656005859375,98.28328704833984,169.87213134765625,98.16041564941406,53.69041442871094
2016-03-07,11.320409774780273,26.25107765197754,121.13999938964844,48.00079345703125,87.39105224609375,38.49290084838867,95.6519775390625,81.45773315429688,97.67870330810547,170.0077362060547,98.12992858886719,53.831581115722656
2016-03-08,11.168229103088379,25.802478790283203,120.58000183105469,47.66286849975586,87.89664459228516,38.050106048583984,93.34172058105469,81.89006042480469,96.86953735351562,168.151611328125,99.21379089355469,53.280364990234375
2016-03-09,11.33731746673584,25.962692260742188,119.58000183105469,47.78142166137695,87.55155181884766,38.219852447509766,93.81611633300781,81.79793548583984,97.49267578125,168.9822235107422,98.61080169677734,53.57615661621094
2016-03-10,11.320409774780273,26.002744674682617,121.5,48.11342239379883,87.23860168457031,38.16819381713867,93.05184173583984,82.13814544677734,97.34387969970703,169.1177978515625,98.20629119873047,53.3812141418457
2016-03-11,11.36268138885498,26.547473907470703,119.41000366210938,48.69438552856445,86.98979187011719,39.157081604003906,95.04586791992188,82.3720474243164,99.04598236083984,171.84686279296875,97.2139663696289,54.5777587890625
2016-03-14,11.261228561401367,26.38726234436035,117.87000274658203,48.558006286621094,87.05400085449219,39.09066390991211,94.79988861083984,82.61302185058594,99.21336364746094,171.62652587890625,97.51924896240234,54.58447265625
2016-03-15,11.168229103088379,26.01075553894043,117.95999908447266,48.10749053955078,87.03799438476562,38.71429443359375,93.32415008544922,82.58466339111328,99.17616271972656,171.3468780517578,97.61087036132812,54.611366271972656
2016-03-16,11.36268138885498,26.531450271606445,120.58999633789062,48.42759704589844,87.49539184570312,39.10542297363281,93.98296356201172,82.98151397705078,100.05976104736328,172.33843994140625,97.90093231201172,55.270137786865234
2016-03-17,11.489498138427734,27.116235733032227,120.12999725341797,48.735877990722656,87.5916976928711,39.42274475097656,95.42357635498047,83.2366943359375,100.00398254394531,173.43182373046875,98.30543518066406,56.04991912841797
2016-03-18,11.481042861938477,27.26043128967285,119.80000305175781,48.8484992980957,87.74419403076172,39.341575622558594,96.28445434570312,83.42809295654297,100.1606674194336,174.1133575439453,98.5115966796875,55.80791091918945
2016-03-21,11.514860153198242,27.316499710083008,118.95999908447266,48.79518127441406,87.49539184570312,39.26777648925781,96.0560531616211,83.3288803100586,100.552490234375,174.3603515625,97.75590515136719,55.304222106933594
2016-03-22,11.599403381347656,27.252418518066406,119.30999755859375,48.66470718383789,87.31080627441406,39.20136260986328,95.94186401367188,83.17291259765625,100.86031341552734,174.26666259765625,97.7330093383789,55.304222106933594
2016-03-23,11.354226112365723,26.787792205810547,116.61000061035156,48.4394645690918,87.71209716796875,38.802852630615234,94.16828155517578,83.59111785888672,100.03008270263672,173.1166229248047,98.83975982666016,55.005149841308594
2016-03-24,11.286592483520508,26.723711013793945,116.33000183105469,48.22605514526367,87.62379455566406,38.57407760620117,94.45022583007812,83.55562591552734,100.05809020996094,173.03990173339844,98.87792205810547,55.02553176879883
2016-03-28,11.320409774780273,26.81183433532715,116.5999984741211,48.00669479370117,87.752197265625,38.802852630615234,94.56475067138672,83.60527801513672,99.91813659667969,173.14212036132812,99.0076904296875,55.52174377441406
2016-03-29,11.295045852661133,27.180315017700195,118.76000213623047,48.19047927856445,88.34599304199219,39.216121673583984,97.19032287597656,83.98091125488281,101.52265167236328,174.74374389648438,100.04582977294922,56.72489929199219
2016-03-30,11.252774238586426,27.4606990814209,117.0999984741211,48.36241149902344,88.22563171386719,39.51869201660156,97.19915008544922,83.88167572021484,102.0170669555664,175.51040649414062,98.9924087524414,56.61613845825195
2016-03-31,11.235865592956543,27.43666648864746,117.63999938964844,48.42759704589844,88.5466537475586,39.216121673583984,97.47227478027344,84.21481323242188,101.86780548095703,175.08445739746094,99.69467163085938,56.962806701660156
2016-04-01,11.04141616821289,27.3565616607666,116.93000030517578,48.46274185180664,88.52091217041016,38.75118637084961,97.90403747558594,84.48631286621094,102.94990539550781,176.2771453857422,99.95475769042969,56.888038635253906
2016-04-04,10.889236450195312,27.028112411499023,116.1500015258789,48.343631744384766,88.62541198730469,38.7216796875,97.08463287353516,84.49336242675781,102.55812072753906,175.70632934570312,100.01590728759766,56.80645751953125
2016-04-05,10.863873481750488,26.499406814575195,117.66000366210938,48.16496658325195,88.97901153564453,37.93941116333008,95.98328399658203,84.76348876953125,101.56929779052734,173.9514617919922,101.1097183227539,56.43260192871094
2016-04-06,10.982234954833984,26.819843292236328,116.94000244140625,48.5699577331543,88.78612518310547,38.52979278564453,97.0669937133789,84.69247436523438,103.2391128540039,175.85122680664062,100.37540435791016,56.56856155395508
2016-04-07,10.948416709899902,26.283123016357422,118.61000061035156,48.331722259521484,89.2442626953125,37.99108123779297,95.75418090820312,84.91985321044922,101.75586700439453,173.7469940185547,101.61451721191406,56.2150993347168
2016-04-08,11.210503578186035,26.739730834960938,118.43000030517578,48.5521125793457,89.10763549804688,38.74382019042969,96.133056640625,84.72798156738281,101.68120574951172,174.21556091308594,100.97200775146484,56.52775955200195
2016-04-11,11.295045852661133,27.08418846130371,120.02999877929688,48.617610931396484,89.0915756225586,38.76595687866211,95.83348083496094,84.72086334228516,101.3080825805664,173.80662536621094,100.84198760986328,56.41221237182617
2016-04-12,11.540223121643066,27.500751495361328,120.05000305175781,48.90346908569336,88.7379150390625,39.326812744140625,96.86432647705078,84.3868179321289,102.15699005126953,175.42527770996094,100.14592742919922,56.8200569152832
2016-04-13,11.599403381347656,27.98940086364746,118.7699966430664,49.225101470947266,88.80223846435547,39.9245719909668,98.95246887207031,84.67825317382812,103.46297454833984,177.19720458984375,100.49784088134766,56.56856155395508
2016-04-14,11.5064058303833,27.853221893310547,117.11000061035156,49.207252502441406,88.5932846069336,39.983604431152344,98.8291244506836,84.62134552001953,103.47230529785156,177.2057342529297,100.01590728759766,56.2558708190918
2016-04-15,11.464134216308594,27.69300079345703,117.91999816894531,49.12980651855469,88.85848999023438,39.88030242919922,99.07579803466797,84.97674560546875,103.21110534667969,177.00982666015625,100.87259674072266,56.67732620239258
2016-04-18,11.514860153198242,27.821182250976562,117.73999786376953,49.409732818603516,88.77008056640625,40.22714614868164,99.82473754882812,85.06912231445312,103.76155090332031,178.25355529785156,100.43660736083984,56.949195861816406
2016-04-19,11.760037422180176,28.245744705200195,119.58000183105469,49.618194580078125,88.62541198730469,40.935604095458984,99.90399932861328,85.22551727294922,103.12715911865234,178.81590270996094,100.12297058105469,56.976409912109375
2016-04-20,11.98830509185791,28.117568969726562,118.97000122070312,49.713478088378906,88.17537689208984,40.92084884643555,100.05380249023438,84.990966796875,103.21110534667969,178.98626708984375,99.02156829833984,56.01116943359375
2016-04-21,11.937578201293945,27.83719253540039,119.41999816894531,49.558631896972656,88.03065490722656,40.66993713378906,99.55159759521484,84.95539093017578,103.2204360961914,178.02357482910156,98.43260955810547,55.011932373046875
2016-04-22,11.88685417175293,27.668977737426758,117.88999938964844,49.67179870605469,87.9342041015625,40.67730712890625,100.53839111328125,85.04777526855469,101.66259002685547,178.02357482910156,98.18018341064453,55.610111236572266
2016-04-25,11.878398895263672,27.49274253845215,118.2300033569336,49.48119354248047,87.8377456665039,40.50757598876953,99.82473754882812,84.84880065917969,101.66259002685547,177.71685791015625,97.77479553222656,56.07233810424805
2016-04-26,12.0305757522583,27.789133071899414,118.69999694824219,49.647972106933594,87.65288543701172,40.633033752441406,100.80269622802734,84.813232421875,101.16817474365234,177.98097229003906,97.3311767578125,56.28985595703125
2016-04-27,12.140484809875488,27.957359313964844,119.04000091552734,49.9398078918457,88.13513946533203,40.692081451416016,101.15512084960938,85.3534164428711,100.3565673828125,178.34730529785156,98.3025894165039,56.2558708190918
2016-04-28,12.208117485046387,27.668977737426758,121.29000091552734,49.85641098022461,88.4405517578125,40.160736083984375,100.00092315673828,85.4316177368164,99.14387512207031,176.72866821289062,98.7080078125,56.14031219482422
2016-04-29,12.3264799118042,27.54881477355957,123.6500015258789,49.9398078918457,88.4084243774414,39.998374938964844,99.10224151611328,85.52401733398438,98.62146759033203,175.77456665039062,98.96040344238281,55.62371063232422
2016-05-02,12.157392501831055,27.476716995239258,123.23999786376953,49.95895004272461,88.15166473388672,40.39688491821289,99.98332977294922,85.41357421875,99.5543212890625,177.17169189453125,97.96405792236328,56.48698043823242
2016-05-03,11.971396446228027,26.699678421020508,122.95999908447266,49.635868072509766,88.67481231689453,39.747459411621094,98.34453582763672,85.56320190429688,98.63079071044922,175.6297607421875,99.19793701171875,56.575355529785156
2016-05-04,11.979850769042969,26.267099380493164,122.20999908447266,49.45038986206055,88.8357925415039,39.28990936279297,97.5339584350586,85.42070770263672,97.9964599609375,174.65003967285156,99.74211120605469,57.384239196777344
2016-05-05,11.861489295959473,26.25908851623535,122.06999969482422,49.40852355957031,89.07727813720703,39.2603874206543,97.14630889892578,85.59172058105469,97.96845245361328,174.615966796875,100.4089126586914,57.54741287231445
2016-05-06,11.937578201293945,26.29914665222168,123.18000030517578,49.37857437133789,88.8680191040039,39.363712310791016,97.71897888183594,85.40641021728516,98.4908676147461,175.2548370361328,99.97969818115234,58.17954635620117
2016-05-09,11.675494194030762,25.962692260742188,120.6500015258789,49.28882598876953,89.03703308105469,39.27516174316406,98.00090026855469,85.32090759277344,98.77072143554688,175.39971923828125,100.29393005371094,58.81850814819336
2016-05-10,11.962942123413086,26.459354400634766,120.9800033569336,49.707645416259766,89.02092742919922,39.82864761352539,98.98771667480469,85.46342468261719,100.12335205078125,177.58059692382812,100.30164337158203,58.81172180175781
2016-05-11,12.241936683654785,26.395273208618164,122.12000274658203,49.67176818847656,89.1577377319336,39.489158630371094,97.76302337646484,85.55607604980469,99.21847534179688,175.91937255859375,100.86878967285156,57.554176330566406
2016-05-12,12.258845329284668,26.32317352294922,121.16000366210938,49.74951171875,88.91632080078125,39.47440719604492,97.24320220947266,85.37788391113281,98.78005981445312,175.97047424316406,100.4089126586914,57.88726043701172
2016-05-13,12.241936683654785,25.850542068481445,121.70999908447266,49.52816390991211,89.25434875488281,39.0463752746582,96.60003662109375,85.53471374511719,98.41622924804688,174.43704223632812,101.38228607177734,57.37065505981445
2016-05-16,12.377206802368164,26.162965774536133,121.80000305175781,49.803409576416016,88.932373046875,39.51131057739258,97.82470703125,85.2496337890625,99.64761352539062,176.15785217285156,100.50859069824219,57.91445541381836
2016-05-17,12.47020435333252,26.042795181274414,122.22000122070312,49.701690673828125,88.81168365478516,39.2603874206543,96.27404022216797,85.22114562988281,98.3975830078125,174.5137481689453,100.67719268798828,56.84046173095703
2016-05-18,12.377206802368164,25.786455154418945,120.0999984741211,49.707645416259766,88.0953140258789,39.26777648925781,96.77621459960938,84.49420928955078,98.7520751953125,174.5648651123047,99.24397277832031,55.94997787475586
2016-05-19,12.343389511108398,25.54613494873047,119.87000274658203,49.57003402709961,88.18382263183594,39.0463752746582,96.00089263916016,84.69371795654297,98.23897552490234,173.9600067138672,99.67317199707031,55.32463836669922
2016-05-20,12.39411449432373,25.802478790283203,119.70999908447266,49.74357604980469,88.24018096923828,39.33418273925781,97.61322784423828,84.75074768066406,99.32111358642578,175.0589141845703,99.74980926513672,55.76646423339844
2016-05-23,12.3264799118042,25.754419326782227,119.37000274658203,49.75551986694336,88.2965087890625,39.25300979614258,97.49873352050781,84.75074768066406,99.19052124023438,174.8203887939453,99.97209167480469,55.77324295043945
2016-05-24,12.3264799118042,26.01876449584961,117.30000305175781,50.054718017578125,88.15166473388672,39.80650329589844,99.5075454711914,84.60823059082031,101.17748260498047,177.08644104003906,99.52754974365234,56.466590881347656
2016-05-25,12.47020435333252,26.331186294555664,116.9800033569336,50.132450103759766,88.11144256591797,40.17548370361328,100.08902740478516,84.75789642333984,101.90509796142578,178.2876739501953,99.15196990966797,56.466590881347656
2016-05-26,12.461750030517578,26.50741958618164,116.58000183105469,49.988868713378906,88.38504791259766,40.25667190551758,99.9744873046875,85.00020599365234,102.20361328125,178.3388214111328,99.66547393798828,56.575355529785156
2016-05-27,12.512475967407227,26.499406814575195,115.62000274658203,50.07262420654297,88.21607208251953,40.190242767333984,100.97010040283203,84.93608093261719,102.7353515625,179.10548400878906,99.51988220214844,56.88124465942383
2016-05-31,12.436387062072754,26.531450271606445,116.05999755859375,50.02476501464844,88.32067108154297,40.050025939941406,101.32254791259766,85.08572387695312,102.93128204345703,178.76470947265625,99.75743865966797,56.874420166015625
2016-06-01,12.563201904296875,26.51542854309082,115.94000244140625,50.10411071777344,88.29085540771484,39.998374938964844,102.00975036621094,85.14580535888672,102.94055938720703,179.13108825683594,100.16220092773438,56.922019958496094
2016-06-02,12.588565826416016,26.731721878051758,115.66999816894531,50.116146087646484,88.56491088867188,40.035282135009766,102.79390716552734,85.31727600097656,103.15514373779297,179.67625427246094,100.88414001464844,57.21430587768555
2016-06-03,12.67310905456543,27.14026641845703,118.87999725341797,50.20633316040039,89.38713073730469,40.30833053588867,102.17716979980469,86.00334167480469,102.67002868652344,179.13958740234375,102.32025909423828,57.4454460144043
2016-06-06,12.825288772583008,27.428653717041016,118.91999816894531,50.42878723144531,89.15336608886719,40.52234649658203,103.27849578857422,85.79610443115234,103.0431900024414,180.0511474609375,101.55997467041016,57.00360107421875
2016-06-07,12.952102661132812,27.676984786987305,118.81999969482422,50.65120315551758,89.28231048583984,40.80276870727539,103.57807159423828,85.92474365234375,102.78201293945312,180.3322296142578,101.80569458007812,57.35026931762695
2016-06-08,13.171917915344238,27.877248764038086,120.58000183105469,50.84357833862305,89.38713073730469,40.91346740722656,104.34458923339844,86.21060943603516,102.9592514038086,180.92005920410156,102.35100555419922,57.71733093261719
2016-06-09,13.146554946899414,27.55682373046875,121.25,50.64519119262695,89.52413177490234,40.40425491333008,103.67496490478516,86.33211517333984,102.79134368896484,180.6730194091797,103.011474609375,57.846500396728516
2016-06-10,12.985921859741211,26.859893798828125,121.73999786376953,50.39870834350586,89.83849334716797,39.27516174316406,102.26526641845703,86.43214416503906,101.62525939941406,178.96067810058594,103.51067352294922,57.57457733154297
2016-06-13,12.985921859741211,26.48339080810547,122.63999938964844,50.06203842163086,90.01590728759766,38.684776306152344,101.15512084960938,86.30349731445312,100.7763442993164,177.58059692382812,103.97142028808594,57.58818054199219
2016-06-14,12.90137767791748,26.395273208618164,122.7699966430664,49.8936767578125,89.99169158935547,38.101776123046875,100.86438751220703,86.11054992675781,100.7763442993164,177.2313232421875,103.8946304321289,57.43861770629883
2016-06-15,12.83374309539795,26.675643920898438,123.68000030517578,49.91775894165039,90.26573944091797,38.36006546020508,100.93487548828125,86.43214416503906,100.48719024658203,176.9842529296875,104.29403686523438,57.982444763183594
2016-06-16,12.61392879486084,26.579517364501953,122.37999725341797,49.947792053222656,90.36249542236328,38.3969612121582,100.92606353759766,86.56076049804688,100.78570556640625,177.5124053955078,104.80089569091797,58.30870056152344
2016-06-17,12.909832000732422,26.651611328125,123.94999694824219,49.977848052978516,90.05615997314453,38.780704498291016,100.49434661865234,86.30349731445312,99.6043472290039,176.8513641357422,104.14810180664062,58.21354675292969
2016-06-20,13.028192520141602,27.124242782592773,123.20999908447266,50.2724609375,89.66928100585938,39.7105598449707,101.58685302734375,86.19631958007812,100.23101043701172,177.99024963378906,103.03453063964844,58.295108795166016
2016-06-21,12.926741600036621,27.332523345947266,120.83999633789062,50.46485137939453,89.4677734375,40.02790069580078,101.39302062988281,86.11767578125,100.54902648925781,178.4955291748047,102.55836486816406,58.517333984375
2016-06-22,12.850650787353516,27.401952743530273,120.9000015258789,50.512943267822266,89.64508819580078,39.97903060913086,100.99653625488281,86.27497100830078,100.30587005615234,178.20436096191406,102.72727966308594,58.42817306518555
2016-06-23,12.952102661132812,28.063997268676758,120.11000061035156,50.88569259643555,89.21785736083984,41.07661056518555,102.92607879638672,86.18915557861328,101.73692321777344,180.5250244140625,101.55223083496094,58.72308349609375
2016-06-24,12.690018653869629,26.360454559326172,126.0,50.050010681152344,90.45112609863281,37.5357780456543,99.01415252685547,86.59654998779297,97.5466079711914,174.04251098632812,104.27869415283203,58.20182418823242
2016-06-27,12.664654731750488,26.021366119384766,126.68000030517578,49.328582763671875,91.2330551147461,36.76898193359375,95.76300811767578,86.96101379394531,95.61045837402344,170.92550659179688,106.8821792602539,58.24297332763672
2016-06-28,12.867561340332031,26.788358688354492,125.31999969482422,49.947792053222656,91.2169418334961,37.776344299316406,97.24320220947266,87.43980407714844,97.70562744140625,174.00823974609375,107.10486602783203,59.470672607421875
2016-06-29,13.053556442260742,27.4665470123291,125.83999633789062,50.57904815673828,90.8461685180664,38.43790817260742,99.45465087890625,87.4112548828125,99.43599700927734,176.97120666503906,106.2830810546875,60.19083023071289
2016-06-30,12.97746753692627,27.741050720214844,126.47000122070312,50.92174530029297,91.04772186279297,39.009239196777344,101.30491638183594,87.71856689453125,100.5864486694336,179.38609313964844,106.67476654052734,60.81496047973633
2016-07-01,13.138100624084473,28.007478713989258,128.41000366210938,51.02263259887695,91.28824615478516,39.05434799194336,101.66614532470703,88.17787170410156,101.09153747558594,179.76290893554688,108.15601348876953,60.83553695678711
2016-07-05,12.766107559204102,27.410024642944336,129.47000122070312,50.73268127441406,91.7886962890625,38.1898193359375,100.1683578491211,88.47886657714844,100.47419738769531,178.46983337402344,109.51001739501953,61.507659912109375
2016-07-06,12.816835403442383,27.337364196777344,130.22999572753906,50.95620346069336,91.80484771728516,38.15223693847656,100.89564514160156,88.63652801513672,101.29731750488281,179.5402374267578,109.6870346069336,61.240196228027344
2016-07-07,12.453295707702637,27.26470375061035,129.74000549316406,51.02263259887695,91.68377685546875,38.0469856262207,101.10826873779297,88.65081787109375,101.59662628173828,179.4289093017578,109.67940521240234,60.60920333862305
2016-07-08,12.580111503601074,27.85407829284668,130.52000427246094,51.69914245605469,91.86136627197266,38.61832809448242,103.46479797363281,89.14532470703125,103.16799926757812,182.1006317138672,110.48719787597656,61.58995819091797
2016-07-11,12.529385566711426,28.120513916015625,129.2899932861328,51.729373931884766,91.37704467773438,39.18967056274414,104.6607666015625,88.91593933105469,103.75724792480469,182.742919921875,109.5177993774414,62.00149154663086
2016-07-12,12.766107559204102,28.516115188598633,127.1500015258789,51.87430953979492,90.83621215820312,39.70087432861328,106.06051635742188,88.41437530517578,104.28104400634766,184.0702667236328,107.7173843383789,61.99462127685547
2016-07-13,12.605474472045898,28.46767807006836,128.32000732421875,51.72333526611328,91.07028198242188,39.670799255371094,105.64410400390625,88.7583236694336,104.02852630615234,184.04461669921875,108.9869155883789,62.337547302246094
2016-07-14,12.656201362609863,28.879432678222656,127.33000183105469,51.825992584228516,90.69088745117188,40.00157928466797,105.75043487548828,88.54337310791016,104.7393798828125,185.0721893310547,107.40184020996094,61.78201675415039
2016-07-15,12.622383117675781,28.814842224121094,126.83999633789062,51.72333526611328,90.34375762939453,39.76853942871094,106.04278564453125,88.20653533935547,104.57099914550781,184.82386779785156,106.47859191894531,61.80259704589844
2016-07-18,12.563201904296875,29.073192596435547,127.04000091552734,51.898494720458984,90.31957244873047,39.86626434326172,106.21994018554688,88.20653533935547,105.26315307617188,185.32052612304688,106.37861633300781,61.967193603515625
2016-07-19,12.487112998962402,28.77448081970215,127.20999908447266,51.759552001953125,90.56172943115234,39.56555938720703,105.68843078613281,88.36419677734375,104.87965393066406,185.1321258544922,106.97871398925781,62.26896667480469
2016-07-20,12.402569770812988,28.919797897338867,125.38999938964844,51.892425537109375,90.37606048583984,39.90385437011719,106.37940979003906,88.3355712890625,106.10494995117188,185.90284729003906,106.39395141601562,62.27579879760742
2016-07-21,12.33493423461914,28.83099365234375,127.30000305175781,51.81995391845703,90.57782745361328,39.77605438232422,105.87445068359375,88.43584442138672,105.86178588867188,185.20068359375,106.60942077636719,62.3993034362793
2016-07-22,12.309571266174316,29.040910720825195,126.3499984741211,52.049476623535156,90.50521850585938,39.81364059448242,106.66290283203125,88.38570404052734,106.3013687133789,186.0312957763672,106.7940444946289,62.94797897338867
2016-07-25,12.174302101135254,28.750255584716797,125.47000122070312,51.80183029174805,90.43254089355469,39.798606872558594,106.5034408569336,88.3355712890625,106.3107681274414,185.52603149414062,106.71704864501953,62.83137130737305
2016-07-26,12.123575210571289,28.97631072998047,126.0,51.60249710083008,90.48908996582031,39.96399688720703,107.01726531982422,88.24955749511719,106.43233489990234,185.61166381835938,106.88639831542969,62.52275085449219
2016-07-27,12.005213737487793,29.073192596435547,128.02999877929688,51.759552001953125,90.87654113769531,40.159446716308594,107.31849670410156,88.61504364013672,107.1712646484375,185.4147186279297,108.21749877929688,62.035770416259766
2016-07-28,11.971396446228027,29.081274032592773,127.66000366210938,51.5421142578125,90.92499542236328,40.144412994384766,107.04383087158203,88.52906036376953,107.54541778564453,185.62881469726562,108.01741790771484,62.61189651489258
2016-07-29,12.07284927368164,29.234678268432617,128.97999572753906,51.59039306640625,91.27207946777344,40.64058303833008,107.25647735595703,88.8514633178711,107.77922821044922,185.9285430908203,108.91767883300781,63.40747833251953
2016-08-01,11.861489295959473,29.178159713745117,129.22000122070312,51.30101013183594,90.95523071289062,40.34739303588867,107.34506225585938,88.35070037841797,108.3497543334961,185.7744140625,107.7367172241211,63.544700622558594
2016-08-02,11.84458065032959,28.968242645263672,130.27000427246094,51.22816467285156,90.73697662353516,40.182010650634766,105.84788513183594,87.85501098632812,107.52666473388672,184.58407592773438,106.6267318725586,62.52958679199219
2016-08-03,12.039030075073242,29.065128326416016,129.64999389648438,51.45875549316406,90.78543090820312,40.024131774902344,106.70722961425781,87.96990203857422,107.88212585449219,185.1235809326172,106.68843841552734,62.166099548339844
2016-08-04,12.089756965637207,29.226598739624023,129.8699951171875,51.78640365600586,91.0036849975586,40.25718307495117,106.80464935302734,88.34354400634766,108.1907730102539,185.32052612304688,107.49011993408203,61.912296295166016
2016-08-05,12.140484809875488,29.565692901611328,127.55000305175781,51.90167999267578,90.4378662109375,40.40753936767578,108.34614562988281,87.98431396484375,109.2289810180664,186.83624267578125,106.37242889404297,61.95345687866211
2016-08-08,12.208117485046387,29.775606155395508,127.44000244140625,52.114044189453125,90.38935852050781,40.490230560302734,108.29297637939453,88.04180908203125,109.10741424560547,186.72491455078125,106.57284545898438,62.063201904296875
2016-08-09,12.174302101135254,29.977453231811523,127.95999908447266,52.296058654785156,90.71270751953125,40.8134880065918,108.40812683105469,88.55908203125,109.35994720458984,186.83624267578125,107.62117004394531,62.3993034362793
2016-08-10,12.0305757522583,29.985519409179688,128.55999755859375,52.19900894165039,90.95523071289062,40.95632553100586,107.62855529785156,88.81050872802734,109.079345703125,186.37387084960938,108.03736877441406,62.3306999206543
2016-08-11,12.216571807861328,30.373056411743164,127.66999816894531,52.32640838623047,90.51866149902344,41.26455307006836,108.14237213134766,88.51600646972656,109.54702758789062,187.2387237548828,107.07386779785156,61.62425994873047
2016-08-12,12.309571266174316,30.260026931762695,127.4000015258789,52.36888122558594,90.84205627441406,41.16682052612305,108.24868774414062,88.91830444335938,109.6218032836914,187.07606506347656,107.9757080078125,61.88489532470703
2016-08-15,12.512475967407227,30.57489585876465,127.83999633789062,52.526641845703125,90.57534790039062,41.317176818847656,109.32060241699219,88.64530181884766,110.08951568603516,187.6155242919922,106.9582748413086,61.82316970825195
2016-08-16,12.61392879486084,30.43764877319336,128.47000122070312,52.417415618896484,90.42169952392578,41.22697830200195,108.43473815917969,88.48719787597656,109.4815444946289,186.64784240722656,106.6730728149414,61.08243179321289
2016-08-17,12.664654731750488,30.243871688842773,128.5,52.490230560302734,90.56719207763672,41.22697830200195,108.11577606201172,88.73149871826172,109.677978515625,186.9989471435547,107.31273651123047,61.3293571472168
2016-08-18,12.825288772583008,30.526456832885742,129.11000061035156,52.6965217590332,90.7288818359375,41.4299430847168,108.91311645507812,88.94709014892578,109.7060317993164,187.41860961914062,107.4823989868164,61.10300827026367
2016-08-19,12.783016204833984,30.35690689086914,127.97000122070312,52.53877639770508,90.42169952392578,41.11419677734375,108.91311645507812,88.68119812011719,109.677978515625,187.14456176757812,106.919677734375,60.71207046508789
2016-08-22,12.664654731750488,29.95322608947754,127.77999877929688,52.453826904296875,90.6238021850586,41.17433547973633,109.16114807128906,88.98299407958984,109.76216125488281,187.13597106933594,107.82152557373047,61.041297912597656
2016-08-23,12.715381622314453,29.832124710083008,127.76000213623047,52.6297607421875,90.6156997680664,41.36227798461914,109.92301940917969,89.08354949951172,109.95857238769531,187.5127410888672,107.93716430664062,61.07556915283203
2016-08-24,12.563201904296875,29.912860870361328,126.33999633789062,52.484169006347656,90.5833740234375,41.27207565307617,109.02826690673828,89.026123046875,109.24771881103516,186.55369567871094,107.68276977539062,60.80810546875
2016-08-25,12.61392879486084,29.937084197998047,126.2300033569336,52.58125305175781,90.4378662109375,41.09164810180664,109.2408676147461,88.93987274169922,109.06999969482422,186.42526245117188,107.27429962158203,61.08243179321289
2016-08-26,12.571656227111816,29.678722381591797,126.05000305175781,52.52054214477539,90.09024810791016,40.82853317260742,109.01941680908203,88.65963745117188,109.2289810180664,186.07412719726562,106.64988708496094,60.4788932800293
2016-08-29,12.520931243896484,29.904781341552734,126.30000305175781,52.78145980834961,90.46212768554688,40.97136688232422,109.58639526367188,89.16259002685547,109.37864685058594,186.99037170410156,108.075927734375,61.07556915283203
2016-08-30,12.402569770812988,29.824045181274414,125.02999877929688,52.81181335449219,90.45401763916016,40.88866424560547,109.79016876220703,89.04763793945312,109.02323150634766,186.68212890625,107.65965270996094,60.95897674560547
2016-08-31,12.165847778320312,29.493022918701172,124.77999877929688,52.60551071166992,90.34893035888672,40.79845428466797,109.17002868652344,89.01171875,108.9109878540039,186.1511688232422,107.81381225585938,61.020713806152344
2016-09-01,12.0305757522583,29.719091415405273,125.29000091552734,52.709716796875,90.4906234741211,41.10668182373047,109.249755859375,89.01171112060547,109.19156646728516,186.1597442626953,107.9327163696289,60.86983871459961
2016-09-02,12.165847778320312,30.203510284423828,126.56999969482422,52.95345687866211,90.25585174560547,41.535179138183594,110.3039779663086,88.8532485961914,109.54702758789062,186.9989471435547,107.05240631103516,61.397945404052734
2016-09-06,12.250391960144043,30.849409103393555,128.7100067138672,53.0143928527832,90.67679595947266,41.88100051879883,110.4102783203125,89.16300201416016,110.22978973388672,187.5641632080078,107.83236694335938,61.87115478515625
2016-09-07,12.360298156738281,30.75251579284668,128.27000427246094,52.868141174316406,90.72535705566406,41.93362808227539,111.1012954711914,89.04049682617188,110.29528045654297,187.54702758789062,107.75517272949219,62.241539001464844
2016-09-08,12.580111503601074,30.67177963256836,127.58999633789062,52.77063751220703,90.2801284790039,41.82086181640625,110.87980651855469,88.41385650634766,109.64988708496094,187.1188507080078,106.40375518798828,61.48023223876953
2016-09-09,12.385659217834473,29.638355255126953,126.75,52.264915466308594,89.85110473632812,40.99391555786133,107.41592407226562,87.7511215209961,106.8906478881836,182.6401824951172,104.65084838867188,59.04542541503906
2016-09-12,12.385659217834473,29.840192794799805,126.58999633789062,52.44768524169922,89.93206787109375,41.34724426269531,108.91311645507812,87.75836181640625,108.80809783935547,185.2606201171875,104.70494079589844,59.745018005371094
2016-09-13,12.225028038024902,29.089345932006836,125.75,52.045501708984375,89.60018157958984,40.52029800415039,106.8223648071289,87.47016906738281,107.83534240722656,182.59738159179688,103.5156478881836,58.24504852294922
2016-09-14,12.13202953338623,29.178159713745117,126.18000030517578,52.0333137512207,89.80255889892578,40.47519302368164,106.84007263183594,87.5278091430664,108.3497543334961,182.52883911132812,103.67009735107422,58.431488037109375
2016-09-15,12.19120979309082,29.678722381591797,125.37000274658203,52.338008880615234,89.82685089111328,40.84356689453125,108.11577606201172,87.58545684814453,110.03337860107422,184.3528594970703,103.22224426269531,58.65248107910156
2016-09-16,12.208117485046387,29.476886749267578,125.05999755859375,52.350196838378906,89.92401885986328,40.32483673095703,107.95634460449219,87.68630981445312,109.98088836669922,183.64024353027344,104.05621337890625,58.68013000488281
2016-09-19,12.199664115905762,29.711021423339844,125.31999969482422,52.380645751953125,89.77018737792969,40.55036926269531,108.67391204833984,87.65751647949219,109.50264739990234,183.67466735839844,103.71646118164062,59.21186828613281
2016-09-20,12.241936683654785,29.727169036865234,125.44000244140625,52.319725036621094,89.90779113769531,40.74583435058594,108.21324920654297,87.77271270751953,109.7089614868164,183.68333435058594,104.07937622070312,59.1220817565918
2016-09-21,12.39411449432373,30.558746337890625,127.2699966430664,52.75236892700195,90.05350494384766,41.46001052856445,109.78128814697266,88.21934509277344,110.78727722167969,185.74893188476562,104.92110443115234,59.88175582885742
2016-09-22,12.461750030517578,30.776744842529297,127.56999969482422,52.929080963134766,90.32064056396484,41.90354537963867,111.35820770263672,88.57950592041016,111.66871643066406,186.91941833496094,105.755126953125,60.95218276977539
2016-09-23,12.318024635314941,30.381134033203125,127.6500015258789,52.868141174316406,90.36107635498047,41.54270553588867,110.5697250366211,88.5146713256836,110.95606231689453,185.8951873779297,105.65470886230469,61.13863754272461
2016-09-26,12.402569770812988,29.937084197998047,127.55000305175781,52.6365966796875,90.62010955810547,41.17433547973633,109.47174835205078,88.6515884399414,110.0277328491211,184.38897705078125,106.32654571533203,61.28367614746094
2016-09-27,12.284207344055176,30.364992141723633,126.62000274658203,52.7889289855957,90.7739486694336,41.34724426269531,109.9159164428711,88.86764526367188,111.11548614501953,185.53367614746094,107.10647583007812,60.634517669677734
2016-09-28,12.571656227111816,30.63948631286621,126.22000122070312,53.14237594604492,90.73345184326172,41.7005729675293,110.75984954833984,88.92528533935547,111.30301666259766,186.45469665527344,106.87474822998047,61.131736755371094
2016-09-29,12.647746086120605,30.106630325317383,126.06999969482422,52.94126892089844,90.79010009765625,41.17433547973633,109.14305114746094,88.88925170898438,110.49662780761719,184.76771545410156,107.14508056640625,60.31682586669922
2016-09-30,12.690018653869629,30.23580551147461,125.63999938964844,53.1728401184082,90.56344604492188,41.45248794555664,110.34233093261719,88.73075866699219,111.32176208496094,186.1619873046875,106.18753051757812,59.902462005615234
2016-10-03,12.799924850463867,30.445722579956055,125.31999969482422,53.13977813720703,90.35274505615234,41.39986038208008,109.99588012695312,88.4794692993164,111.1623764038086,185.7144317626953,105.83708953857422,58.783714294433594
2016-10-04,12.766107559204102,30.106630325317383,120.97000122070312,53.04798126220703,89.93932342529297,41.354766845703125,109.45396423339844,88.06779479980469,110.99358367919922,184.76771545410156,104.59931182861328,57.982608795166016
2016-10-05,12.842196464538574,30.5426082611084,120.77999877929688,53.18873977661133,89.73670196533203,41.52766799926758,110.11134338378906,87.9738998413086,111.38739013671875,185.5853271484375,104.11199951171875,56.808624267578125
2016-10-06,12.867561340332031,30.56682777404785,119.66000366210938,53.219322204589844,89.55025482177734,41.302146911621094,109.99588012695312,87.98112487792969,111.33114624023438,185.7144317626953,103.5317611694336,56.82930374145508
2016-10-07,12.83374309539795,30.429574966430664,119.73999786376953,53.341773986816406,89.67994689941406,41.05406188964844,109.11639404296875,88.1905746459961,111.08736419677734,185.07749938964844,103.60140991210938,56.73262405395508
2016-10-10,12.97746753692627,30.760595321655273,120.16000366210938,53.494754791259766,89.44489288330078,41.14427185058594,110.42224884033203,88.1905746459961,111.79061126708984,186.04144287109375,102.99024200439453,57.0848274230957
2016-10-11,12.90137767791748,30.050113677978516,119.55000305175781,53.19486618041992,89.42057037353516,40.56540298461914,108.40571594238281,87.9161148071289,110.19654846191406,183.69186401367188,102.7581558227539,56.5323486328125
2016-10-12,12.808379173278809,29.99359893798828,119.73999786376953,53.17649459838867,89.42057037353516,40.51277542114258,108.31688690185547,88.03169250488281,110.10279846191406,183.93283081054688,102.85871124267578,57.1815071105957
2016-10-13,12.892923355102539,29.727169036865234,120.02999877929688,53.0418586730957,89.60699462890625,40.36994934082031,107.41963958740234,88.24833679199219,109.7089614868164,183.3303985595703,103.24552154541016,57.63040542602539
2016-10-14,12.90137767791748,29.775606155395508,119.36000061035156,53.16425704956055,89.33145141601562,40.40001678466797,106.98435974121094,87.83665466308594,109.84024047851562,183.4250946044922,101.79888153076172,57.37487030029297
2016-10-17,12.91828727722168,29.743314743041992,119.68000030517578,53.09080123901367,89.52595520019531,40.30229187011719,106.85995483398438,88.12556457519531,109.54016876220703,182.7881317138672,102.44873809814453,57.49918746948242
2016-10-18,12.943650245666504,30.26810073852539,120.41999816894531,53.30503463745117,89.70426940917969,40.715763092041016,107.47294616699219,88.3422622680664,110.51534271240234,183.93283081054688,102.78135681152344,57.86521911621094
2016-10-19,13.028192520141602,30.45379638671875,121.11000061035156,53.45804214477539,89.74479675292969,40.84356689453125,107.92601013183594,88.45777893066406,110.50596618652344,184.42344665527344,102.866455078125,57.98951721191406
2016-10-20,12.909832000732422,30.364992141723633,120.73999786376953,53.46416473388672,89.6637191772461,40.89618682861328,107.60616302490234,88.42890167236328,110.3747329711914,184.07916259765625,102.97479248046875,57.85831069946289
2016-10-21,12.96055793762207,30.35690689086914,120.83000183105469,53.47639465332031,89.7610092163086,40.79845428466797,107.55292510986328,88.4794692993164,110.78727722167969,184.16525268554688,103.12947082519531,57.64420700073242
2016-10-24,12.969013214111328,30.486083984375,120.55999755859375,53.50697708129883,89.63944244384766,40.775909423828125,108.23692321777344,88.22667694091797,112.11880493164062,184.948486328125,102.68080139160156,57.775447845458984
2016-10-25,12.909832000732422,30.518383026123047,121.47000122070312,53.47639465332031,89.62320709228516,40.738311767578125,107.42851257324219,88.16165161132812,111.762451171875,184.32876586914062,102.95149230957031,57.6718635559082
2016-10-26,12.825288772583008,30.19544219970703,120.79000091552734,53.26219177246094,89.4286880493164,40.52781677246094,106.36249542236328,87.79338836669922,111.00296783447266,183.95870971679688,102.25534057617188,56.91908645629883
2016-10-27,12.90137767791748,29.937084197998047,121.01000213623047,53.06633758544922,89.12063598632812,40.490230560302734,105.14544677734375,87.39612579345703,110.49662780761719,183.4680633544922,101.14136505126953,55.42738723754883
2016-10-28,12.816835403442383,29.815980911254883,121.58000183105469,52.80926513671875,89.1368637084961,40.48271560668945,104.85227966308594,87.29499053955078,109.80271911621094,182.92588806152344,100.91695404052734,55.55860900878906
2016-10-31,12.647746086120605,29.985519409179688,121.94000244140625,52.65013122558594,89.2098388671875,40.47519302368164,105.26982879638672,87.37446594238281,109.69957733154297,182.9344940185547,101.53580474853516,56.463294982910156
2016-11-01,12.706926345825195,29.743314743041992,122.7300033569336,52.44479751586914,89.21308898925781,40.36994934082031,103.98175048828125,87.26438903808594,108.87442016601562,181.60903930664062,101.54359436035156,55.23402786254883
2016-11-02,12.55474853515625,29.388078689575195,123.63999938964844,52.211124420166016,89.48089599609375,40.08427047729492,102.65806579589844,87.39469146728516,108.00236511230469,180.5160369873047,101.98543548583984,54.4260368347168
2016-11-03,12.512475967407227,29.30733871459961,124.30000305175781,52.22343826293945,89.42410278320312,40.07675552368164,102.16059875488281,87.22090911865234,106.94277954101562,179.6898193359375,101.20256805419922,54.0047607421875
2016-11-04,12.427933692932129,29.008604049682617,124.38999938964844,52.2480354309082,89.70011901855469,39.70087432861328,102.81798553466797,87.48164367675781,106.56770324707031,179.49180603027344,102.10944366455078,54.43293380737305
2016-11-07,12.478659629821777,30.058183670043945,122.1500015258789,52.97965621948242,89.32671356201172,40.24214553833008,105.33201599121094,87.42372131347656,109.09944915771484,183.45091247558594,101.24132537841797,55.385963439941406
2016-11-08,12.461750030517578,30.251955032348633,121.63999938964844,52.86284255981445,89.01017761230469,40.32483673095703,105.60739135742188,87.22818756103516,109.81209564208984,184.27711486816406,100.83055114746094,55.6760139465332
2016-11-09,12.520931243896484,29.266971588134766,121.55999755859375,52.49394989013672,87.65465545654297,40.294769287109375,108.85877227783203,85.94646453857422,110.31845092773438,186.2308349609375,96.5521011352539,54.83346939086914
2016-11-10,12.419477462768555,28.43538475036621,119.75,51.80534362792969,87.12700653076172,40.182010650634766,110.59994506835938,85.87406158447266,108.53685760498047,186.6956024169922,95.12591552734375,53.91499328613281
2016-11-11,12.182754516601562,27.89444923400879,117.0999984741211,51.31962966918945,86.94847106933594,39.90385437011719,113.14063262939453,85.5047378540039,108.58374786376953,186.2652587890625,94.59111785888672,54.23957061767578
2016-11-14,12.157392501831055,27.692607879638672,116.11000061035156,51.70083999633789,86.44520568847656,39.68585205078125,114.73078155517578,85.06302642822266,107.48663330078125,186.41160583496094,94.02533721923828,55.524105072021484
2016-11-15,12.427933692932129,28.249691009521484,117.12000274658203,52.38328552246094,86.44520568847656,39.87378692626953,115.08612823486328,85.32372283935547,108.97757720947266,187.86611938476562,94.49032592773438,55.0613899230957
2016-11-16,12.27575397491455,28.01555061340332,116.7699966430664,52.17426681518555,86.5263671875,39.46030807495117,115.07720947265625,85.44680786132812,109.62458038330078,187.5132598876953,95.34294891357422,54.90253829956055
2016-11-17,12.301116943359375,28.05591583251953,116.16999816894531,52.0328483581543,86.14488983154297,39.7309455871582,115.7524185180664,84.90376281738281,110.42158508300781,188.47720336914062,93.94003295898438,54.343162536621094
2016-11-18,12.402569770812988,27.926740646362305,115.1500015258789,52.0328483581543,85.76338195800781,39.33251190185547,116.3653564453125,84.42577362060547,110.00900268554688,188.0554656982422,93.66880798339844,54.502017974853516
2016-11-21,12.749198913574219,28.201250076293945,115.58000183105469,52.45093536376953,85.83642578125,39.655765533447266,116.90727233886719,84.51272583007812,111.15298461914062,189.4755096435547,93.90129089355469,54.33626937866211
2016-11-22,12.732291221618652,28.629148483276367,115.54000091552734,52.83826446533203,85.91758728027344,39.76853942871094,117.9732666015625,84.72997283935547,111.49056243896484,189.84561157226562,93.87028503417969,55.28927993774414
2016-11-23,12.783016204833984,28.322345733642578,113.25,52.641536712646484,85.60917663574219,39.61817932128906,118.71062469482422,84.41851043701172,111.04046630859375,189.9489288330078,93.5059814453125,55.054473876953125
2016-11-25,12.690018653869629,28.459604263305664,112.61000061035156,52.70912170410156,85.53611755371094,39.7459716796875,119.10150146484375,84.42577362060547,111.39678192138672,190.65463256835938,93.64551544189453,55.37215805053711
2016-11-28,12.732291221618652,28.57263946533203,113.80000305175781,52.7030143737793,85.92574310302734,39.542999267578125,117.55573272705078,84.80960845947266,111.14360046386719,189.7595977783203,94.3353271484375,55.62765884399414
2016-11-29,12.478659629821777,28.612998962402344,113.2699966430664,52.635379791259766,86.01499938964844,39.791080474853516,117.49356079101562,84.92546844482422,111.5280532836914,190.12965393066406,94.73062896728516,56.159423828125
2016-11-30,12.859106063842773,28.661449432373047,111.75,52.659950256347656,85.4386978149414,39.73846435546875,116.9161376953125,84.6068115234375,110.17780303955078,189.6735382080078,93.19593811035156,55.51716613769531
2016-12-01,13.095829010009766,28.322345733642578,111.54000091552734,52.41352844238281,85.11279296875,39.61066818237305,116.34757995605469,84.13272857666016,108.2743148803711,188.97637939453125,92.21189880371094,54.7022590637207
2016-12-02,13.188826560974121,28.354646682739258,112.13999938964844,52.7285041809082,85.49478912353516,39.670799255371094,116.2853775024414,84.51753234863281,108.489990234375,189.07102966308594,92.88764190673828,55.24783706665039
2016-12-05,13.256462097167969,28.588781356811523,111.54000091552734,52.86439514160156,85.4623031616211,40.04669189453125,118.2841796875,84.69904327392578,109.33386993408203,190.20712280273438,92.78667449951172,55.65530776977539
2016-12-06,13.197280883789062,28.74217987060547,111.43000030517578,53.12992477416992,85.49478912353516,40.30980682373047,119.56343841552734,84.69181060791016,109.596435546875,190.80955505371094,92.71678161621094,56.014404296875
2016-12-07,13.095829010009766,29.226598739624023,111.83000183105469,53.39550018310547,85.77930450439453,40.86612319946289,120.7271728515625,85.04757690429688,110.98421478271484,193.3055419921875,93.50891876220703,57.1331787109375
2016-12-08,13.12119197845459,29.35578727722168,111.56999969482422,53.38928985595703,85.45416259765625,40.82099533081055,122.62822723388672,84.69904327392578,111.18112182617188,193.7788848876953,92.40607452392578,57.52682113647461
2016-12-09,13.188826560974121,29.20237922668457,110.4000015258789,53.413997650146484,85.0152359008789,40.97136688232422,122.86810302734375,84.37230682373047,112.05316162109375,194.94943237304688,91.2566909790039,57.464664459228516
2016-12-12,13.273370742797852,29.008604049682617,110.81999969482422,53.339908599853516,85.03144836425781,40.805965423583984,121.57108306884766,84.29243469238281,111.54682922363281,194.72561645507812,91.42753601074219,57.84450149536133
2016-12-13,13.3071870803833,29.331558227539062,110.44999694824219,53.46961975097656,85.08026885986328,41.25703430175781,121.57999420166016,84.4812240600586,112.95333862304688,196.0251922607422,91.75374603271484,57.8168830871582
2016-12-14,13.180371284484863,28.459604263305664,108.83000183105469,53.06819152832031,84.37309265136719,40.64058303833008,120.06089782714844,83.94386291503906,112.71893310546875,194.40716552734375,90.7285385131836,56.553062438964844
2016-12-15,13.163463592529297,28.508047103881836,107.33999633789062,53.09285354614258,84.13736724853516,40.51277542114258,120.95812225341797,84.00199127197266,112.89707946777344,195.2076416015625,91.18675231933594,56.221588134765625
2016-12-16,13.22264575958252,28.378868103027344,108.05000305175781,53.14225769042969,84.24300384521484,40.55036926269531,120.73605346679688,83.93669891357422,112.47857666015625,194.82579040527344,90.97704315185547,57.06411361694336
2016-12-19,13.146554946899414,28.18510627746582,108.58999633789062,53.27814865112305,84.6331787109375,40.52029800415039,121.52672576904297,84.34323120117188,112.93938446044922,195.25,91.95562744140625,57.678741455078125
2016-12-20,13.205735206604004,28.28199005126953,107.79000091552734,53.35227584838867,84.45436096191406,40.64058303833008,122.55721282958984,84.29243469238281,113.37201690673828,196.00318908691406,91.49746704101562,57.80994415283203
2016-12-21,13.129645347595215,28.16440200805664,107.8499984741211,53.44487380981445,84.592529296875,40.6588249206543,121.75763702392578,84.56110382080078,113.2873764038086,195.45777893066406,91.90129852294922,56.93289566040039
2016-12-22,13.112738609313965,27.829591751098633,107.58999633789062,53.56013488769531,84.55592346191406,40.575218200683594,120.707763671875,84.56695556640625,112.96761322021484,195.12022399902344,91.73702239990234,56.83770751953125
2016-12-23,13.138100624084473,27.99291229248047,107.93000030517578,53.65925598144531,84.63732147216797,40.674034118652344,121.34999084472656,84.69799041748047,113.04283905029297,195.40589904785156,91.92386627197266,56.98577880859375
2016-12-27,13.3410062789917,28.115400314331055,108.55999755859375,53.60972213745117,84.51524353027344,40.6588249206543,121.89414978027344,84.54512023925781,113.62593841552734,195.89064025878906,91.62797546386719,57.105648040771484
2016-12-28,13.34946060180664,28.327713012695312,108.86000061035156,53.53539276123047,84.82457733154297,40.537208557128906,120.6452865600586,84.85813903808594,112.74189758300781,194.27175903320312,92.29763793945312,56.760135650634766
2016-12-29,13.366369247436523,28.79317283630371,110.29000091552734,53.60972213745117,85.0851058959961,40.651222229003906,120.75236511230469,85.18578338623047,112.58203125,194.22840881347656,92.62466430664062,57.46525192260742
2016-12-30,13.391732215881348,28.58902359008789,109.61000061035156,53.62831115722656,85.33747100830078,40.7652473449707,120.28849792480469,85.31682586669922,111.42525482177734,193.5184783935547,92.76486206054688,58.191497802734375
2017-01-03,13.231098175048828,28.931991577148438,110.47000122070312,53.85136795043945,85.29679107666016,41.008487701416016,120.88614654541016,85.38966369628906,112.42216491699219,194.99896240234375,93.16194915771484,58.38186264038086
2017-01-04,13.332551002502441,29.15247344970703,110.86000061035156,54.142601013183594,85.39446258544922,41.4493522644043,122.90211486816406,85.68086242675781,113.03345489501953,196.1590576171875,93.52015686035156,59.235042572021484
2017-01-05,13.400187492370605,29.4709529876709,112.58000183105469,54.06202697753906,85.94808197021484,41.844608306884766,121.48384094238281,86.13960266113281,113.67296600341797,196.00318908691406,94.98409271240234,59.42540740966797
2017-01-06,13.38327693939209,29.348453521728516,111.75,54.04965591430664,85.55726623535156,41.684993743896484,121.03782653808594,85.68814849853516,114.66983795166016,196.70440673828125,94.1119613647461,59.43245315551758
2017-01-09,13.180371284484863,29.32395362854004,112.66999816894531,54.037269592285156,85.88297271728516,41.62418746948242,120.24392700195312,85.8555908203125,115.04603576660156,196.05516052246094,94.86730194091797,58.896583557128906
2017-01-10,13.12119197845459,29.49544906616211,113.1500015258789,54.04347229003906,85.84223175048828,41.616573333740234,121.39461517333984,85.80467224121094,115.2999496459961,196.05516052246094,94.80499267578125,58.39597702026367
2017-01-11,13.264915466308594,29.84658432006836,113.5,54.07442092895508,85.9399185180664,41.88262176513672,121.6086654663086,85.93573760986328,115.61029815673828,196.60923767089844,95.1242446899414,58.03636169433594
2017-01-12,13.459366798400879,29.97723960876465,113.91000366210938,54.086830139160156,85.98878479003906,41.897823333740234,120.67205810546875,85.92842864990234,115.4316177368164,196.11572265625,94.91402435302734,58.33251953125
2017-01-13,13.434002876281738,29.952733993530273,114.20999908447266,54.10540008544922,85.80152130126953,42.07264709472656,121.5462646484375,85.75369262695312,115.82662200927734,196.56590270996094,94.46239471435547,58.24790573120117
2017-01-17,13.425549507141113,29.9364070892334,115.8499984741211,54.04965591430664,86.23301696777344,41.928226470947266,119.89602661132812,86.12499237060547,115.47864532470703,195.8733673095703,95.4512939453125,58.69916915893555
2017-01-18,13.3071870803833,29.77307891845703,114.87000274658203,54.09922409057617,85.6224136352539,41.81421661376953,120.28849792480469,85.55712890625,115.71375274658203,196.30625915527344,94.22876739501953,58.79786682128906
2017-01-19,13.264915466308594,29.683258056640625,114.7699966430664,53.92570114135742,85.29679107666016,41.72299575805664,119.30729675292969,85.26587677001953,115.65733337402344,195.5790252685547,93.58245086669922,58.198570251464844
2017-01-20,13.417094230651855,29.74042510986328,115.05000305175781,54.031070709228516,85.33747100830078,41.98143768310547,119.92280578613281,85.41879272460938,115.9112319946289,196.29754638671875,93.39559173583984,58.621604919433594
2017-01-23,13.417094230651855,30.181386947631836,115.79000091552734,54.031070709228516,85.78528594970703,42.034645080566406,119.42324829101562,85.81192779541016,116.00527954101562,195.78675842285156,94.32998657226562,59.11516571044922
2017-01-24,13.450912475585938,30.36920166015625,115.2699966430664,54.0682373046875,85.45962524414062,42.14866638183594,121.25188446044922,85.55712890625,116.78585052490234,197.0420684814453,93.68370056152344,59.12926483154297
2017-01-25,13.366369247436523,30.70400619506836,114.31999969482422,54.26032257080078,85.0362319946289,42.604740142822266,122.39369201660156,85.2294692993164,117.96141815185547,198.74758911132812,92.50791931152344,58.74146270751953
2017-01-26,13.425549507141113,30.57335090637207,113.26000213623047,54.235511779785156,85.1502456665039,42.414703369140625,121.90302276611328,85.33137512207031,118.08368682861328,198.5398406982422,92.8193359375,58.62863540649414
2017-01-27,13.315641403198242,30.597854614257812,113.48999786376953,54.28508758544922,85.25603485107422,42.33109664916992,121.48384094238281,85.43334197998047,118.30938720703125,198.2281494140625,93.1541748046875,58.057525634765625
2017-01-30,13.23955249786377,30.434528350830078,113.97000122070312,54.17359161376953,85.23164367675781,42.095455169677734,119.78899383544922,85.28773498535156,117.38775634765625,196.99880981445312,92.87384033203125,57.662662506103516
2017-01-31,13.315641403198242,30.491687774658203,115.55000305175781,54.1178092956543,85.52473449707031,42.14105224609375,120.62748718261719,85.44058990478516,117.15265655517578,196.98146057128906,93.52015686035156,58.07867431640625
2017-02-01,13.459366798400879,30.508024215698242,115.19999694824219,54.318206787109375,85.36083984375,42.32349395751953,120.55610656738281,85.33547973632812,117.96141815185547,197.0594482421875,92.9419174194336,57.38063430786133
2017-02-02,13.459366798400879,30.63868522644043,115.83999633789062,54.34934997558594,85.39344787597656,42.33109664916992,120.25279998779297,85.3573989868164,117.85797119140625,197.18930053710938,92.90291595458984,58.06456756591797
2017-02-03,13.450912475585938,30.82649803161621,116.12999725341797,54.44265365600586,85.45870971679688,42.498313903808594,122.0903549194336,85.45233154296875,118.19654846191406,198.54849243164062,92.8639144897461,58.38186264038086
2017-02-06,13.366369247436523,30.75300407409668,117.69999694824219,54.40532684326172,85.86636352539062,42.194271087646484,121.17160034179688,85.72241973876953,118.33761596679688,198.1935272216797,93.42572784423828,58.28314971923828
2017-02-07,13.3071870803833,30.597854614257812,117.45999908447266,54.324432373046875,86.02130126953125,42.194271087646484,120.63640594482422,85.86839294433594,118.77025604248047,198.20216369628906,94.11250305175781,58.07867431640625
2017-02-08,13.357913970947266,30.785669326782227,118.19000244140625,54.361759185791016,86.37189483642578,42.2930793762207,120.42230224609375,86.16777038574219,118.96772766113281,198.4619598388672,95.39224243164062,58.5369987487793
2017-02-09,13.425549507141113,30.924482345581055,117.29000091552734,54.436439514160156,85.85823822021484,42.414703369140625,122.11711883544922,85.82466125488281,119.40032196044922,199.63931274414062,94.29195404052734,58.678009033203125
2017-02-10,13.569272994995117,31.210298538208008,117.5999984741211,54.47380065917969,85.80115509033203,42.53632354736328,123.04483032226562,85.80272674560547,119.79531860351562,200.42713928222656,94.23735809326172,59.09400177001953
2017-02-13,13.417094230651855,31.308290481567383,116.80000305175781,54.55470657348633,85.67070007324219,42.695953369140625,123.3659896850586,85.76625061035156,120.47247314453125,201.51792907714844,93.94078826904297,59.11516571044922
2017-02-14,13.434002876281738,31.340959548950195,116.93000030517578,54.59200668334961,85.36083984375,42.6351432800293,123.7762680053711,85.56178283691406,120.8768310546875,202.32308959960938,93.2618637084961,58.8049201965332
2017-02-15,13.450912475585938,31.59409523010254,117.44999694824219,54.61070251464844,85.19779968261719,42.809974670410156,124.51667022705078,85.49610900878906,121.59158325195312,203.37930297851562,92.8326644897461,58.60750961303711
2017-02-16,13.366369247436523,31.47977066040039,118.08000183105469,54.56715774536133,85.54022979736328,42.92399215698242,124.16876983642578,85.737060546875,121.55399322509766,203.20616149902344,93.33992004394531,58.95299530029297
2017-02-17,13.3410062789917,31.349117279052734,117.68000030517578,54.62314987182617,85.7685317993164,42.79476547241211,124.08848571777344,85.95606994628906,122.08063507080078,203.5264434814453,93.89398956298828,59.06582260131836
2017-02-21,13.3240966796875,31.692081451416016,117.75,54.803653717041016,85.72772216796875,42.9391975402832,125.06076049804688,85.99256134033203,122.68254852294922,204.73854064941406,93.73009490966797,59.82026672363281
2017-02-22,13.256462097167969,31.79008674621582,117.91000366210938,54.828514099121094,85.86636352539062,42.94678497314453,124.50777435302734,86.05824279785156,122.72955322265625,204.55674743652344,93.88615417480469,59.622833251953125
2017-02-23,13.298733711242676,31.798234939575195,118.94000244140625,54.8783073425293,86.09463500976562,43.00760269165039,123.76741027832031,86.27729034423828,122.26871490478516,204.6951904296875,94.16708374023438,59.933074951171875
2017-02-24,13.273370742797852,31.4226016998291,119.69999694824219,54.921875,86.49420166015625,42.703548431396484,123.67816162109375,86.71530151367188,122.50384521484375,204.95494079589844,95.21277618408203,60.215110778808594
2017-02-27,13.23955249786377,31.324623107910156,119.12000274658203,54.990333557128906,86.18435668945312,42.72635269165039,124.88238525390625,86.5108871459961,122.6543197631836,205.27528381347656,94.65090942382812,60.53241729736328
2017-02-28,13.290279388427734,31.02248191833496,119.2300033569336,54.9467658996582,86.14360809326172,42.68834686279297,122.9556655883789,86.56927490234375,122.27812957763672,204.7212371826172,95.00212097167969,60.11642074584961
2017-03-01,13.34946060180664,31.5042724609375,119.05999755859375,55.14931869506836,85.54345703125,43.13682174682617,125.20352935791016,86.05763244628906,123.61355590820312,207.58677673339844,93.41019439697266,59.933074951171875
2017-03-02,13.138100624084473,30.948989868164062,117.58000183105469,54.974239349365234,85.29853057861328,42.85557556152344,123.76741027832031,85.92581176757812,122.99285888671875,206.2794952392578,93.07400512695312,59.60873031616211
2017-03-03,13.205735206604004,31.18579864501953,117.51000213623047,54.99929428100586,85.38018798828125,43.091209411621094,123.67816162109375,86.01365661621094,123.2186279296875,206.40939331054688,93.31637573242188,59.376068115234375
2017-03-06,13.188826560974121,31.202131271362305,116.72000122070312,54.824256896972656,85.36383819580078,42.92399215698242,122.83076477050781,85.85993957519531,122.94583129882812,205.79469299316406,92.87071228027344,59.108097076416016
2017-03-07,13.129645347595215,31.23479652404785,115.77999877929688,54.46796417236328,85.24132537841797,42.78717041015625,122.02796936035156,85.43534851074219,122.73896026611328,205.1800537109375,92.58919525146484,58.826080322265625
2017-03-08,12.83374309539795,30.940820693969727,115.05999755859375,54.10541534423828,84.95557403564453,42.61233901977539,121.22513580322266,85.17184448242188,122.95525360107422,204.79908752441406,92.08882141113281,57.74022674560547
2017-03-09,12.723836898803711,30.695846557617188,114.47000122070312,53.961666107177734,84.71883392333984,42.802364349365234,120.74343872070312,84.71063995361328,123.04932403564453,205.05880737304688,91.35389709472656,56.87297058105469
2017-03-10,12.605474472045898,31.038808822631836,114.72000122070312,53.942928314208984,84.89845275878906,43.182430267333984,121.27865600585938,84.92294311523438,123.5665512084961,205.7774200439453,91.67445373535156,56.69669723510742
2017-03-13,12.588565826416016,31.471609115600586,114.73999786376953,53.986671447753906,84.68614196777344,43.37245559692383,121.56407928466797,84.6374740600586,123.77347564697266,205.88131713867188,91.09590148925781,56.83770751953125
2017-03-14,12.537839889526367,31.291955947875977,114.12000274658203,53.82415771484375,84.77598571777344,43.05320739746094,120.98428344726562,84.71063995361328,123.47250366210938,205.09344482421875,91.53372955322266,56.8236198425293
2017-03-15,12.647746086120605,32.10855484008789,116.25,54.56797409057617,85.51897430419922,43.63850784301758,122.85751342773438,85.44265747070312,124.23432922363281,206.86822509765625,92.65174102783203,57.97291564941406
2017-03-16,12.630838394165039,32.304534912109375,116.7300033569336,54.41172409057617,85.28217315673828,43.87413787841797,123.0180892944336,85.31826782226562,124.14965057373047,206.4613494873047,92.18265533447266,57.8600959777832
2017-03-17,12.67310905456543,32.24738311767578,116.98999786376953,54.43046188354492,85.51082611083984,43.98054885864258,123.50869750976562,85.51585388183594,124.10626983642578,206.0987091064453,92.76122283935547,58.12803268432617
2017-03-20,12.664654731750488,32.623008728027344,117.51000213623047,54.32421112060547,85.71489715576172,43.927345275878906,122.97346496582031,85.71353149414062,124.2193603515625,205.87274169921875,93.16002655029297,58.07867431640625
2017-03-21,12.597020149230957,32.263702392578125,118.54000091552734,53.93665313720703,86.00068664550781,43.72972106933594,119.5035400390625,85.92581176757812,122.3345718383789,203.2293701171875,93.93402099609375,57.82484436035156
2017-03-22,12.588565826416016,32.41886520385742,118.83000183105469,54.067928314208984,86.1640396118164,43.752525329589844,119.53028869628906,86.14543914794922,123.1639175415039,203.70758056640625,94.30936431884766,57.79288101196289
2017-03-23,12.563201904296875,32.42702865600586,118.66999816894531,54.086673736572266,86.07420349121094,43.83613204956055,120.22606658935547,86.08686065673828,122.85286712646484,203.49020385742188,94.17642211914062,58.21902847290039
2017-03-24,12.605474472045898,32.508689880371094,118.86000061035156,54.27421951293945,86.12321472167969,43.97294998168945,120.3128662109375,86.17472076416016,123.10734558105469,203.3424530029297,94.51261138916016,58.15510177612305
2017-03-27,12.588565826416016,32.41886520385742,119.52999877929688,54.21794509887695,86.33546447753906,44.09457015991211,120.5364761352539,86.35774230957031,123.30525970458984,203.1337127685547,94.94264221191406,57.629539489746094
2017-03-28,12.664654731750488,32.508689880371094,119.04000091552734,54.51798629760742,86.04155731201172,44.28459930419922,121.47576141357422,86.17472076416016,124.05915832519531,204.61187744140625,94.30936431884766,57.87811279296875
2017-03-29,12.783016204833984,32.56584548950195,119.33000183105469,54.6304817199707,86.2864990234375,44.26939392089844,121.86942291259766,86.45291137695312,124.63408660888672,204.8031463623047,94.87227630615234,58.204830169677734
2017-03-30,12.83374309539795,32.39435958862305,118.47000122070312,54.88675308227539,86.04155731201172,44.102176666259766,122.79086303710938,86.22595977783203,124.84137725830078,205.45526123046875,94.10607147216797,58.31135559082031
2017-03-31,12.859106063842773,32.16570281982422,118.72000122070312,54.86801528930664,86.21298217773438,44.04896545410156,122.98760986328125,86.31383514404297,124.7565689086914,204.97705078125,94.37969207763672,58.65937423706055
2017-04-03,12.808379173278809,32.34537124633789,119.3499984741211,54.83852767944336,86.6374282836914,44.003360748291016,121.69048309326172,86.70133209228516,124.68115234375,204.62054443359375,95.33170318603516,58.829833984375
2017-04-04,12.935195922851562,32.36170196533203,119.62000274658203,54.857337951660156,86.51470184326172,43.98815155029297,121.54736328125,86.47384643554688,124.87905883789062,204.7509765625,94.8145980834961,58.829833984375
2017-04-05,12.96055793762207,32.263702392578125,119.62000274658203,54.81341552734375,86.67828369140625,43.782928466796875,120.16971588134766,86.58393096923828,124.37017059326172,204.14234924316406,95.10449981689453,58.91507339477539
2017-04-06,12.994377136230469,32.206546783447266,119.18000030517578,54.882469177246094,86.62104797363281,43.798126220703125,121.28793334960938,86.6646728515625,124.43614196777344,204.7162322998047,94.96341705322266,59.227577209472656
2017-04-07,13.028192520141602,32.149383544921875,119.45999908447266,54.857337951660156,86.35935974121094,43.7601203918457,121.23424530029297,86.45182037353516,124.37017059326172,204.5075225830078,94.57951354980469,59.31282424926758
2017-04-10,13.129645347595215,32.01872253417969,119.45999908447266,54.93265914916992,86.51470184326172,43.714508056640625,121.5026626586914,86.61328887939453,124.41727447509766,204.6292724609375,95.0182876586914,59.68215560913086
2017-04-11,13.155009269714355,31.945234298706055,121.19000244140625,54.825931549072266,86.9153823852539,43.9577522277832,122.46878051757812,87.01699829101562,123.88009643554688,204.3858184814453,95.91936492919922,60.094078063964844
2017-04-12,13.155009269714355,32.10038757324219,122.0199966430664,54.86360549926758,87.18524932861328,43.889339447021484,120.80484771728516,87.30323791503906,123.38063049316406,203.49020385742188,96.4443130493164,59.98754119873047
2017-04-13,13.197280883789062,31.961563110351562,122.5999984741211,54.750640869140625,87.44695281982422,43.630897521972656,119.62401580810547,87.45004272460938,122.89057922363281,202.1685791015625,96.7420425415039,59.852596282958984
2017-04-17,13.12119197845459,32.2963752746582,122.23999786376953,54.9138298034668,87.30793762207031,43.912139892578125,121.02847290039062,87.28121948242188,123.90836334228516,203.9597625732422,96.4443130493164,60.57705307006836
2017-04-18,13.070465087890625,31.888078689575195,122.81999969482422,54.90129470825195,87.80668640136719,43.706912994384766,121.05535888671875,87.79505920410156,123.71989440917969,203.3511199951172,97.70580291748047,60.74042510986328
2017-04-19,12.842196464538574,31.692081451416016,121.7300033569336,54.85108184814453,87.57777404785156,43.58528137207031,121.47576141357422,87.5307846069336,123.91783905029297,202.97723388671875,97.17298889160156,60.65518569946289
2017-04-20,12.791470527648926,32.08405303955078,121.95999908447266,55.03310012817383,87.38147735595703,43.934940338134766,123.0234603881836,87.406005859375,124.95447540283203,204.6292724609375,96.7968978881836,60.66228103637695
2017-04-21,12.664654731750488,32.08405303955078,122.30999755859375,54.98917007446289,87.42242431640625,43.95015335083008,122.74613952636719,87.406005859375,124.92618560791016,203.9771728515625,96.7968978881836,60.44211196899414
2017-04-24,12.622383117675781,32.54134750366211,121.4800033569336,55.24653625488281,87.24253845214844,45.029518127441406,124.27586364746094,87.28856658935547,126.43407440185547,206.22048950195312,96.31893157958984,59.77446746826172
2017-04-25,12.681563377380371,32.827152252197266,120.25,55.34697723388672,86.79273223876953,45.32596969604492,125.48357391357422,86.94358825683594,127.34818267822266,207.42044067382812,95.1593246459961,60.023067474365234
2017-04-26,12.61392879486084,32.70466613769531,120.83999633789062,55.296756744384766,87.02173614501953,45.21955108642578,126.12764739990234,87.15645599365234,127.16912078857422,207.2899932861328,95.684326171875,59.57561111450195
2017-04-27,12.546294212341309,32.66383743286133,120.38999938964844,55.33443832397461,87.07896423339844,45.31836700439453,126.09188842773438,87.2372055053711,127.93247985839844,207.46389770507812,95.65298461914062,59.41935729980469
2017-04-28,12.512475967407227,32.71282958984375,120.7699966430664,55.315582275390625,87.16893005371094,45.24235534667969,124.40109252929688,87.3399658203125,128.15863037109375,207.01173400878906,95.864501953125,58.80144500732422
2017-05-01,12.537839889526367,32.90065002441406,119.66999816894531,55.343929290771484,86.98054504394531,45.44758605957031,125.11676025390625,87.06908416748047,129.29901123046875,207.53343200683594,95.06758880615234,59.14945983886719
2017-05-02,12.402569770812988,33.1374626159668,119.6500015258789,55.36286544799805,87.16069030761719,45.70602798461914,124.48159790039062,87.32669830322266,129.51568603515625,207.61167907714844,95.55437469482422,59.05003356933594
2017-05-03,12.351844787597656,32.91698455810547,117.9800033569336,55.413326263427734,86.98054504394531,45.55400085449219,123.71226501464844,87.28253936767578,129.10104370117188,207.35948181152344,95.61717224121094,58.26165008544922
2017-05-04,12.055940628051758,32.54951858520508,116.79000091552734,55.11702346801758,86.78399658203125,45.987274169921875,123.54234313964844,87.11322784423828,129.14816284179688,207.6029510498047,95.14608764648438,57.97755813598633
2017-05-05,12.225028038024902,32.81898880004883,117.01000213623047,55.21156692504883,86.80038452148438,46.46614456176758,124.3384780883789,87.14269256591797,129.61941528320312,208.42031860351562,95.23245239257812,58.52444076538086
2017-05-08,12.174302101135254,32.810829162597656,116.75,55.27462387084961,86.58746337890625,46.13169860839844,123.81961822509766,86.9881591796875,129.902099609375,208.38551330566406,94.71424102783203,58.11249542236328
2017-05-09,12.115120887756348,33.227291107177734,116.05000305175781,55.236785888671875,86.48916625976562,46.04047775268555,123.76594543457031,87.00287628173828,130.3544921875,208.19422912597656,94.7064208984375,57.79998779296875
2017-05-10,12.309571266174316,33.4477653503418,116.04000091552734,55.476341247558594,86.45645904541016,46.101287841796875,124.53530883789062,87.1206283569336,130.4298858642578,208.56817626953125,94.59642791748047,58.25455093383789
2017-05-11,12.360298156738281,33.521270751953125,116.5,55.48265075683594,86.52192687988281,46.002471923828125,123.66752624511719,87.16477966308594,130.32615661621094,208.14210510253906,94.59642791748047,57.963356018066406
2017-05-12,12.360298156738281,33.66007995605469,116.83000183105469,55.463722229003906,86.96415710449219,46.207706451416016,123.01451873779297,87.60636901855469,130.618408203125,207.79425048828125,95.31094360351562,57.72895812988281
2017-05-15,12.427933692932129,34.003055572509766,117.13999938964844,55.589813232421875,86.9068374633789,46.4205322265625,123.97172546386719,87.5989990234375,131.03302001953125,208.9420166015625,95.05183410644531,57.89940643310547
2017-05-16,12.444841384887695,34.03572463989258,117.6500015258789,55.6717643737793,87.02145385742188,46.71697998046875,124.01642608642578,87.72407531738281,131.57957458496094,208.7507781982422,95.40520477294922,57.50878143310547
2017-05-17,12.529385566711426,33.45594024658203,119.79000091552734,55.42588806152344,87.71761322021484,46.207706451416016,120.67070007324219,88.26142883300781,128.23406982421875,205.04664611816406,96.79489135742188,57.74317932128906
2017-05-18,12.495567321777344,32.90065002441406,118.80999755859375,55.48895263671875,87.69305419921875,46.276123046875,121.10904693603516,88.24667358398438,129.35548400878906,205.87274169921875,96.90483093261719,58.062774658203125
2017-05-19,12.740744590759277,33.60292434692383,119.4000015258789,55.589813232421875,87.6684799194336,46.808204650878906,121.69048309326172,88.2982177734375,129.902099609375,207.21170043945312,97.132568359375,58.37530517578125
2017-05-22,12.825288772583008,33.63558578491211,119.9000015258789,55.760005950927734,87.57022857666016,46.90700912475586,122.51351928710938,88.22462463378906,130.99530029296875,208.26380920410156,96.86559295654297,58.602577209472656
2017-05-23,12.783016204833984,33.66823959350586,119.13999938964844,55.75371170043945,87.34090423583984,46.92222213745117,122.91610717773438,87.9522933959961,131.1272430419922,208.7246551513672,96.21388244628906,58.65228271484375
2017-05-24,12.757654190063477,33.798912048339844,119.61000061035156,55.8482780456543,87.52102661132812,46.95262145996094,122.99658203125,88.09214782714844,131.73043823242188,209.21160888671875,96.75569915771484,59.12814712524414
2017-05-25,12.478659629821777,33.96222686767578,119.4800033569336,55.80414581298828,87.57022857666016,46.960227966308594,123.07709503173828,88.1289291381836,132.8519287109375,210.2115020751953,96.78706359863281,59.1352653503418
2017-05-26,12.571656227111816,34.084720611572266,120.54000091552734,55.835689544677734,87.62748718261719,46.815799713134766,123.04129791259766,88.19515991210938,133.08750915527344,210.16806030273438,96.9519271850586,58.709110260009766
2017-05-30,12.47020435333252,33.90506362915039,120.13999938964844,55.892433166503906,87.84864807128906,46.777793884277344,122.07521057128906,88.40126037597656,133.2005615234375,209.98544311523438,97.43087768554688,58.33977127075195
2017-05-31,12.33493423461914,33.64375305175781,120.62000274658203,55.8861083984375,87.88957977294922,46.83859634399414,121.9499282836914,88.5042953491211,133.15342712402344,209.9332733154297,97.67427825927734,58.37530517578125
2017-06-01,12.250391960144043,33.9295654296875,120.72000122070312,56.04882049560547,87.84365844726562,47.20346450805664,124.30265045166016,88.52350616455078,133.67178344726562,211.6027069091797,97.6845474243164,58.680694580078125
2017-06-02,12.19120979309082,34.101043701171875,121.61000061035156,56.08047866821289,88.22917175292969,47.70514678955078,125.10783386230469,88.93672943115234,135.19850158691406,212.30697631835938,98.8412094116211,59.28438949584961
2017-06-05,12.123575210571289,34.060211181640625,121.7300033569336,56.02980422973633,88.08152770996094,47.47710037231445,124.32952880859375,88.68584442138672,135.17019653320312,212.1504669189453,98.22744750976562,59.02871322631836
2017-06-06,12.208117485046387,34.0765495300293,123.0999984741211,55.94119644165039,88.36038208007812,47.30228042602539,124.21324920654297,88.94409942626953,134.6330108642578,211.47227478027344,98.76248168945312,58.74461364746094
2017-06-07,12.039030075073242,34.03572463989258,122.44999694824219,55.82722473144531,88.19632720947266,47.34788513183594,124.32952880859375,88.83340454101562,135.16075134277344,211.8636016845703,98.29037475585938,59.156551361083984
2017-06-08,12.039030075073242,34.2398681640625,121.6500015258789,55.8715705871582,88.05694580078125,47.24906921386719,126.02922821044922,88.67852020263672,135.3021240234375,211.96791076660156,98.03075408935547,59.014503479003906
2017-06-09,12.10666561126709,33.97855758666992,120.54000091552734,55.91588592529297,87.97490692138672,47.021034240722656,126.68229675292969,88.58992767333984,131.91885375976562,211.6461639404297,97.8812255859375,59.42644119262695
2017-06-12,11.996759414672852,33.798912048339844,120.36000061035156,56.010833740234375,87.95851135253906,46.861412048339844,126.47653198242188,88.61201477050781,131.21209716796875,211.6027069091797,97.84974670410156,59.95914077758789
2017-06-13,12.047486305236816,33.96222686767578,120.4800033569336,56.112152099609375,87.99131774902344,47.24906921386719,127.12065887451172,88.70800018310547,132.2769775390625,212.63739013671875,97.8655014038086,60.094078063964844
2017-06-14,11.836125373840332,33.954063415527344,119.81999969482422,56.11847686767578,88.45056915283203,47.233863830566406,126.36920166015625,89.31307983398438,131.70211791992188,212.3678436279297,99.37622833251953,60.179317474365234
2017-06-15,11.88685417175293,33.60292434692383,119.31999969482422,55.903194427490234,88.2947769165039,46.724586486816406,125.72509002685547,89.0990982055664,131.11781311035156,211.95916748046875,99.21885681152344,60.48472213745117
2017-06-16,11.937578201293945,33.66007995605469,119.33999633789062,55.808250427246094,88.34397888183594,47.135047912597656,125.41194152832031,89.17288208007812,130.5489501953125,212.00550842285156,99.4155502319336,60.328468322753906
2017-06-19,11.861489295959473,33.99489974975586,118.43000030517578,55.97917175292969,88.097900390625,47.28707504272461,126.34226989746094,89.06218719482422,132.7318572998047,213.7704620361328,99.27393341064453,60.33557891845703
2017-06-20,11.743127822875977,33.61915588378906,118.18000030517578,55.78290939331055,88.31938171386719,46.89716720581055,125.0630874633789,89.26143646240234,131.69241333007812,212.3288116455078,100.16301727294922,60.193519592285156
2017-06-21,11.616312980651855,33.69298553466797,118.5199966430664,55.460025787353516,88.3111343383789,46.827674865722656,124.7499771118164,89.30571746826172,132.9965057373047,212.2764129638672,100.36761474609375,60.072784423828125
2017-06-22,11.633220672607422,33.86526870727539,118.91999816894531,55.611968994140625,88.3931884765625,46.85856628417969,125.2240982055664,89.37952423095703,132.95867919921875,212.18023681640625,100.587890625,60.12961196899414
2017-06-23,11.683947563171387,34.045753479003906,119.43000030517578,55.83987808227539,88.41780853271484,46.95120620727539,126.05610656738281,89.42378997802734,133.46896362304688,212.4336700439453,100.54071044921875,60.33827209472656
2017-06-26,11.709310531616211,34.373905181884766,118.36000061035156,55.91588592529297,88.49158477783203,47.036136627197266,126.20817565917969,89.58609008789062,132.84527587890625,212.5734405517578,100.91837310791016,60.76847839355469
2017-06-27,11.84458065032959,33.971920013427734,118.80999755859375,55.73860168457031,88.05694580078125,47.05930709838867,125.09889221191406,89.18025207519531,130.43557739257812,210.86094665527344,99.84046173095703,60.223541259765625
2017-06-28,11.920669555664062,34.23445129394531,118.9000015258789,55.96652603149414,87.97490692138672,47.42219161987305,127.01326751708984,89.27617645263672,132.31610107421875,212.74819946289062,99.50996398925781,60.3669319152832
2017-06-29,11.971396446228027,33.79964065551758,118.31999969482422,55.82722473144531,87.64679718017578,46.98982620239258,126.26189422607422,89.0031509399414,130.01980590820312,210.87840270996094,98.67597198486328,59.67859649658203
2017-06-30,12.216571807861328,33.95551681518555,118.0199966430664,55.960205078125,87.44171905517578,47.01298141479492,126.06499481201172,88.9293441772461,130.06703186035156,211.2715606689453,98.44776916503906,59.67859649658203
2017-07-03,12.343389511108398,34.152408599853516,116.08999633789062,55.93285369873047,87.12059783935547,46.9666633605957,127.12065887451172,88.73696899414062,128.6968231201172,211.6298065185547,98.13079833984375,60.43862533569336
2017-07-05,12.157392501831055,34.08677291870117,116.5199966430664,55.888362884521484,87.18630981445312,46.94348907470703,126.6644287109375,88.88497161865234,129.9630889892578,212.11907958984375,98.15444946289062,59.58539581298828
2017-07-06,12.165847778320312,33.67658615112305,116.47000122070312,55.748470306396484,87.0219497680664,46.70414352416992,125.01036071777344,88.65557861328125,128.79127502441406,210.17935180664062,97.34235382080078,58.466793060302734
2017-07-07,12.047486305236816,33.74221420288086,115.27999877929688,55.69758224487305,86.88237762451172,46.75818634033203,126.22322845458984,88.58161163330078,130.18040466308594,211.54241943359375,96.75889587402344,58.7966423034668
2017-07-10,12.098211288452148,34.062164306640625,115.47000122070312,55.76116943359375,86.99736785888672,46.83539962768555,125.67517852783203,88.7295913696289,131.0308837890625,211.7695770263672,96.90081787109375,58.258853912353516
2017-07-11,12.216571807861328,34.341094970703125,115.62000274658203,55.72300338745117,87.11235046386719,46.95893859863281,126.04352569580078,88.76656341552734,131.3994598388672,211.6123809814453,97.0663833618164,58.194332122802734
2017-07-12,12.157392501831055,35.00559997558594,116.02999877929688,56.08544158935547,87.36697387695312,47.3140983581543,127.01388549804688,89.15872955322266,132.95867919921875,213.2025146484375,97.73661041259766,58.911354064941406
2017-07-13,12.14893913269043,35.17787551879883,115.81999969482422,56.12995529174805,87.27664184570312,47.47624206542969,127.12174224853516,89.0033187866211,133.2515869140625,213.56077575683594,97.12158203125,59.00456619262695
2017-07-14,12.284207344055176,35.620880126953125,116.7699966430664,56.288902282714844,87.39985656738281,47.8082389831543,127.33734130859375,89.21052551269531,134.30059814453125,214.55682373046875,97.23983001708984,59.571022033691406
2017-07-17,12.241936683654785,35.45681381225586,117.29000091552734,56.30797576904297,87.50666809082031,47.72330856323242,127.63380432128906,89.29192352294922,134.36666870117188,214.5306854248047,97.50789642333984,60.05143737792969
2017-07-18,12.292662620544434,35.56345748901367,118.11000061035156,56.33340835571289,87.82698822021484,47.78508377075195,127.30142974853516,89.6766586303711,135.26437377929688,214.6442413330078,98.35942840576172,59.922393798828125
2017-07-19,12.402569770812988,35.858795166015625,118.08000183105469,56.42875289916992,87.82698822021484,47.98582458496094,128.56820678710938,89.64708709716797,136.05819702148438,215.80628967285156,98.39889526367188,60.374107360839844
2017-07-20,12.385659217834473,35.81776809692383,118.23999786376953,56.460594177246094,87.85166931152344,48.17885208129883,128.65809631347656,89.72846221923828,136.2377166748047,215.90240478515625,98.68272399902344,60.09445571899414
2017-07-21,12.216571807861328,35.79316711425781,119.26000213623047,56.41607666015625,88.0077133178711,48.01670837402344,128.07408142089844,89.93560791015625,136.18104553222656,215.7101593017578,99.10059356689453,60.05143737792969
2017-07-24,12.241936683654785,35.899810791015625,119.30999755859375,56.460594177246094,87.95021057128906,47.90861511230469,128.2537384033203,89.83206939697266,136.8046875,215.65777587890625,98.71426391601562,59.93672180175781
2017-07-25,12.377206802368164,35.8095703125,118.91999816894531,56.486026763916016,87.45735931396484,47.97038269042969,129.42173767089844,89.29932403564453,136.45506286621094,216.18197631835938,97.42910766601562,60.015586853027344
2017-07-26,12.495567321777344,36.104896545410156,119.87999725341797,56.56866455078125,87.73664093017578,48.26377868652344,128.70297241210938,89.59529876708984,136.89923095703125,216.19076538085938,97.58679962158203,60.43147277832031
2017-07-27,12.571656227111816,35.908016204833984,119.79000091552734,56.52415466308594,87.59699249267578,48.16340637207031,127.88539123535156,89.37330627441406,136.03929138183594,215.98977661132812,97.10581970214844,60.503170013427734
2017-07-28,12.63929271697998,35.89161682128906,120.69000244140625,56.530521392822266,87.74486541748047,48.21744918823242,127.54403686523438,89.6100845336914,135.92591857910156,215.7364044189453,97.6813735961914,60.33827209472656
2017-07-31,12.715381622314453,35.932621002197266,120.75,56.530521392822266,87.76951599121094,48.33326721191406,127.13970184326172,89.6100845336914,135.3494873046875,215.61412048339844,97.79966735839844,60.417152404785156
2017-08-01,12.571656227111816,36.03926467895508,120.6500015258789,56.58667755126953,87.987548828125,48.61122131347656,127.38227844238281,89.93501281738281,135.6613311767578,216.09466552734375,98.4863052368164,60.689605712890625
2017-08-02,12.597020149230957,36.07209014892578,120.4000015258789,56.59949493408203,87.9052505493164,48.6035041809082,125.9896240234375,89.7940444946289,136.02984619140625,216.1995391845703,98.54161834716797,60.13750457763672
2017-08-03,12.504021644592285,35.92443084716797,120.58999633789062,56.49093246459961,88.20965576171875,48.642112731933594,125.36072540283203,89.920166015625,135.5006103515625,215.7801055908203,99.5609130859375,60.015586853027344
2017-08-04,12.529385566711426,36.05568313598633,119.6500015258789,56.50368118286133,87.9710693359375,48.703880310058594,125.97172546386719,89.57147979736328,135.74636840820312,216.17327880859375,98.7154312133789,60.216373443603516
2017-08-07,12.55474853515625,36.301795959472656,119.51000213623047,56.4781608581543,88.02041625976562,48.71160125732422,126.17835235595703,89.59374237060547,136.60629272460938,216.57516479492188,98.8260498046875,60.151824951171875
2017-08-08,12.563201904296875,36.310001373291016,119.86000061035156,56.23556900024414,87.9463882446289,48.503135681152344,125.78302764892578,89.16346740722656,136.37002563476562,216.0421905517578,98.47052001953125,59.86500930786133
2017-08-09,12.647746086120605,35.981849670410156,121.30999755859375,56.018463134765625,88.0533218383789,48.41048049926758,124.6959228515625,89.25251007080078,136.1905059814453,216.03346252441406,99.00780487060547,59.664241790771484
2017-08-10,12.453295707702637,35.1286506652832,122.20999908447266,55.66093063354492,88.38240814208984,47.75419616699219,122.43183898925781,89.22282409667969,133.27049255371094,212.9840850830078,99.85328674316406,59.23403549194336
2017-08-11,12.495567321777344,35.210689544677734,122.79000091552734,55.7567024230957,88.48115539550781,47.66926193237305,122.61151885986328,89.38601684570312,134.2816162109375,213.29867553710938,99.90070343017578,58.86833572387695
2017-08-14,12.385659217834473,35.5716552734375,121.91999816894531,56.050392150878906,88.26724243164062,48.03215026855469,124.47128295898438,89.32669067382812,136.01092529296875,215.41310119628906,99.3870849609375,59.85065460205078
2017-08-15,12.3264799118042,35.61268997192383,120.9800033569336,56.069522857666016,88.00399780273438,47.93950271606445,123.44707489013672,89.22282409667969,136.10546875,215.3868865966797,98.96831512451172,59.67142868041992
2017-08-16,12.292662620544434,35.981849670410156,121.87000274658203,56.075931549072266,88.16847229003906,48.248329162597656,123.4830093383789,89.47504425048828,136.34165954589844,215.76258850097656,99.331787109375,59.90803909301758
2017-08-17,12.3264799118042,35.52244186401367,122.48999786376953,55.76308059692383,88.48115539550781,47.72330856323242,121.22785949707031,89.56407928466797,133.5540008544922,212.39869689941406,100.07451629638672,59.53517150878906
2017-08-18,12.546294212341309,35.82598114013672,122.30000305175781,55.846073150634766,88.49757385253906,47.84684753417969,121.21890258789062,89.50472259521484,133.45950317382812,212.06663513183594,100.05085754394531,58.932891845703125
2017-08-21,12.39411449432373,35.95724868774414,122.76000213623047,55.903533935546875,88.55520629882812,47.85456848144531,121.13802337646484,89.63082885742188,133.28945922851562,212.23269653320312,100.29583740234375,59.5638542175293
2017-08-22,12.427933692932129,36.359230041503906,122.20999908447266,56.13338851928711,88.38240814208984,48.05531692504883,122.44973754882812,89.54180908203125,135.3211212158203,214.4519805908203,99.90857696533203,59.39176940917969
2017-08-23,12.537839889526367,36.5315055847168,122.66999816894531,56.139766693115234,88.68685913085938,48.06304168701172,122.25214385986328,89.88310241699219,134.8391571044922,213.68310546875,100.5881118774414,60.00123596191406
2017-08-24,12.529385566711426,36.64635467529297,122.29000091552734,56.22277069091797,88.54692077636719,47.94721984863281,122.62946319580078,89.71246337890625,134.4423065185547,213.18504333496094,100.21681213378906,59.8148193359375
2017-08-25,12.504021644592285,36.859649658203125,122.73999786376953,56.32489776611328,88.6950454711914,48.26377868652344,122.9798583984375,89.920166015625,134.15878295898438,213.68310546875,100.60395812988281,60.10165023803711
2017-08-28,12.512475967407227,36.7283935546875,124.69000244140625,56.331321716308594,88.77731323242188,48.27149963378906,123.5009994506836,89.920166015625,134.5745849609375,213.69186401367188,100.54074096679688,59.64272689819336
2017-08-29,12.512475967407227,36.66276168823242,124.41999816894531,56.26108169555664,88.98300170898438,48.09391403198242,123.52790069580078,89.98694610595703,135.10372924804688,213.93650817871094,100.86469268798828,59.578189849853516
2017-08-30,12.419477462768555,36.720184326171875,124.36000061035156,56.41429901123047,88.908935546875,48.01670837402344,124.31855773925781,90.06111145019531,136.69137573242188,214.9499969482422,100.83309173583984,59.915218353271484
2017-08-31,12.766107559204102,36.777618408203125,125.81999969482422,56.56754684448242,89.04878997802734,48.38732147216797,125.5404052734375,90.21690368652344,138.15606689453125,216.24313354492188,101.13339233398438,60.25938034057617
2017-09-01,12.783016204833984,37.04834747314453,126.05999755859375,56.62523651123047,88.78682708740234,48.4799690246582,126.25025177001953,89.85987854003906,137.96701049804688,216.54901123046875,100.35977935791016,60.46733093261719
2017-09-05,12.808379173278809,36.56431579589844,127.45999908447266,56.497032165527344,89.40472412109375,48.17885208129883,125.03731536865234,90.41773986816406,136.7291259765625,214.99371337890625,101.95127868652344,60.30241012573242
2017-09-06,12.935195922851562,36.802242279052734,126.80999755859375,56.45853805541992,89.19051361083984,48.44908142089844,125.29784393310547,90.09786987304688,137.1449432373047,215.7276611328125,101.32581329345703,60.46014404296875
2017-09-07,12.926741600036621,37.07295227050781,128.1300048828125,56.4649543762207,89.57779693603516,48.850582122802734,124.9833984375,90.4474868774414,137.46620178222656,215.70144653320312,102.3630142211914,60.84733200073242
2017-09-08,12.783016204833984,36.82684326171875,127.97000122070312,56.28544998168945,89.51185607910156,48.87373733520508,125.0821762084961,90.17974853515625,136.27554321289062,215.4480438232422,102.141357421875,60.89754104614258
2017-09-11,12.808379173278809,37.31906509399414,126.19000244140625,56.4649543762207,89.00099182128906,49.2211799621582,126.39397430419922,89.90451049804688,137.84425354003906,217.74603271484375,100.92195129394531,61.45682144165039
2017-09-12,12.842196464538574,37.278045654296875,126.55999755859375,56.53547668457031,88.78682708740234,49.36015701293945,127.16663360595703,89.80784606933594,138.1749725341797,218.4799041748047,100.39144897460938,60.73262023925781
2017-09-13,12.90137767791748,37.08115768432617,125.61000061035156,56.55470657348633,88.60549926757812,49.10536575317383,127.54403686523438,89.71854400634766,138.36395263671875,218.58480834960938,99.99557495117188,60.57487869262695
2017-09-14,12.909832000732422,37.179603576660156,126.16000366210938,56.63167190551758,88.62200164794922,49.20573806762695,127.4272232055664,89.94168090820312,137.55128479003906,218.514892578125,100.40728759765625,61.07679748535156
2017-09-15,12.969013214111328,37.4011116027832,125.52999877929688,56.682960510253906,88.72911071777344,49.20573806762695,127.94831085205078,90.01605224609375,138.0237274169922,218.80911254882812,100.44684600830078,61.1915168762207
2017-09-18,12.952102661132812,37.53236770629883,124.36000061035156,56.65730667114258,88.38306427001953,49.306114196777344,128.81976318359375,89.92684173583984,137.84286499023438,219.2745361328125,99.8689193725586,60.861698150634766
2017-09-19,12.926741600036621,37.614402770996094,124.62000274658203,56.71499252319336,88.28417205810547,49.530025482177734,128.81976318359375,89.97889709472656,138.0796356201172,219.4939727783203,99.62342834472656,60.46014404296875
2017-09-20,13.03664779663086,37.44212341308594,123.62000274658203,56.708560943603516,88.11117553710938,49.42964553833008,129.23306274414062,89.86730194091797,137.6534881591797,219.5730438232422,99.6946792602539,60.29521560668945
2017-09-21,12.985921859741211,37.44212341308594,122.68000030517578,56.638065338134766,87.99579620361328,49.31382751464844,129.09832763671875,89.86730194091797,136.81060791015625,218.98471069335938,99.63925170898438,60.18050765991211
2017-09-22,13.03664779663086,37.22883224487305,123.23999786376953,56.69578552246094,88.15233612060547,49.44508743286133,129.6463623046875,89.98634338378906,136.6780548095703,219.02857971191406,99.92432403564453,59.75602340698242
2017-09-25,13.256462097167969,36.59713363647461,124.52999877929688,56.72783660888672,88.41603088378906,49.20573806762695,129.82608032226562,90.32105255126953,135.2384796142578,218.58074951171875,100.5498275756836,60.103721618652344
2017-09-26,13.138100624084473,36.49870300292969,123.13999938964844,56.798343658447266,88.3418960571289,49.074485778808594,130.23944091796875,90.30618286132812,135.58889770507812,218.71246337890625,100.3676986694336,60.20513916015625
2017-09-27,13.087372779846191,36.367427825927734,121.9800033569336,56.82398223876953,87.8886947631836,49.136253356933594,132.78819274902344,89.95658111572266,136.81060791015625,219.56419372558594,98.85539245605469,59.6618537902832
2017-09-28,13.087372779846191,36.34282302856445,122.20999908447266,56.82398223876953,87.87223052978516,49.27523422241211,133.13941955566406,90.09046173095703,136.76324462890625,219.82766723632812,98.56242370605469,60.06747817993164
2017-09-29,13.019740104675293,36.761207580566406,121.58000183105469,56.907344818115234,87.76508331298828,49.54545593261719,133.4547119140625,90.1723403930664,137.7481689453125,220.60037231445312,98.78411865234375,60.19064712524414
2017-10-02,12.909832000732422,36.769412994384766,120.7699966430664,56.87833786010742,87.66526794433594,49.48369216918945,135.0937957763672,90.25650024414062,137.8712921142578,221.55747985839844,98.60320281982422,60.103721618652344
2017-10-03,12.91828727722168,37.35187911987305,120.83000183105469,56.98138427734375,87.78905487060547,49.669002532958984,135.39097595214844,90.45791625976562,138.16482543945312,222.03164672851562,98.69842529296875,60.016780853271484
2017-10-04,12.935195922851562,37.34368133544922,121.16999816894531,56.923439025878906,87.76428985595703,49.59950637817383,134.95870971679688,90.40571594238281,138.29739379882812,222.29507446289062,98.70638275146484,60.321048736572266
2017-10-05,13.078919410705566,37.622615814208984,120.5199966430664,56.99428176879883,87.67352294921875,49.54545593261719,135.32797241210938,90.27892303466797,139.65179443359375,223.61215209960938,98.33349609375,60.53837585449219
2017-10-06,12.876014709472656,37.43392562866211,121.08999633789062,56.91058349609375,87.56623077392578,49.51457214355469,135.1388397216797,90.20430755615234,139.8411865234375,223.35755920410156,98.05577087402344,60.3427734375
2017-10-09,12.884469032287598,37.409305572509766,122.08000183105469,56.9170036315918,87.66526794433594,49.5068473815918,134.58045959472656,90.27892303466797,139.6801300048828,222.98875427246094,98.36518859863281,60.487667083740234
2017-10-10,13.03664779663086,37.77847671508789,122.4000015258789,56.9620475769043,87.6982650756836,49.98555374145508,134.9676513671875,90.33856964111328,139.7843780517578,223.5770721435547,98.52391052246094,60.66875076293945
2017-10-11,13.062010765075684,37.95075607299805,122.79000091552734,56.904117584228516,87.79729461669922,50.09364318847656,134.86863708496094,90.2938461303711,140.20098876953125,223.92823791503906,98.7143325805664,60.87159729003906
2017-10-12,13.045103073120117,37.934356689453125,122.88999938964844,56.83972930908203,87.87979888916016,50.10137176513672,134.7695770263672,90.31622314453125,139.94532775878906,223.59461975097656,99.13482666015625,61.26276397705078
2017-10-13,13.171917915344238,38.27891159057617,123.81999969482422,56.8654899597168,88.17684936523438,50.3638916015625,134.52638244628906,90.67422485351562,140.48512268066406,223.86680603027344,99.8488540649414,61.4221305847168
2017-10-16,13.205735206604004,38.25430679321289,122.97000122070312,56.897666931152344,88.0283203125,50.3330078125,134.40936279296875,90.54743194580078,140.9680938720703,224.16539001464844,99.77747344970703,61.11787414550781
2017-10-17,13.188826560974121,38.057395935058594,122.12999725341797,56.98138427734375,87.99537658691406,50.17086410522461,134.02207946777344,90.53252410888672,141.14804077148438,224.32342529296875,99.90443420410156,61.1903190612793
2017-10-18,13.180371284484863,38.14765167236328,121.66999816894531,57.03929138183594,87.77257537841797,50.30983352661133,134.6615447998047,90.39820861816406,140.9776153564453,224.54295349121094,99.24590301513672,61.12512969970703
2017-10-19,13.12119197845459,37.8112907409668,122.38999938964844,57.04578399658203,87.8633041381836,50.19402313232422,134.454345703125,90.53252410888672,140.45672607421875,224.6044158935547,99.4204330444336,60.94401168823242
2017-10-20,13.188826560974121,37.95075607299805,121.61000061035156,57.097267150878906,87.500244140625,50.124534606933594,135.07579040527344,90.2863998413086,140.8355712890625,225.7634735107422,98.36518859863281,60.59632873535156
2017-10-23,13.188826560974121,37.647216796875,121.80000305175781,57.03289794921875,87.58277893066406,50.01644515991211,134.0670623779297,90.37588500976562,139.91690063476562,224.8853759765625,98.53974914550781,60.364505767822266
2017-10-24,13.3240966796875,37.647216796875,121.33000183105469,57.03289794921875,87.31871795654297,50.13997268676758,134.34625244140625,90.15213775634766,140.15370178222656,225.28054809570312,97.92887115478516,60.00230407714844
2017-10-25,13.3410062789917,37.565185546875,121.3499984741211,56.871944427490234,87.178466796875,49.95466995239258,133.69786071777344,89.9134750366211,139.62332153320312,224.16539001464844,97.46073913574219,59.82844543457031
2017-10-26,13.400187492370605,37.31086349487305,120.33000183105469,56.80110168457031,87.06291198730469,49.93922805786133,133.9770050048828,89.90603637695312,139.17820739746094,224.4551544189453,97.13544464111328,59.33586883544922
2017-10-27,13.46782112121582,37.85231018066406,120.9000015258789,56.95561981201172,87.3434829711914,50.03960037231445,134.9046630859375,90.17452239990234,143.23155212402344,226.2903289794922,97.77804565429688,59.6038932800293
2017-10-30,13.501639366149902,37.614402770996094,121.12999725341797,56.942745208740234,87.65702819824219,50.1785774230957,133.48167419433594,90.47286224365234,143.55355834960938,225.44740295410156,98.7143325805664,59.55318069458008
2017-10-31,13.535455703735352,37.967166900634766,120.66999816894531,56.95561981201172,87.59928131103516,50.37932586669922,134.4272918701172,90.34605407714844,144.0933837890625,225.79861450195312,98.74603271484375,59.54593276977539
2017-11-01,13.54391098022461,38.164058685302734,121.11000061035156,56.901336669921875,87.65213012695312,50.4565315246582,133.53575134277344,90.48887634277344,144.04600524902344,226.09713745117188,99.18567657470703,59.835689544677734
2017-11-02,13.628456115722656,38.21329116821289,121.19000244140625,56.86897659301758,87.76783752441406,50.556907653808594,133.93197631835938,90.47391510009766,143.7713623046875,226.18496704101562,99.62300872802734,60.3427734375
2017-11-03,13.712996482849121,38.01639175415039,120.62000274658203,56.87546157836914,87.9083480834961,50.51057815551758,133.84194946289062,90.57861328125,145.15411376953125,226.94009399414062,99.89335632324219,60.19064712524414
2017-11-06,13.97508430480957,38.44298553466797,121.6500015258789,56.881935119628906,88.01579284667969,50.59550857543945,133.9950408935547,90.60104370117188,145.64654541015625,227.2913360595703,100.26699829101562,60.59632873535156
2017-11-07,13.89054012298584,38.19687271118164,121.20999908447266,56.72031021118164,88.0488052368164,50.41020584106445,132.3918914794922,90.5262680053711,145.73179626464844,227.13328552246094,100.68840026855469,61.08891296386719
2017-11-08,13.865177154541016,38.37736129760742,121.62999725341797,56.46820068359375,87.9414291381836,50.580078125,132.57205200195312,90.40664672851562,146.31893920898438,227.51963806152344,100.46581268310547,61.39316177368164
2017-11-09,13.89054012298584,38.13944625854492,122.12999725341797,56.19020080566406,87.9083480834961,50.2403450012207,132.10372924804688,90.16730499267578,145.55184936523438,226.6942596435547,100.17957305908203,61.45835876464844
2017-11-10,13.865177154541016,37.97537612915039,121.12999725341797,56.31308364868164,87.4620590209961,50.116817474365234,132.00465393066406,89.65138244628906,145.5423126220703,226.62400817871094,98.66890716552734,61.52355194091797
2017-11-13,13.822904586791992,37.893333435058594,121.30999755859375,56.27425003051758,87.42072296142578,49.90062713623047,132.04067993164062,89.66636657714844,145.72232055664062,226.83473205566406,98.8756103515625,61.835060119628906
2017-11-14,13.636907577514648,37.63902282714844,121.55999755859375,56.035072326660156,87.54471588134766,49.87746047973633,131.68043518066406,89.68876647949219,145.19198608398438,226.3079071044922,99.54346466064453,61.70465087890625
2017-11-15,13.619999885559082,37.44212341308594,121.41000366210938,56.035072326660156,87.85872650146484,49.60723114013672,131.1580810546875,90.07011413574219,144.5100555419922,225.17518615722656,100.62483978271484,61.0816650390625
2017-11-16,13.577728271484375,38.22148513793945,121.4000015258789,56.584556579589844,87.6356430053711,50.07048416137695,133.08538818359375,89.9654541015625,146.3568878173828,227.08937072753906,99.75023651123047,61.588748931884766
2017-11-17,13.797542572021484,38.410179138183594,122.86000061035156,56.545745849609375,87.75135040283203,49.88518524169922,133.69786071777344,90.07759857177734,145.79806518554688,226.42201232910156,100.48961639404297,61.32072067260742
2017-11-20,13.68763542175293,38.60707092285156,121.30999755859375,56.55869674682617,87.61085510253906,50.0241584777832,134.6705322265625,90.07759857177734,145.68441772460938,226.80838012695312,100.44986724853516,61.139617919921875
2017-11-21,13.780632972717285,39.1239013671875,121.51000213623047,56.67507553100586,87.62738800048828,50.39476013183594,136.07546997070312,90.37669372558594,147.2659912109375,228.29238891601562,100.76790618896484,61.59599304199219
2017-11-22,13.856720924377441,39.22235107421875,122.62999725341797,56.765560150146484,87.9083480834961,50.556907653808594,135.89537048339844,90.72819519042969,147.44595336914062,228.0903778076172,101.09386444091797,61.45835876464844
2017-11-24,13.898993492126465,39.140316009521484,122.31999969482422,56.80437088012695,87.8339614868164,50.912086486816406,135.9493865966797,90.6235122680664,147.98573303222656,228.6172637939453,100.81563568115234,61.53804397583008
2017-11-27,13.873629570007324,38.5660514831543,122.83000183105469,56.629783630371094,87.89179992675781,50.64183044433594,135.5351104736328,90.57115173339844,147.9194793701172,228.5030517578125,100.67247772216797,61.248268127441406
2017-11-28,13.81445026397705,38.85317611694336,122.80999755859375,56.80437088012695,87.9083480834961,50.92750549316406,137.66966247558594,90.69822692871094,148.29827880859375,230.82122802734375,100.80767822265625,61.01646423339844
2017-11-29,13.721452713012695,38.23789596557617,122.04000091552734,56.733253479003906,87.62738800048828,50.73448944091797,138.12887573242188,90.33929443359375,145.7128448486328,230.68072509765625,99.8138198852539,61.0382194519043
2017-11-30,13.662271499633789,37.81950378417969,121.0999984741211,56.74618148803711,87.3546371459961,50.827144622802734,138.381103515625,90.23464965820312,146.9345703125,232.70034790039062,99.47991180419922,61.13237762451172
2017-12-01,13.780632972717285,37.606197357177734,121.58999633789062,56.727996826171875,87.67744445800781,50.65727996826172,137.813720703125,90.5135726928711,146.30946350097656,232.21737670898438,100.82234191894531,61.277259826660156
2017-12-04,13.61154556274414,37.68003845214844,121.18000030517578,56.708518981933594,87.63606262207031,50.41020584106445,137.3003387451172,90.65602111816406,144.62371826171875,231.9364471435547,100.87010955810547,60.972999572753906
2017-12-05,13.61154556274414,37.65542221069336,120.31999969482422,56.67607498168945,87.70227813720703,50.325279235839844,135.93133544921875,90.82846069335938,144.71847534179688,231.1022491455078,101.3720474243164,60.465904235839844
2017-12-06,13.38327693939209,37.14678955078125,120.06999969482422,56.624149322509766,87.88438415527344,50.19402313232422,135.2919921875,91.00088500976562,145.3718719482422,231.14613342285156,101.72262573242188,60.4079704284668
2017-12-07,13.425549507141113,37.2534294128418,118.48999786376953,56.65007781982422,87.72708129882812,50.30983352661133,136.23756408691406,90.82099151611328,145.8643798828125,231.8749542236328,100.9259033203125,60.56008529663086
2017-12-08,13.493184089660645,37.6882438659668,118.4800033569336,56.708518981933594,87.66088104248047,50.61866760253906,136.36367797851562,90.70849609375,146.50833129882812,233.13934326171875,100.9338607788086,60.87159729003906
2017-12-11,13.52700138092041,37.876922607421875,118.01000213623047,56.72149658203125,87.60294342041016,50.70360565185547,136.30967712402344,90.7759780883789,147.6448211669922,233.84178161621094,100.72673034667969,60.864349365234375
2017-12-12,13.408639907836914,37.622615814208984,118.1500015258789,56.695533752441406,87.5284194946289,50.765377044677734,135.88633728027344,90.70849609375,147.44595336914062,234.25454711914062,100.68689727783203,61.161346435546875
2017-12-13,13.34946060180664,38.07381820678711,119.16999816894531,56.727996826171875,87.88438415527344,50.95066833496094,136.6968994140625,91.02342987060547,147.7300567626953,234.22816467285156,101.44373321533203,61.26276397705078
2017-12-14,13.391732215881348,37.79488754272461,118.93000030517578,56.61115264892578,87.85122680664062,50.70360565185547,135.1838836669922,91.1883544921875,147.62588500976562,233.2710723876953,101.87395477294922,61.248268127441406
2017-12-15,13.391732215881348,37.876922607421875,119.18000030517578,56.61763381958008,87.83467864990234,50.70360565185547,137.11119079589844,91.3157958984375,149.3021697998047,235.2135772705078,102.2563705444336,61.63220977783203
2017-12-18,13.450912475585938,38.303524017333984,119.7300033569336,56.67607498168945,87.63606262207031,51.29812240600586,138.96649169921875,91.0458984375,150.55392456054688,236.70518493652344,101.3242416381836,62.03788375854492
2017-12-19,13.55236530303955,38.10115432739258,119.81999969482422,56.559200286865234,87.23876953125,51.119346618652344,137.86776733398438,90.5810546875,149.6617889404297,235.79615783691406,100.00973510742188,60.719486236572266
2017-12-20,13.628456115722656,38.151123046875,120.13999938964844,56.604637145996094,86.98218536376953,51.02566909790039,138.137939453125,90.34110260009766,149.50051879882812,235.67257690429688,98.90230560302734,60.016780853271484
2017-12-21,13.636907577514648,38.40095520019531,120.30999755859375,56.66398620605469,87.04351043701172,51.236446380615234,138.74273681640625,90.5844955444336,149.5194549560547,236.15792846679688,99.47874450683594,59.78432083129883
2017-12-22,13.696089744567871,38.72576141357422,120.94000244140625,56.716121673583984,87.0766830444336,51.36916732788086,138.48960876464844,90.65216827392578,149.34864807128906,236.0961456298828,99.61441040039062,60.1962890625
2017-12-26,13.898993492126465,38.69245147705078,121.7699966430664,56.80088424682617,87.10982513427734,51.34574508666992,138.5709228515625,90.77241516113281,148.5420379638672,235.81373596191406,99.90985107421875,60.49789810180664
2017-12-27,13.93281078338623,38.792388916015625,122.2300033569336,56.82693862915039,87.4828872680664,51.47066116333008,138.4353790283203,91.27578735351562,148.5609588623047,235.9285430908203,101.21123504638672,60.69652557373047
2017-12-28,14.000444412231445,39.05888748168945,122.8499984741211,56.80088424682617,87.3751220703125,51.525306701660156,138.977783203125,91.21571350097656,148.7412567138672,236.41395568847656,101.12335968017578,61.02019119262695
2017-12-29,14.042719841003418,39.242103576660156,123.6500015258789,56.88560485839844,87.51607513427734,51.59556198120117,137.82965087890625,91.3359375,147.82070922851562,235.52249145507812,101.28308868408203,61.04226303100586
2018-01-02,14.110352516174316,39.983299255371094,125.1500015258789,56.93773651123047,87.22586822509766,51.970298767089844,139.13148498535156,90.72731018066406,150.41159057617188,237.20826721191406,100.18927764892578,60.8141975402832
2018-01-03,14.194899559020996,40.36639404296875,124.81999969482422,57.211585998535156,87.31708526611328,52.31379699707031,139.276123046875,90.89260864257812,151.873046875,238.70860290527344,100.66830444335938,60.637657165527344
2018-01-04,14.177989959716797,40.5662727355957,125.45999908447266,57.309383392333984,87.27562713623047,52.82904815673828,139.64674377441406,90.86251831054688,152.13877868652344,239.71473693847656,100.65235137939453,59.59306716918945
2018-01-05,14.1272611618042,40.91605758666992,125.33000183105469,57.34848403930664,87.16783905029297,53.102294921875,139.93603515625,90.83248138427734,153.66668701171875,241.31216430664062,100.36492156982422,59.622501373291016
2018-01-08,14.11880874633789,40.91605758666992,125.30999755859375,57.3028678894043,87.12641143798828,53.06325149536133,140.1530303955078,90.824951171875,154.2646484375,241.7534637451172,100.30107116699219,59.93143844604492
2018-01-09,14.211806297302246,40.84943389892578,124.7300033569336,57.12681198120117,86.71189880371094,53.16474151611328,139.9631805419922,90.49440002441406,154.2741241455078,242.3006591796875,98.95974731445312,59.15906524658203
2018-01-10,14.262532234191895,40.59125900268555,125.02999877929688,57.00298309326172,86.68705749511719,53.07106399536133,139.9812469482422,90.5544662475586,153.91348266601562,241.9300537109375,98.84001159667969,58.49698257446289
2018-01-11,14.25407600402832,40.84110641479492,125.44000244140625,57.192020416259766,86.74506378173828,53.42236328125,142.385986328125,90.77241516113281,154.96690368652344,243.6951904296875,99.2471923828125,58.298370361328125
2018-01-12,14.347074508666992,41.232521057128906,126.95999908447266,57.09421157836914,86.68705749511719,53.95323181152344,142.982666015625,90.78742980957031,156.1057586669922,245.28372192382812,99.41484069824219,57.827571868896484
2018-01-16,14.279439926147461,41.07429504394531,127.16999816894531,57.061614990234375,86.728515625,53.86735916137695,141.15647888183594,90.87008666992188,155.65966796875,244.44532775878906,99.83001708984375,57.93791961669922
2018-01-17,14.296350479125977,41.61561584472656,126.13999938964844,57.06818389892578,86.53784942626953,54.203060150146484,142.4944610595703,90.62211608886719,157.3394775390625,246.7753143310547,99.69429016113281,58.34249496459961
2018-01-18,14.296350479125977,41.665584564208984,125.86000061035156,57.009464263916016,86.26427459716797,54.101566314697266,141.51808166503906,90.26897430419922,157.36798095703125,246.36045837402344,98.7681655883789,57.59217071533203
2018-01-19,14.270987510681152,42.00703811645508,126.41999816894531,57.06818389892578,86.04045104980469,54.390411376953125,143.38046264648438,89.990966796875,157.86148071289062,247.48130798339844,98.24918365478516,57.901153564453125
2018-01-22,14.304803848266602,42.248558044433594,126.6500015258789,57.120304107666016,86.00725555419922,54.71050262451172,144.1488494873047,89.9083480834961,159.55064392089844,249.49356079101562,98.34500122070312,58.430782318115234
2018-01-23,14.406256675720215,42.448429107666016,127.27999877929688,57.289798736572266,86.25598907470703,54.86663818359375,144.60992431640625,90.29904174804688,160.869873046875,250.02313232421875,98.7681655883789,59.23997116088867
2018-01-24,14.558435440063477,42.80653762817383,128.8300018310547,57.20503616333008,86.09016418457031,55.02277374267578,143.71495056152344,90.23890686035156,159.825927734375,249.92588806152344,98.23322296142578,58.93101119995117
2018-01-25,14.473892211914062,42.78154754638672,127.97000122070312,57.16592788696289,86.28085327148438,54.80418014526367,143.7691650390625,90.69721984863281,159.76898193359375,250.03195190429688,99.03960418701172,58.82802200317383
2018-01-26,14.583797454833984,43.37285614013672,128.07000732421875,57.211585998535156,86.02391052246094,55.3038215637207,144.28443908691406,90.57703399658203,162.21749877929688,252.92674255371094,98.67236328125,58.62206268310547
2018-01-29,14.54152774810791,42.71493148803711,127.3499984741211,57.009464263916016,85.80830383300781,54.78858184814453,143.47084045410156,90.33661651611328,161.42979431152344,251.24989318847656,97.98573303222656,57.83494186401367
2018-01-30,14.44007396697998,42.131954193115234,126.80000305175781,56.813907623291016,85.60939025878906,54.42945098876953,142.09666442871094,90.02853393554688,160.1011505126953,248.67282104492188,97.4109115600586,57.415618896484375
2018-01-31,14.456981658935547,42.49839782714844,127.6500015258789,56.91171646118164,85.63423156738281,54.2811279296875,141.35536193847656,90.21636199951172,160.76544189453125,248.79638671875,97.98573303222656,58.44548416137695
2018-02-01,14.600707054138184,41.923763275146484,128.07000732421875,56.80429458618164,85.19249725341797,54.484100341796875,141.79837036132812,89.8178482055664,159.39883422851562,248.513916015625,96.56564331054688,57.18756866455078
2018-02-02,14.363984107971191,40.84943389892578,126.38999938964844,56.44428634643555,84.87696075439453,53.32868194580078,139.06817626953125,89.35830688476562,156.21963500976562,243.1038055419922,95.66962432861328,56.70206069946289
2018-02-05,14.228714942932129,39.4169921875,126.70999908447266,56.130035400390625,85.57445526123047,51.12714385986328,133.7252960205078,89.41102600097656,150.0604705810547,232.93661499023438,96.57362365722656,55.01748275756836
2018-02-06,14.144170761108398,40.699527740478516,125.37999725341797,56.47043991088867,85.2008056640625,52.173274993896484,135.32545471191406,89.23017883300781,154.03684997558594,237.5259552001953,95.97364807128906,55.024837493896484
2018-02-07,13.983539581298828,39.4169921875,124.79000091552734,56.260955810546875,84.95169067382812,51.47846603393555,135.4610595703125,88.98157501220703,152.04388427734375,236.23745727539062,95.06158447265625,54.7894401550293
2018-02-08,13.839814186096191,38.051177978515625,124.9800033569336,55.769962310791016,85.02642822265625,50.2215576171875,131.48329162597656,88.59735107421875,145.62847900390625,227.37640380859375,94.95755004882812,53.21518325805664
2018-02-09,13.636907577514648,38.65913772583008,124.7699966430664,55.612831115722656,84.87696075439453,50.42452621459961,132.68568420410156,88.31106567382812,148.14341735839844,230.79196166992188,94.35750579833984,54.54668426513672
2018-02-12,13.721452713012695,39.267086029052734,125.37000274658203,55.99254608154297,84.85208129882812,51.19741439819336,133.94227600097656,88.31106567382812,150.772216796875,234.18099975585938,94.77356719970703,54.56874084472656
2018-02-13,13.74681568145752,39.56689453125,126.08000183105469,55.8157958984375,84.99322509765625,51.02566909790039,134.23159790039062,88.28094482421875,151.55038452148438,234.7635498046875,95.19755554199219,54.951271057128906
2018-02-14,13.958174705505371,40.55794906616211,128.22999572753906,55.91397476196289,84.4784164428711,51.96248245239258,136.6453857421875,87.9570083618164,154.3879852294922,237.9319305419922,94.14151000976562,54.55402755737305
2018-02-15,13.983539581298828,41.3907585144043,128.3800048828125,56.365718841552734,84.50333404541016,52.29037094116211,138.13702392578125,88.37135314941406,157.2541046142578,240.96795654296875,94.46151733398438,55.08369064331055
2018-02-16,14.00890064239502,41.25751495361328,127.95999908447266,56.59483337402344,84.70259094238281,52.46992492675781,138.62522888183594,88.63504028320312,156.55177307128906,241.03854370117188,94.97356414794922,55.385292053222656
2018-02-20,14.051173210144043,40.69119644165039,126.23999786376953,56.39842987060547,84.61126708984375,52.05617141723633,137.48609924316406,88.25833892822266,156.86500549316406,239.52943420410156,94.55753326416016,54.730594635009766
2018-02-21,14.034266471862793,40.65787887573242,125.66000366210938,56.14313507080078,84.3621597290039,51.79072570800781,137.63075256347656,87.77618408203125,156.4188995361328,238.33790588378906,93.39747619628906,53.64922332763672
2018-02-22,14.161078453063965,40.68286895751953,126.30000305175781,56.182395935058594,84.4784164428711,52.071781158447266,137.4137420654297,87.89673614501953,156.3999481201172,238.6468048095703,93.677490234375,54.25978088378906
2018-02-23,14.25407600402832,41.40742111206055,126.13999938964844,56.555564880371094,84.8022232055664,52.508975982666016,139.2038116455078,88.30352020263672,159.59820556640625,242.45066833496094,94.50955200195312,55.12781524658203
2018-02-26,14.330168724060059,41.79050064086914,126.44999694824219,56.65377426147461,84.90185546875,52.93833541870117,140.1168670654297,88.41655731201172,161.71450805664062,245.26609802246094,94.54153442382812,55.28230667114258
2018-02-27,14.186444282531738,40.57460403442383,125.12999725341797,56.50319290161133,84.63617706298828,52.18888473510742,138.10084533691406,88.03231811523438,159.71200561523438,242.20355224609375,94.4055404663086,53.994972229003906
2018-02-28,14.034266471862793,39.991634368896484,125.0,56.41807556152344,84.83545684814453,51.63459777832031,135.92208862304688,88.19806671142578,158.68711853027344,239.74998474121094,95.00555419921875,53.95817565917969
2018-03-01,14.059625625610352,39.91667938232422,124.72000122070312,56.04411697387695,85.20053100585938,50.87732696533203,135.56048583984375,88.10739135742188,156.09622192382812,236.263916015625,95.65410614013672,54.009674072265625
2018-03-02,14.059625625610352,40.083248138427734,125.38999938964844,56.3596076965332,84.88451385498047,51.0724983215332,137.730224609375,87.82788848876953,157.5292510986328,237.4818115234375,94.87649536132812,53.98759460449219
2018-03-05,14.144170761108398,40.14154052734375,125.18000030517578,56.3596076965332,84.77642059326172,51.384788513183594,138.95970153808594,87.79761505126953,159.27548217773438,240.2266082763672,94.61997985839844,54.59817123413086
2018-03-06,14.194899559020996,40.51631164550781,126.52999877929688,56.43846130371094,84.76809692382812,51.743892669677734,140.4604034423828,87.87322235107422,159.94931030273438,240.83563232421875,94.70816040039062,54.85564041137695
2018-03-07,14.042719841003418,40.55794906616211,125.72000122070312,56.300445556640625,84.76809692382812,51.66582107543945,141.69894409179688,87.84295654296875,160.31944274902344,240.7473602294922,94.60392761230469,55.19404220581055
2018-03-08,13.958174705505371,40.5662727355957,125.41999816894531,56.36616516113281,84.94271087646484,51.85319900512695,141.40960693359375,88.0167236328125,161.2020721435547,241.91233825683594,95.1490707397461,55.29701232910156
2018-03-09,14.093445777893066,41.43239974975586,125.54000091552734,56.56991958618164,84.75977325439453,52.14985275268555,143.6697235107422,87.70698547363281,164.33380126953125,246.12220764160156,94.5237808227539,55.59860610961914
2018-03-12,14.06808090209961,41.53234100341797,125.54000091552734,56.4779052734375,84.95934295654297,52.27476501464844,143.9228515625,87.8203125,165.20689392089844,245.813232421875,95.06885528564453,55.84136962890625
2018-03-13,14.025810241699219,41.15755844116211,125.77999877929688,56.300445556640625,85.10076904296875,51.89222717285156,143.25390625,87.82788848876953,162.95770263671875,244.22471618652344,95.54988861083984,55.892879486083984
2018-03-14,14.025810241699219,41.22419357299805,125.69999694824219,56.234710693359375,85.2670669555664,52.040550231933594,142.5758514404297,88.0243148803711,162.92916870117188,242.97132873535156,96.39163970947266,55.94437026977539
2018-03-15,14.017354011535645,41.07429504394531,124.9000015258789,56.274147033691406,85.23382568359375,52.00933074951172,141.8616180419922,88.11493682861328,162.7869415283203,242.70663452148438,96.39163970947266,55.929656982421875
2018-03-16,14.06808090209961,40.982688903808594,124.5999984741211,56.392459869384766,85.13397979736328,51.9000358581543,142.65721130371094,88.21320343017578,162.30291748046875,242.9697723388672,96.04695892333984,56.31952667236328
2018-03-19,13.97508430480957,40.541290283203125,124.87000274658203,56.16238784790039,85.05081939697266,51.517486572265625,141.28305053710938,87.91853332519531,158.8400115966797,239.68231201171875,95.74226379394531,55.834014892578125
2018-03-20,14.06808090209961,40.991004943847656,124.30999755859375,56.274147033691406,84.88451385498047,51.50969314575195,141.24691772460938,87.60877227783203,159.36280822753906,240.08998107910156,95.35747528076172,55.642757415771484
2018-03-21,14.321714401245117,41.232521057128906,126.4800033569336,56.29387283325195,84.94271087646484,51.61117172241211,142.06956481933594,87.55590057373047,158.66885375976562,239.62918090820312,95.46171569824219,55.23081588745117
2018-03-22,14.211806297302246,39.858394622802734,125.9800033569336,55.95865249633789,85.2920150756836,50.67435073852539,138.95433044433594,87.70698547363281,154.75254821777344,233.63912963867188,96.40768432617188,54.907135009765625
2018-03-23,14.338621139526367,39.050559997558594,127.61000061035156,55.81407928466797,85.40845489501953,50.104454040527344,135.96412658691406,87.42745971679688,150.674560546875,228.65919494628906,96.33551025390625,53.92876052856445
2018-03-26,14.347074508666992,40.316429138183594,128.27999877929688,56.17555236816406,85.17559051513672,51.01785659790039,138.9362030029297,87.73722839355469,156.27340698242188,234.9151611328125,95.96676635742188,54.54228210449219
2018-03-27,14.287896156311035,39.583553314208984,127.48999786376953,56.122947692871094,85.657958984375,50.62751007080078,136.24502563476562,88.05455017089844,151.21640014648438,230.9188995361328,96.99288177490234,54.750267028808594
2018-03-28,14.228714942932129,39.38368225097656,125.7300033569336,56.096675872802734,85.64131927490234,50.86952590942383,136.1996612548828,88.28871154785156,149.47686767578125,230.2364959716797,97.2494125366211,56.124393463134766
2018-03-29,14.355528831481934,40.208160400390625,125.79000091552734,56.28728103637695,85.81596374511719,51.431610107421875,137.57701110839844,88.68917083740234,152.21446228027344,233.1782989501953,97.72239685058594,56.05754852294922
2018-04-02,14.161078453063965,39.48361587524414,127.26000213623047,56.06884002685547,85.90345001220703,50.64312744140625,134.22434997558594,88.6413803100586,147.82289123535156,228.14529418945312,97.91517639160156,55.2999153137207
2018-04-03,14.23716926574707,39.87503433227539,126.30000305175781,56.22723388671875,85.62853240966797,51.00223922729492,136.14529418945312,88.40654754638672,149.4863739013672,231.0694122314453,97.1600341796875,55.76787185668945
2018-04-04,14.177989959716797,39.89169692993164,126.44999694824219,56.35259246826172,85.57854461669922,51.13496017456055,137.8760528564453,88.40654754638672,151.8437957763672,233.5416717529297,96.95915222167969,56.35467529296875
2018-04-05,14.245624542236328,39.991634368896484,125.80000305175781,56.39882278442383,85.36194610595703,51.48626708984375,139.01776123046875,88.43683624267578,152.7087860107422,235.38478088378906,96.23613739013672,56.332374572753906
2018-04-06,14.144170761108398,39.20878982543945,126.38999938964844,56.273441314697266,85.73681640625,51.08811950683594,136.24502563476562,88.7020492553711,148.8875274658203,230.13900756835938,97.28854370117188,55.90898513793945
2018-04-09,14.321714401245117,39.25043487548828,126.81999969482422,56.48460006713867,85.75342559814453,51.56435012817383,136.4080810546875,88.74751281738281,149.93313598632812,231.27325439453125,97.44924926757812,55.73074722290039
2018-04-10,14.566887855529785,40.01662063598633,127.12000274658203,56.68918991088867,85.60352325439453,52.14204025268555,138.98153686523438,88.77022552490234,153.24111938476562,234.95054626464844,97.27247619628906,55.67131805419922
2018-04-11,14.676797866821289,40.03327178955078,128.11000061035156,56.70899963378906,85.68685150146484,51.89222717285156,139.28053283691406,88.83084106445312,152.35708618164062,233.7188720703125,97.61795043945312,55.790157318115234
2018-04-12,14.6176176071167,40.01662063598633,126.62000274658203,56.9135627746582,85.37861633300781,52.11862564086914,140.23190307617188,88.58837890625,154.19171142578125,235.64178466796875,96.90298461914062,55.16621780395508
2018-04-13,14.626069068908691,39.61687088012695,127.44999694824219,56.94658660888672,85.45358276367188,52.134239196777344,139.4979705810547,88.61866760253906,153.39324951171875,234.95054626464844,97.12786865234375,55.45590591430664
2018-04-16,14.575343132019043,39.666839599609375,127.62999725341797,57.03235626220703,85.41191864013672,52.21229553222656,140.7847137451172,88.62627410888672,154.56240844726562,236.88226318359375,97.1600341796875,55.7975959777832
2018-04-17,14.583797454833984,39.75011444091797,127.75,57.05876541137695,85.46188354492188,52.52457809448242,142.31605529785156,88.63385772705078,157.88941955566406,239.41653442382812,97.42514038085938,56.451229095458984
2018-04-18,14.854338645935059,40.09156799316406,127.8499984741211,56.99936294555664,85.12869262695312,52.782203674316406,142.6966094970703,88.17923736572266,158.21258544921875,239.59376525878906,96.6458511352539,56.332374572753906
2018-04-19,14.795158386230469,39.858394622802734,127.5999984741211,56.82117462158203,84.8954086303711,52.5948371887207,141.7089080810547,87.84585571289062,156.7582244873047,238.26463317871094,95.85856628417969,55.51533508300781
2018-04-20,14.769793510437012,39.35869598388672,126.62999725341797,56.682594299316406,84.61219787597656,52.329410552978516,140.94778442382812,87.48975372314453,154.2772979736328,236.24424743652344,95.16763305664062,55.00281524658203
2018-04-23,14.76133918762207,39.04222106933594,125.62000274658203,56.53081512451172,84.52888488769531,52.25133514404297,140.73936462402344,87.45186614990234,153.8874969482422,236.20877075195312,95.19178009033203,54.95823287963867
2018-04-24,14.68525218963623,38.8590087890625,126.2300033569336,56.41859817504883,84.42891693115234,52.03274917602539,139.9329071044922,87.19424438476562,150.62704467773438,233.0277099609375,94.7579345703125,55.16621780395508
2018-04-25,14.710613250732422,38.559200286865234,125.41000366210938,56.42519760131836,84.24564361572266,51.91563415527344,139.72447204589844,86.92146301269531,150.8076629638672,233.6037139892578,94.1232681274414,55.06222915649414
2018-04-26,14.786703109741211,39.117191314697266,124.97000122070312,56.62321853637695,84.48724365234375,52.18888473510742,140.36788940429688,87.17912292480469,153.9825439453125,235.97837829589844,94.78202819824219,55.78273391723633
2018-04-27,14.77824878692627,39.35869598388672,125.5,56.59680938720703,84.62887573242188,52.25133514404297,140.16856384277344,87.3760757446289,154.0775909423828,236.20001220703125,95.51311492919922,56.74091720581055
2018-04-30,14.845885276794434,39.07553482055664,124.58999633789062,56.55720138549805,84.72049713134766,52.024940490722656,138.92715454101562,87.30033111572266,152.9844512939453,234.38345336914062,95.68180847167969,56.5180778503418
2018-05-01,14.76133918762207,38.88399124145508,123.70999908447266,56.59895324707031,84.58776092529297,51.939056396484375,139.60671997070312,87.06399536132812,154.7335662841797,234.79995727539062,95.33724212646484,57.03059005737305
2018-05-02,14.76133918762207,38.57585144042969,123.6500015258789,56.57909393310547,84.60447692871094,51.907833099365234,140.13226318359375,86.9956283569336,153.8209686279297,233.2227020263672,95.23253631591797,56.8226318359375
2018-05-03,14.854338645935059,38.49256896972656,124.27999877929688,56.572452545166016,84.82149505615234,52.0639762878418,139.37115478515625,87.01081085205078,153.80194091796875,232.70875549316406,95.65925598144531,56.785457611083984
2018-05-04,14.955792427062988,38.667457580566406,124.54000091552734,56.612205505371094,84.82986450195312,52.22792053222656,141.1109161376953,87.13239288330078,156.72021484375,235.72142028808594,95.80420684814453,57.409420013427734
2018-05-07,14.947336196899414,38.44260787963867,124.56999969482422,56.66521453857422,84.78805541992188,52.25914764404297,142.3070068359375,87.0336685180664,158.0225067138672,236.51893615722656,95.6512451171875,57.79566955566406
2018-05-08,14.989607810974121,38.65913772583008,124.58999633789062,56.57909393310547,84.64620208740234,52.27476501464844,143.0137939453125,87.00320434570312,157.86093139648438,236.51893615722656,95.56265258789062,57.50597381591797
2018-05-09,15.124876022338867,38.734092712402344,124.33000183105469,56.67184829711914,84.45423889160156,52.384063720703125,143.78395080566406,86.98799133300781,159.5814208984375,238.80508422851562,94.99098205566406,57.892234802246094
2018-05-10,15.200967788696289,39.54191207885742,125.18000030517578,56.837554931640625,84.62953186035156,52.69633102416992,144.5541534423828,87.42874145507812,161.23538208007812,241.03810119628906,95.75587463378906,58.3453254699707
2018-05-11,15.107970237731934,39.47528076171875,125.0,56.817657470703125,84.63787078857422,52.860267639160156,144.8350830078125,87.58069610595703,161.0833282470703,241.77362060546875,95.99748992919922,58.14475631713867
2018-05-14,15.217877388000488,39.5252571105957,124.48999786376953,56.830936431884766,84.45423889160156,52.92273712158203,144.28231811523438,87.42112731933594,161.35897827148438,241.88877868652344,95.49017333984375,57.6471061706543
2018-05-15,15.234786033630371,38.709102630615234,122.4800033569336,56.552547454833984,83.98687744140625,52.50115966796875,144.30953979492188,86.76007843017578,159.57192993164062,240.222900390625,94.40321350097656,56.71119689941406
2018-05-16,15.319330215454102,39.29206848144531,122.29000091552734,56.625431060791016,83.81158447265625,52.618263244628906,145.81369018554688,86.64610290527344,160.6270294189453,241.2329864501953,94.04095458984375,56.540367126464844
2018-05-17,15.336236000061035,38.69245147705078,122.36000061035156,56.65858459472656,83.76155853271484,52.69633102416992,146.4842071533203,86.47894287109375,160.00914001464844,241.02926635742188,93.56590270996094,56.258113861083984
2018-05-18,15.344691276550293,38.36764907836914,122.41000366210938,56.59895324707031,84.0870132446289,52.50115966796875,146.67453002929688,86.8360595703125,159.1821746826172,240.4267120361328,94.37109375,56.332374572753906
2018-05-21,15.463055610656738,38.600833892822266,122.4800033569336,56.67847442626953,84.1454849243164,52.82904815673828,147.64407348632812,86.88925170898438,160.07568359375,242.23435974121094,94.41937255859375,57.000892639160156
2018-05-22,15.479961395263672,38.734092712402344,122.41000366210938,56.7182502746582,84.11205291748047,52.77439880371094,146.5748291015625,86.79804229736328,159.86659240722656,241.56089782714844,94.2744140625,57.08259582519531
2018-05-23,15.564505577087402,38.71743392944336,122.54000091552734,56.76465606689453,84.49597930908203,52.220115661621094,146.7650909423828,87.17037200927734,161.2163848876953,242.22543334960938,94.95881652832031,57.65453338623047
2018-05-24,15.463055610656738,38.50923156738281,123.58999633789062,56.797786712646484,84.71302795410156,52.0639762878418,146.81954956054688,87.41355895996094,161.1688995361328,241.72930908203125,95.71563720703125,57.535667419433594
2018-05-25,15.234786033630371,38.667457580566406,123.20999908447266,56.704994201660156,85.04685974121094,51.743892669677734,146.5567626953125,87.67185974121094,161.33047485351562,241.15322875976562,96.31145477294922,57.73623275756836
2018-05-29,15.091060638427734,37.76802062988281,123.19000244140625,56.466400146484375,85.96489715576172,50.65092849731445,146.3573455810547,88.13538360595703,160.61753845214844,238.37974548339844,98.42086791992188,58.01106643676758
2018-05-30,15.285512924194336,38.06784439086914,123.37000274658203,56.638729095458984,85.59764862060547,51.46284484863281,148.67701721191406,87.7934799194336,161.76771545410156,241.56089782714844,97.76070404052734,58.79840087890625
2018-05-31,15.243240356445312,38.051177978515625,123.0999984741211,56.58570098876953,85.55596160888672,51.236446380615234,147.49002075195312,87.7554931640625,161.6632080078125,240.0811309814453,97.59968566894531,58.597869873046875
2018-06-01,15.1417875289917,38.58418273925781,122.48999786376953,56.7148551940918,85.23981475830078,51.572139739990234,148.4595947265625,87.58702850341797,164.201171875,242.4381103515625,97.08401489257812,58.85783004760742
2018-06-04,14.964244842529297,38.9755973815918,122.37000274658203,56.83470916748047,84.93879699707031,51.77512741088867,149.24794006347656,87.38882446289062,165.68408203125,243.59011840820312,96.38186645507812,59.370357513427734
2018-06-05,14.989607810974121,38.675785064697266,122.8499984741211,56.90126419067383,85.15623474121094,51.7126579284668,150.1721649169922,87.44986724853516,166.19740295410156,243.76736450195312,96.60787963867188,59.214359283447266
2018-06-06,15.040335655212402,39.258766174316406,122.91999816894531,57.04106903076172,84.8133316040039,52.18107986450195,151.25950622558594,87.12965393066406,167.16696166992188,245.80532836914062,95.82506561279297,59.355506896972656
2018-06-07,15.099516868591309,38.65913772583008,122.86000061035156,57.06102752685547,85.1729736328125,51.85319900512695,150.43496704101562,87.41934204101562,165.80764770507812,245.7787628173828,96.75309753417969,59.355506896972656
2018-06-08,15.091060638427734,38.58418273925781,123.01000213623047,57.02777862548828,85.0558090209961,51.96248245239258,150.88800048828125,87.2745132446289,165.81710815429688,246.50546264648438,96.46257781982422,59.57091522216797
2018-06-11,15.08260726928711,38.58418273925781,123.2300033569336,57.134273529052734,84.97222137451172,52.32160186767578,151.1145477294922,87.19065856933594,166.263916015625,246.83314514160156,96.28507995605469,59.481781005859375
2018-06-12,15.074151039123535,38.48423767089844,122.81999969482422,57.18088912963867,84.92205810546875,51.96248245239258,151.8031768798828,87.1982650756836,167.1383819580078,247.15216064453125,96.30927276611328,59.838294982910156
2018-06-13,15.133333206176758,38.22607421875,123.19000244140625,57.20085906982422,84.82170104980469,52.01712417602539,151.20516967773438,87.11442565917969,167.1289520263672,246.36354064941406,96.26081848144531,58.67213439941406
2018-06-14,14.964244842529297,37.9679069519043,123.37999725341797,57.3673095703125,85.08930969238281,51.9000358581543,152.0115509033203,87.51077270507812,168.8209686279297,246.9839324951172,97.05973052978516,59.22921371459961
2018-06-15,14.600707054138184,37.668087005615234,121.33999633789062,57.33400344848633,85.15623474121094,51.603363037109375,152.056884765625,87.38882446289062,168.2316131591797,246.66871643066406,97.14852142333984,59.192100524902344
2018-06-18,14.727521896362305,37.21003723144531,121.11000061035156,57.32737350463867,85.19800567626953,51.20520782470703,152.7727508544922,87.29735565185547,168.1343536376953,246.16140747070312,97.05973052978516,59.20859146118164
2018-06-19,14.575343132019043,36.79929733276367,120.80000305175781,57.2474479675293,85.42384338378906,50.76102066040039,152.7818145751953,87.34312438964844,167.6581573486328,245.21798706054688,97.62471008300781,59.14860534667969
2018-06-20,14.558435440063477,36.95856857299805,120.26000213623047,57.307373046875,85.14783477783203,50.7292366027832,154.0141143798828,86.85529327392578,168.84886169433594,245.6363067626953,96.769287109375,59.80830001831055
2018-06-21,14.448529243469238,36.4388542175293,120.05000305175781,57.18754196166992,85.37362670898438,50.40343475341797,152.5734100341797,86.78667449951172,167.38189697265625,244.0963897705078,97.27770233154297,60.09320068359375
2018-06-22,14.735978126525879,36.81605911254883,120.33999633789062,57.194183349609375,85.3903579711914,50.9755744934082,152.06593322753906,86.89337921142578,167.01034545898438,244.54151916503906,97.26962280273438,60.56547546386719
2018-06-25,14.566887855529785,36.32148742675781,119.88999938964844,57.06102752685547,85.50743865966797,50.24451446533203,149.5832061767578,86.80955505371094,163.24755859375,241.2125701904297,97.48750305175781,60.40803909301758
2018-06-26,14.710613250732422,36.17898178100586,119.26000213623047,57.05439376831055,85.54926300048828,50.30807876586914,150.45306396484375,87.09918212890625,163.9143829345703,241.7466278076172,97.62471008300781,60.60295867919922
2018-06-27,14.786703109741211,35.483245849609375,118.58000183105469,56.93453598022461,85.87540435791016,49.855140686035156,148.04275512695312,87.39643859863281,161.68528747558594,239.74391174316406,98.54467010498047,60.37055969238281
2018-06-28,14.77824878692627,35.78501510620117,118.22000122070312,56.774776458740234,85.79177856445312,49.9902229309082,148.49578857421875,87.28214263916016,163.07608032226562,241.11471557617188,98.56887817382812,60.91032409667969
2018-06-29,14.947336196899414,36.32148742675781,118.6500015258789,56.6416130065918,85.72488403320312,50.35575485229492,148.39610290527344,87.32787322998047,163.51425170898438,241.46182250976562,98.22998046875,61.06026840209961
2018-07-02,14.634523391723633,35.96104049682617,117.45999908447266,56.695796966552734,85.66621398925781,49.847198486328125,149.42005920410156,87.33930206298828,164.60977172851562,241.97804260253906,98.15310668945312,60.72288513183594
2018-07-03,14.6176176071167,35.98619079589844,118.6500015258789,56.70248031616211,85.884033203125,49.974334716796875,150.01571655273438,87.66044616699219,162.70458984375,241.12356567382812,98.67884063720703,61.18020248413086
2018-07-05,14.702160835266113,35.893985748291016,119.05000305175781,56.916473388671875,85.89238739013672,50.39549255371094,151.72543334960938,87.93565368652344,164.72409057617188,243.09059143066406,98.96196746826172,61.907386779785156
2018-07-06,14.769793510437012,36.38854217529297,118.86000061035156,57.063636779785156,85.96783447265625,50.70539855957031,153.00765991210938,88.0579605102539,167.28659057617188,245.146728515625,99.28545379638672,62.23722839355469
2018-07-09,14.845885276794434,37.042388916015625,119.1500015258789,57.15056228637695,85.75,51.150386810302734,153.9716796875,88.11914825439453,168.79171752929688,247.35411071777344,98.6465072631836,61.74245834350586
2018-07-10,14.812067031860352,36.95856857299805,118.93000030517578,57.1572151184082,85.68296813964844,51.1424446105957,153.27142333984375,88.01974487304688,168.91561889648438,248.24423217773438,98.63835906982422,61.86988830566406
2018-07-11,14.296350479125977,36.237667083740234,117.63999938964844,57.07026290893555,85.85894012451172,50.27629089355469,151.97093200683594,88.19561767578125,168.0582275390625,246.42845153808594,99.0185546875,61.66749954223633
2018-07-12,14.37243938446045,36.732234954833984,118.12999725341797,57.2508544921875,85.82539367675781,50.665672302246094,152.70755004882812,88.38672637939453,170.95413208007812,248.6625213623047,99.01049041748047,61.85490417480469
2018-07-13,14.397804260253906,36.75737762451172,117.61000061035156,57.2508544921875,85.96783447265625,50.85637664794922,152.25289916992188,88.45556640625,171.09703063964844,248.85842895507812,99.26121520996094,61.66749954223633
2018-07-16,14.093445777893066,36.55620193481445,117.55000305175781,57.21073913574219,85.82539367675781,50.86432647705078,151.6617431640625,88.3102798461914,170.6873779296875,248.63587951660156,98.84870910644531,61.3376350402832
2018-07-17,14.110352516174316,36.82444381713867,116.27999877929688,57.230770111083984,85.77513122558594,50.919944763183594,152.3347625732422,88.24909973144531,171.72572326660156,249.64170837402344,98.66268157958984,60.932804107666016
2018-07-18,14.23716926574707,36.782535552978516,116.30999755859375,57.25752639770508,85.70809936523438,50.93583679199219,152.7621307373047,88.23383331298828,171.40184020996094,250.16671752929688,98.26631927490234,60.662899017333984
2018-07-19,14.220258712768555,36.32987594604492,115.80999755859375,57.230770111083984,85.94269561767578,50.8087043762207,153.8443145751953,88.37142181396484,170.5445098876953,249.2233428955078,98.88916015625,61.3751106262207
2018-07-20,14.321714401245117,36.84959411621094,116.55999755859375,57.25752639770508,85.64108276367188,51.07091522216797,153.2168731689453,88.11151885986328,170.50643920898438,248.93844604492188,97.6759262084961,60.782875061035156
2018-07-23,14.37243938446045,36.60649871826172,116.0,57.23747634887695,85.22213745117188,51.06298828125,153.40780639648438,87.75984954833984,171.04937744140625,249.40135192871094,96.47067260742188,60.655433654785156
2018-07-24,14.448529243469238,37.14298629760742,116.04000091552734,57.35785675048828,85.28083038330078,51.341102600097656,151.77088928222656,88.03506469726562,171.75433349609375,250.6563720703125,96.8023681640625,60.34808349609375
2018-07-25,14.642979621887207,37.746524810791016,116.68000030517578,57.46484375,85.22213745117188,51.77815246582031,152.32562255859375,88.14974212646484,174.15489196777344,252.7926025390625,96.64863586425781,60.82785415649414
2018-07-26,14.642979621887207,37.327392578125,115.7699966430664,57.47153854370117,85.13003540039062,51.507972717285156,153.14405822753906,88.23383331298828,171.51617431640625,252.19613647460938,96.46263885498047,61.030269622802734
2018-07-27,14.583797454833984,37.46151351928711,115.83000183105469,57.451454162597656,85.26406860351562,51.6351203918457,150.28855895996094,88.34851837158203,169.20140075683594,250.4873046875,96.62440490722656,60.3780632019043
2018-07-30,14.668343544006348,37.402835845947266,115.6500015258789,57.47153854370117,85.1551513671875,51.627174377441406,149.32455444335938,88.2261734008789,166.81031799316406,249.17886352539062,96.29281616210938,60.4155387878418
2018-07-31,14.583797454833984,37.60401916503906,115.98999786376953,57.59191131591797,85.27246856689453,51.58743667602539,150.84327697753906,88.50142669677734,168.08677673339844,250.40704345703125,96.81849670410156,61.42758560180664
2018-08-01,14.37243938446045,37.268714904785156,115.13999938964844,57.64360046386719,85.0709457397461,51.428504943847656,150.74319458007812,88.18934631347656,168.7250518798828,249.9888458251953,96.02975463867188,61.86240005493164
2018-08-02,14.456981658935547,36.77414321899414,114.5199966430664,57.67718505859375,85.17169952392578,51.02324295043945,151.8436279296875,88.29669189453125,171.0208282470703,251.3506622314453,96.16751861572266,61.6150016784668
2018-08-03,14.507707595825195,37.05915069580078,114.91999816894531,57.72419357299805,85.38997650146484,51.086822509765625,151.31617736816406,88.57272338867188,171.54476928710938,252.4275665283203,96.64584350585938,62.2822151184082
2018-08-06,14.533072471618652,36.77414321899414,114.33000183105469,57.83165740966797,85.43190002441406,50.84842300415039,152.16189575195312,88.6570816040039,172.55450439453125,253.3533172607422,96.70259857177734,62.19973373413086
2018-08-07,14.642979621887207,37.151363372802734,114.58999633789062,57.85853958129883,85.25567626953125,51.213958740234375,152.52569580078125,88.38101959228516,173.18325805664062,254.19000244140625,96.19996643066406,62.08728790283203
2018-08-08,14.465437889099121,37.10106658935547,114.91000366210938,57.8249626159668,85.3311996459961,51.18217468261719,152.3892822265625,88.24302673339844,173.39279174804688,254.08311462402344,96.29730224609375,61.727447509765625
2018-08-09,14.406256675720215,36.992088317871094,114.73999786376953,57.7846565246582,85.56623077392578,51.031192779541016,152.78030395507812,88.31198120117188,173.28797912597656,253.73602294921875,97.10791778564453,61.7574462890625
2018-08-10,14.406256675720215,36.204132080078125,114.69000244140625,57.68391036987305,85.9356460571289,50.053794860839844,152.35289001464844,88.45771789550781,171.96389770507812,252.03602600097656,97.81318664550781,61.285179138183594
2018-08-13,14.330168724060059,35.60897445678711,112.95999908447266,57.64360046386719,85.91046142578125,49.81541061401367,151.46170043945312,88.43470001220703,171.77337646484375,251.092529296875,97.61051940917969,61.165191650390625
2018-08-14,14.355528831481934,35.82693099975586,113.06999969482422,57.744361877441406,85.82647705078125,49.847198486328125,152.96217346191406,88.54974365234375,172.84976196289062,252.6946563720703,97.39169311523438,61.46507263183594
2018-08-15,14.042719841003418,34.79587173461914,111.19000244140625,57.64360046386719,86.03633880615234,49.12407684326172,151.04336547851562,88.73375701904297,170.73501586914062,250.80763244628906,97.95909881591797,61.937347412109375
2018-08-16,14.15262508392334,35.01382064819336,111.0999984741211,57.71748352050781,86.01115417480469,49.441932678222656,152.44384765625,88.84877014160156,171.29705810546875,252.8370361328125,97.95097351074219,62.43962478637695
2018-08-17,14.211806297302246,35.382652282714844,112.12999725341797,57.7846565246582,86.04473876953125,49.73594665527344,153.09861755371094,88.92545318603516,171.33514404296875,253.72718811035156,98.0726318359375,63.016883850097656
2018-08-20,14.23716926574707,35.541927337646484,112.69000244140625,57.81153106689453,86.31333923339844,50.0061149597168,153.52598571777344,89.15550231933594,171.18272399902344,254.27003479003906,98.72923278808594,63.06187438964844
2018-08-21,14.262532234191895,35.99457931518555,113.0199966430664,57.89882278442383,86.19585418701172,50.34781265258789,155.29029846191406,88.9331283569336,171.81146240234375,254.8665008544922,98.39684295654297,62.67951965332031
2018-08-22,14.465437889099121,36.27958297729492,113.2699966430664,57.91897201538086,86.35536193847656,50.530574798583984,155.67221069335938,88.92545318603516,172.47828674316406,254.71510314941406,98.78594970703125,62.32719039916992
2018-08-23,14.44007396697998,35.692813873291016,112.19999694824219,57.912261962890625,86.34697723388672,50.18888854980469,155.1992645263672,88.95612335205078,172.23062133789062,254.37692260742188,98.94002532958984,62.16975784301758
2018-08-24,14.549980163574219,36.35502624511719,114.16000366210938,58.012996673583984,86.37213134765625,50.50674057006836,156.0450897216797,89.13249206542969,173.83096313476562,255.90785217285156,99.13452911376953,62.537078857421875
2018-08-27,14.600707054138184,36.87473678588867,114.58999633789062,58.03314971923828,86.17906951904297,51.18217468261719,156.27244567871094,88.99444580078125,175.60281372070312,257.9283142089844,98.56710815429688,62.31220626831055
2018-08-28,14.54152774810791,36.740623474121094,113.68000030517578,58.006290435791016,85.98599243164062,51.10270690917969,156.41793823242188,88.6570816040039,175.86000061035156,258.05291748046875,97.97530364990234,63.151817321777344
2018-08-29,14.702160835266113,36.96694564819336,114.19999694824219,57.972694396972656,85.96082305908203,51.396724700927734,156.8726806640625,88.5650405883789,177.8891143798828,259.4414367675781,98.10501098632812,63.16682434082031
2018-08-30,14.676797866821289,36.00295639038086,113.63999938964844,57.925697326660156,86.12030029296875,50.95173263549805,156.74534606933594,88.64939880371094,177.57472229003906,258.39117431640625,98.3158187866211,62.761985778808594
2018-08-31,14.693704605102539,36.1873664855957,113.51000213623047,57.99954605102539,86.13712310791016,50.62593078613281,157.3455352783203,88.51902770996094,177.80331420898438,258.4001159667969,98.08881378173828,63.00938034057617
2018-09-04,14.609163284301758,35.483245849609375,112.93000030517578,57.878849029541016,85.94026184082031,50.18094253540039,156.64527893066406,88.35601806640625,177.04129028320312,257.95501708984375,97.52171325683594,62.25972366333008
2018-09-05,14.549980163574219,34.9719123840332,113.31999969482422,57.81812286376953,85.93183135986328,49.720054626464844,156.2269744873047,88.30218505859375,174.7550048828125,257.2607727050781,97.26168823242188,62.61955261230469
2018-09-06,14.465437889099121,35.00543212890625,113.54000091552734,57.865394592285156,86.10850524902344,49.561126708984375,155.17205810546875,88.54826354980469,173.1927490234375,256.4863586425781,97.61917877197266,62.79947280883789
2018-09-07,14.499256134033203,34.829402923583984,113.2300033569336,57.80460739135742,85.72156524658203,49.13202667236328,155.09017944335938,88.17910766601562,172.52590942382812,255.9879913330078,96.79046630859375,62.117279052734375
2018-09-10,14.549980163574219,34.485721588134766,113.1500015258789,57.91928482055664,85.7719955444336,49.44988250732422,155.2812042236328,88.47138977050781,173.10699462890625,256.4329833984375,97.14796447753906,62.39466857910156
2018-09-11,14.693704605102539,34.5611572265625,113.22000122070312,57.93278121948242,85.46080017089844,49.513450622558594,155.53585815429688,88.2713851928711,174.440673828125,257.2785339355469,96.40860748291016,62.38716125488281
2018-09-12,14.795158386230469,34.73719024658203,114.16999816894531,58.06771469116211,85.56177520751953,49.696205139160156,155.1630096435547,88.44827270507812,173.9262237548828,257.3408508300781,96.6360855102539,62.417137145996094
2018-09-13,14.634523391723633,35.20661926269531,113.76000213623047,58.17559814453125,85.55335998535156,50.0696907043457,155.1992645263672,88.6329116821289,175.7838134765625,258.86285400390625,96.78236389160156,62.724517822265625
2018-09-14,14.54152774810791,35.173091888427734,113.0199966430664,58.22955322265625,85.39349365234375,50.101470947265625,155.8541259765625,88.52522277832031,175.2694091796875,258.907470703125,96.31925201416016,62.32719039916992
2018-09-17,14.524619102478027,34.854549407958984,113.61000061035156,58.18907165527344,85.41033935546875,50.196834564208984,154.19898986816406,88.47138977050781,172.74505615234375,257.53668212890625,96.31925201416016,62.529605865478516
2018-09-18,14.659887313842773,35.18985366821289,113.44000244140625,58.1823616027832,85.05703735351562,50.721290588378906,154.84471130371094,88.10987854003906,174.17391967773438,258.9342041015625,95.31175231933594,62.2297248840332
2018-09-19,14.752886772155762,35.6760368347168,113.87999725341797,58.074440002441406,84.91404724121094,50.87226867675781,154.2808380126953,87.9791488647461,174.0405731201172,259.2099914550781,94.74302673339844,61.502559661865234
2018-09-20,14.752886772155762,36.070011138916016,114.2699966430664,58.155372619628906,84.92247772216797,51.46822738647461,155.70864868164062,88.20990753173828,175.96484375,261.3105773925781,95.18177032470703,62.079795837402344
2018-09-21,14.786703109741211,36.237667083740234,113.48999786376953,58.16889190673828,84.95610046386719,51.45234680175781,154.96290588378906,88.2252426147461,175.002685546875,261.0718994140625,95.14116668701172,62.05731201171875
2018-09-24,15.006518363952637,35.82693099975586,113.47000122070312,58.14189147949219,84.86357879638672,51.22190475463867,154.38999938964844,88.02527618408203,175.4893798828125,260.2046813964844,94.89742279052734,60.94290542602539
2018-09-25,15.040335655212402,35.96942138671875,113.6500015258789,58.09466552734375,84.77947235107422,51.507972717285156,154.62643432617188,88.02527618408203,175.72793579101562,259.9632263183594,94.79991912841797,60.95051193237305
2018-09-26,14.972698211669922,36.04486846923828,113.05000305175781,58.155372619628906,85.05703735351562,51.539764404296875,153.213134765625,88.34060668945312,175.85202026367188,259.1853332519531,95.46614837646484,60.22074890136719
2018-09-27,15.040335655212402,36.220909118652344,112.05000305175781,58.263309478759766,85.05703735351562,51.341102600097656,153.2222442626953,88.45597839355469,177.34075927734375,259.9095153808594,95.53112030029297,60.50959777832031
2018-09-28,15.19251537322998,35.97780227661133,112.76000213623047,58.30375671386719,85.09913635253906,50.919944763183594,153.687255859375,88.39444732666016,177.30258178710938,259.93634033203125,95.27925872802734,61.33060073852539
2018-10-01,15.479961395263672,35.98619079589844,112.56999969482422,58.47246551513672,84.8833236694336,51.00735855102539,151.6630096435547,88.27253723144531,177.6652069091797,260.8394775390625,94.57974243164062,60.76044845581055
2018-10-02,15.530688285827637,35.53354263305664,113.87000274658203,58.425048828125,85.10247802734375,50.7371826171875,150.02174377441406,88.34968566894531,177.26438903808594,260.6874084472656,95.15789794921875,60.62363815307617
2018-10-03,15.67441463470459,35.24014663696289,113.41999816894531,58.26921463012695,84.4703369140625,50.681556701660156,151.33474731445312,87.83281707763672,177.45526123046875,260.83050537109375,93.50494384765625,59.97748565673828
2018-10-04,15.505325317382812,34.359981536865234,113.4800033569336,58.052406311035156,84.25121307373047,50.0696907043457,149.210205078125,87.47022247314453,174.04840087890625,258.7918701171875,92.84535217285156,59.47575759887695
2018-10-05,15.471508026123047,34.2342414855957,113.80000305175781,57.794944763183594,84.0489273071289,49.75184631347656,147.8607177734375,87.13076782226562,171.92022705078125,257.3434143066406,92.04734802246094,59.44534683227539
2018-10-08,15.429235458374023,34.28453826904297,112.54000091552734,57.66618728637695,84.08265686035156,49.48165512084961,147.55068969726562,87.03821563720703,170.8705291748047,257.3434143066406,91.73792266845703,60.304351806640625
2018-10-09,15.539141654968262,34.1588020324707,112.5999984741211,57.754276275634766,84.24275207519531,49.290958404541016,146.9762725830078,87.28506469726562,171.4239959716797,256.9679260253906,92.66622924804688,60.38797378540039
2018-10-10,15.234786033630371,33.14451217651367,112.87999725341797,57.34098434448242,84.28489685058594,48.19436264038086,142.75454711914062,87.04595184326172,163.88485717773438,248.8314971923828,92.4137954711914,59.49097442626953
2018-10-11,15.006518363952637,32.80921936035156,115.77999877929688,57.38838577270508,84.63048553466797,47.63017272949219,140.02813720703125,87.40848541259766,161.8522186279297,243.3505859375,93.53751373291016,57.788185119628906
2018-10-12,15.124876022338867,33.77320098876953,115.2300033569336,57.693294525146484,84.52935791015625,47.74937057495117,140.05552673339844,87.42395782470703,166.35658264160156,246.7303009033203,93.21176147460938,57.636165618896484
2018-10-15,15.158697128295898,33.412757873535156,116.0,57.652618408203125,84.5799331665039,47.693748474121094,140.57525634765625,87.26190948486328,164.3429718017578,245.34451293945312,93.17105102539062,58.023834228515625
2018-10-16,15.226332664489746,34.25101852416992,115.80000305175781,57.849124908447266,84.57150268554688,48.480430603027344,144.65110778808594,87.48564147949219,169.1240692138672,250.70913696289062,93.38276672363281,59.217323303222656
2018-10-17,15.091060638427734,33.831878662109375,115.79000091552734,57.73396682739258,84.32704162597656,48.1784782409668,144.0310821533203,87.05361938476562,169.19091796875,250.7538299560547,92.82905578613281,58.989253997802734
2018-10-18,14.921972274780273,32.943336486816406,115.91999816894531,57.49003982543945,84.47875213623047,47.47918701171875,141.33212280273438,87.05361938476562,165.26861572265625,247.1326446533203,92.79646301269531,58.8752326965332
2018-10-19,15.006518363952637,33.253482818603516,116.01000213623047,57.523887634277344,84.37762451171875,47.725528717041016,139.836669921875,86.94561767578125,165.11598205566406,246.99856567382812,92.59290313720703,59.384544372558594
2018-10-22,15.02342700958252,33.613929748535156,115.70999908447266,57.551029205322266,84.39452362060547,47.431514739990234,139.53575134277344,86.83763122558594,165.96530151367188,245.88990783691406,92.4708023071289,58.55596160888672
2018-10-23,14.693704605102539,33.2451057434082,116.38999938964844,57.49678421020508,84.61361694335938,46.978572845458984,138.28660583496094,86.96106719970703,165.3545684814453,244.6380615234375,92.7638931274414,58.81441879272461
2018-10-24,14.592253684997559,32.17213821411133,116.66000366210938,57.212242126464844,85.06877899169922,45.659488677978516,133.080078125,87.0844955444336,157.78680419921875,237.22596740722656,93.4642105102539,59.36934280395508
2018-10-25,14.651435852050781,32.792442321777344,116.4000015258789,57.32743453979492,84.86649322509766,46.19189453125,135.96144104003906,86.97647094726562,163.24549865722656,241.4818572998047,93.07337188720703,60.12950897216797
2018-10-26,14.76133918762207,32.41523361206055,116.7699966430664,57.0699577331543,85.2457504272461,45.85020065307617,134.4751739501953,87.12303924560547,159.0465087890625,237.23487854003906,93.6352310180664,58.68518829345703
2018-10-29,14.609163284301758,31.853607177734375,116.30999755859375,57.0157356262207,85.23735046386719,45.73895263671875,133.7366485595703,87.02279663085938,155.773193359375,235.9205322265625,93.42351531982422,59.43015670776367
2018-10-30,14.533072471618652,32.473915100097656,115.80000305175781,57.15126419067383,85.05191040039062,46.279300689697266,136.5267791748047,86.82988739013672,158.3402862548828,239.41650390625,92.9593505859375,60.243553161621094
2018-10-31,14.338621139526367,32.82598114013672,115.1500015258789,57.15126419067383,84.84121704101562,46.708396911621094,136.8003387451172,86.5830307006836,162.0621795654297,241.97369384765625,92.487060546875,59.53657531738281
2018-11-01,14.23716926574707,33.99953079223633,116.62999725341797,57.413414001464844,84.91382598876953,47.2725944519043,139.95523071289062,86.84542846679688,164.1997833251953,244.54869079589844,92.57276153564453,59.81784439086914
2018-11-02,14.203350067138672,34.21747970581055,116.6500015258789,57.37936782836914,84.44083404541016,47.39178466796875,140.42027282714844,86.49715423583984,161.6422576904297,243.10028076171875,91.421875,59.323726654052734
2018-11-05,14.194899559020996,34.3096923828125,116.37000274658203,57.42702865600586,84.49149322509766,47.37590026855469,140.31085205078125,86.65192413330078,161.24143981933594,244.44140625,91.7809829711914,60.205528259277344
2018-11-06,14.135716438293457,34.25101852416992,116.04000091552734,57.576812744140625,84.3985824584961,47.542762756347656,141.00384521484375,86.79898834228516,162.4629669189453,245.9882049560547,91.72386932373047,60.50959777832031
2018-11-07,14.101899147033691,34.896461486816406,116.02999877929688,57.91046905517578,84.3985824584961,48.17052459716797,143.5296173095703,87.02344512939453,167.55899047851562,251.2545928955078,91.84632110595703,61.23175811767578
2018-11-08,14.017354011535645,33.99114227294922,115.77999877929688,57.7674446105957,84.2803726196289,47.725528717041016,143.14659118652344,86.76802062988281,166.49017333984375,250.79861450195312,91.83810424804688,61.27738952636719
2018-11-09,13.865177154541016,33.362457275390625,114.4800033569336,57.44065856933594,84.60974884033203,47.41562271118164,140.4932403564453,86.82991790771484,163.6844482421875,248.34878540039062,92.52378845214844,61.26976776123047
2018-11-12,13.831360816955566,32.893035888671875,113.66000366210938,57.08657455444336,84.86317443847656,46.55741882324219,137.71217346191406,86.82218933105469,158.73158264160156,243.70816040039062,93.1278305053711,61.39139175415039
2018-11-13,13.450912475585938,33.27024841308594,113.69999694824219,56.99125671386719,84.93073272705078,46.756080627441406,137.27447509765625,86.70610809326172,158.8651885986328,243.25222778320312,93.0707015991211,61.33060073852539
2018-11-14,13.569272994995117,33.471439361572266,114.63999938964844,56.882301330566406,85.10814666748047,46.77992248535156,136.27151489257812,86.47386169433594,157.6531982421875,241.5891876220703,93.1278305053711,61.17854690551758
2018-11-15,13.54391098022461,34.21747970581055,114.7699966430664,56.86867141723633,85.16726684570312,46.91500473022461,138.213623046875,86.31137084960938,160.41114807128906,244.11056518554688,93.08705139160156,60.76044845581055
2018-11-16,13.628456115722656,34.28453826904297,115.62000274658203,56.69844436645508,85.42908477783203,46.94679641723633,138.54193115234375,86.48162841796875,159.84812927246094,244.74545288085938,93.62574768066406,61.41419982910156
2018-11-19,13.628456115722656,33.82349395751953,115.66999816894531,56.52139663696289,85.55575561523438,46.54948043823242,135.73350524902344,86.39649200439453,154.65664672851562,240.6056671142578,93.88694763183594,61.49781036376953
2018-11-20,13.214189529418945,33.09421157836914,115.66999816894531,56.34439468383789,85.53889465332031,45.675376892089844,133.11656188964844,86.18749237060547,151.88909912109375,236.1529998779297,93.91960906982422,60.86686706542969
2018-11-21,13.3240966796875,33.70614242553711,115.86000061035156,56.6303596496582,85.52201080322266,46.319034576416016,134.97671508789062,86.37326049804688,153.04388427734375,236.9576873779297,93.88694763183594,60.92008972167969
2018-11-23,12.935195922851562,33.312164306640625,115.7699966430664,56.31716537475586,85.57269287109375,46.04091262817383,134.8490447998047,86.41193389892578,151.93685913085938,235.37509155273438,93.9848861694336,60.79846954345703
2018-11-26,12.994377136230469,33.72290802001953,115.63999938964844,56.582698822021484,85.505126953125,46.748138427734375,136.59974670410156,86.45064544677734,155.44869995117188,239.175048828125,93.77265167236328,60.912479400634766
2018-11-27,12.943650245666504,33.95762634277344,114.94999694824219,56.555484771728516,85.58956909179688,46.58920669555664,135.46913146972656,86.34231567382812,155.97357177734375,239.97976684570312,93.8787841796875,61.17094039916992
2018-11-28,12.90137767791748,34.77072525024414,115.37999725341797,57.02528762817383,85.58113098144531,47.2725944519043,138.81544494628906,86.57450103759766,160.9932861328125,245.50537109375,93.42169952392578,61.718265533447266
2018-11-29,12.985921859741211,34.46895217895508,115.73999786376953,57.03888702392578,85.80072784423828,47.018306732177734,138.44158935546875,86.32681274414062,160.46839904785156,244.9689178466797,93.78902435302734,61.73347473144531
2018-11-30,12.926741600036621,34.4354248046875,115.54000091552734,56.92311096191406,85.96963500976562,46.867332458496094,139.1619415283203,86.27262878417969,161.63272094726562,246.4621124267578,94.1400146484375,62.318824768066406
2018-12-03,13.22264575958252,35.13117218017578,116.41000366210938,57.31712341308594,86.15760040283203,47.455352783203125,140.4932403564453,86.59330749511719,164.45750427246094,249.72560119628906,94.80842590332031,62.65326690673828
2018-12-04,13.231098175048828,34.385128021240234,117.12000274658203,56.96146774291992,86.55542755126953,46.199832916259766,134.5116729736328,86.60887145996094,158.1494598388672,241.63385009765625,96.39566802978516,61.725860595703125
2018-12-06,13.12119197845459,34.066593170166016,117.13999938964844,56.76311492919922,86.77543640136719,45.77867889404297,134.21987915039062,86.87284088134766,159.26596069335938,241.2672882080078,96.69837188720703,63.253841400146484
2018-12-07,13.273370742797852,33.42952346801758,118.08999633789062,56.65367889404297,87.02941131591797,45.325748443603516,131.32032775878906,86.88060760498047,154.0076904296875,235.66127014160156,96.8783950805664,62.42524719238281
2018-12-10,13.062010765075684,33.07745361328125,117.68000030517578,56.69469451904297,87.0801773071289,44.88075637817383,130.9373321533203,87.14466094970703,155.6205291748047,236.10830688476562,97.2792739868164,62.02235412597656
2018-12-11,13.138100624084473,33.32892990112305,117.54000091552734,56.79729080200195,86.8601303100586,45.063514709472656,130.80055236816406,87.29995727539062,156.13583374023438,236.16192626953125,97.26290893554688,62.052738189697266
2018-12-12,13.095829010009766,33.8737907409668,117.79000091552734,56.98198699951172,86.62310028076172,45.71511459350586,132.0497283935547,87.39309692382812,157.51007080078125,237.3511199951172,96.82927703857422,61.09493637084961
2018-12-13,13.264915466308594,33.865413665771484,117.52999877929688,57.11878967285156,86.67386627197266,45.61180877685547,130.18051147460938,87.62602233886719,157.5578155517578,237.27056884765625,96.60022735595703,61.44801712036133
2018-12-14,13.062010765075684,33.38760757446289,117.05999755859375,56.87937927246094,86.80929565429688,45.01584243774414,128.2110137939453,87.53290557861328,153.72142028808594,232.88946533203125,96.93565368652344,61.27108383178711
2018-12-17,12.909832000732422,33.07745361328125,117.87000274658203,56.510040283203125,87.0632553100586,44.65031051635742,125.35567474365234,87.62602233886719,150.23817443847656,228.32057189941406,97.50020599365234,58.96331787109375
2018-12-18,12.63929271697998,33.30208206176758,118.1500015258789,56.40762710571289,87.27781677246094,44.70024871826172,125.2001724243164,87.93919372558594,151.1829071044922,228.07020568847656,98.0840835571289,59.571048736572266
2018-12-19,12.690018653869629,32.749027252197266,117.43000030517578,55.89909362792969,87.58314514160156,44.26531982421875,122.59278869628906,87.8690414428711,147.47059631347656,224.6547088623047,99.37986755371094,58.91716384887695
2018-12-20,12.571656227111816,33.00429153442383,119.23999786376953,55.41114044189453,87.47286987304688,44.0317497253418,120.5708999633789,87.58090209960938,145.33294677734375,220.997802734375,99.01900482177734,58.03252029418945
2018-12-21,12.461750030517578,32.77455139160156,118.72000122070312,55.13624954223633,87.54925537109375,43.234405517578125,117.44206237792969,87.49520111083984,140.82859802246094,216.46966552734375,99.0025863647461,57.22480773925781
2018-12-24,12.323867797851562,32.4682502746582,120.0199966430664,54.72392654418945,87.76979064941406,42.73504638671875,115.16400146484375,87.29269409179688,137.33631896972656,210.7498779296875,99.4946517944336,55.186283111572266
2018-12-26,12.597921371459961,33.11488723754883,119.66000366210938,55.6447868347168,87.3541488647461,43.782073974609375,120.69896697998047,87.22252655029297,145.9114532470703,221.39796447753906,98.42849731445312,57.032501220703125
2018-12-27,12.478021621704102,33.07234573364258,120.56999969482422,55.61044692993164,87.57472229003906,43.87067413330078,121.2021713256836,87.22252655029297,146.4761199951172,223.09774780273438,98.44496154785156,57.024810791015625
2018-12-28,12.375250816345215,33.38716506958008,121.05999755859375,55.69293212890625,88.04967498779297,44.14451217651367,121.54983520507812,87.6353988647461,146.3995361328125,222.8099365234375,99.27326202392578,57.209415435791016
2018-12-31,12.409509658813477,33.2340087890625,121.25,55.7341423034668,88.3804702758789,44.29753875732422,122.50123596191406,87.8768310546875,147.6341552734375,224.76150512695312,99.65048217773438,57.363285064697266
2019-01-02,12.443764686584473,33.319091796875,121.33000183105469,55.65853500366211,88.56707763671875,44.13645553588867,123.19659423828125,88.14946746826172,148.22750854492188,224.99530029296875,100.17535400390625,56.11707305908203
2019-01-03,12.546534538269043,32.71499252319336,122.43000030517578,55.686065673828125,89.27107238769531,43.84651184082031,120.99174499511719,88.18840026855469,143.3848876953125,219.6262969970703,101.3153076171875,56.5093994140625
2019-01-04,12.717820167541504,33.770042419433594,121.44000244140625,56.62068557739258,88.55011749267578,45.17543411254883,125.51119995117188,88.13389587402344,149.51950073242188,226.98284912109375,100.14254760742188,57.17097091674805
2019-01-07,12.81202507019043,33.84661865234375,121.86000061035156,57.17046356201172,88.30415344238281,45.39289474487305,127.7068862915039,88.14167785644531,151.2996063232422,228.77256774902344,99.84729766845703,57.73252868652344
2019-01-08,12.9404878616333,33.9742431640625,121.52999877929688,57.541587829589844,88.08363342285156,45.715057373046875,129.66470336914062,88.33639526367188,152.66824340820312,230.9219512939453,99.58487701416016,58.924861907958984
2019-01-09,13.197413444519043,34.57835006713867,122.30999755859375,57.610286712646484,88.134521484375,46.20636749267578,130.73513793945312,88.67134857177734,153.9123992919922,232.00112915039062,99.42904663085938,58.840240478515625
2019-01-10,13.163158416748047,34.82509231567383,121.58999633789062,57.83708953857422,88.09209442138672,46.35133361816406,131.41212463378906,88.43766784667969,154.3526153564453,232.81954956054688,98.78938293457031,59.6402702331543
2019-01-11,13.120335578918457,34.65492248535156,121.80000305175781,57.651512145996094,88.3550033569336,46.04527282714844,131.44869995117188,88.60124206542969,153.7879638671875,232.90943908691406,99.17483520507812,59.80950164794922
2019-01-14,13.009001731872559,34.36563491821289,122.08999633789062,57.46596908569336,88.30415344238281,45.835872650146484,130.1404266357422,88.36756134033203,152.42897033691406,231.48854064941406,98.80577087402344,59.609493255615234
2019-01-15,13.111772537231445,34.60386657714844,121.87999725341797,57.65839385986328,88.21932983398438,46.0533332824707,131.23831176757812,88.42208099365234,155.40536499023438,234.1415557861328,98.44496154785156,60.178741455078125
2019-01-16,13.180286407470703,35.02928161621094,122.2699966430664,57.747745513916016,88.1684341430664,46.14998245239258,132.2172393798828,88.59342956542969,155.37669372558594,234.70811462402344,98.54338836669922,60.60184097290039
2019-01-17,13.188851356506348,35.182437896728516,122.11000061035156,57.905792236328125,88.00724792480469,46.33523178100586,133.4157257080078,88.77259063720703,156.60166931152344,236.48880004882812,98.56798553466797,60.8941650390625
2019-01-18,13.32587718963623,35.35261154174805,121.0199966430664,58.07074737548828,87.72736358642578,46.802364349365234,134.78799438476562,88.9283676147461,158.15208435058594,239.63650512695312,98.05126953125,61.10184860229492
2019-01-22,13.231670379638672,34.7400016784668,121.44999694824219,57.68585968017578,88.03269958496094,46.125823974609375,132.6563720703125,89.07636260986328,154.98423767089844,236.39883422851562,98.71562957763672,60.917240142822266
2019-01-23,13.214543342590332,35.09735870361328,121.27999877929688,57.802696228027344,87.99031829833984,46.33523178100586,132.29039001464844,89.30229187011719,155.1852264404297,236.89353942871094,98.67456817626953,60.9249382019043
2019-01-24,13.248799324035645,35.43770217895508,121.08999633789062,57.86453628540039,88.27018737792969,46.40772247314453,133.08636474609375,89.53591918945312,156.19012451171875,237.01943969726562,99.32244110107422,61.13264083862305
2019-01-25,13.317313194274902,35.90565872192383,122.86000061035156,58.008872985839844,88.06663513183594,46.93123245239258,134.79713439941406,89.61384582519531,158.05641174316406,239.02493286132812,98.8468017578125,61.89418411254883
2019-01-28,13.137465476989746,35.53129577636719,123.29000091552734,57.919532775878906,88.09209442138672,46.713768005371094,134.07437133789062,89.59825897216797,156.10403442382812,237.2083282470703,98.74836730957031,62.50189208984375
2019-01-29,13.265928268432617,35.59085464477539,123.9800033569336,57.88516616821289,88.34654235839844,46.802364349365234,133.754150390625,89.7929916381836,154.63015747070312,236.89353942871094,99.24862670898438,62.99421691894531
2019-01-30,13.36013412475586,36.36511993408203,124.69000244140625,58.34562301635742,88.55011749267578,47.269500732421875,135.21800231933594,90.205810546875,158.56362915039062,240.64370727539062,99.17483520507812,63.50194549560547
2019-01-31,13.291621208190918,36.671417236328125,124.75,58.489933013916016,88.95720672607422,47.261451721191406,136.37074279785156,90.8366928100586,160.9370880126953,242.75714111328125,100.02775573730469,64.16350555419922
2019-02-01,13.411519050598145,36.38212966918945,124.5,58.46163558959961,88.48123931884766,47.285606384277344,136.48056030273438,90.62030792236328,160.25753784179688,242.87403869628906,99.42359924316406,63.75577163696289
2019-02-04,13.420083999633789,36.44170379638672,123.95999908447266,58.599700927734375,88.2857666015625,47.46280288696289,138.1090087890625,90.49532318115234,162.24822998046875,244.58279418945312,98.979736328125,64.23271179199219
2019-02-05,13.36013412475586,36.943695068359375,124.27999877929688,58.80680465698242,88.43875885009766,47.849395751953125,138.25537109375,90.86251068115234,163.68380737304688,245.60809326171875,99.43184661865234,64.60196685791016
2019-02-06,13.377262115478516,36.44170379638672,123.44000244140625,58.7515869140625,88.50676727294922,47.5594482421875,138.08152770996094,90.69062805175781,163.19578552246094,245.28427124023438,99.48114013671875,64.17886352539062
2019-02-07,13.248799324035645,36.07582473754883,123.73999786376953,58.551368713378906,88.79573059082031,46.92317199707031,136.94711303710938,90.67501068115234,161.0040740966797,242.94607543945312,100.1386947631836,64.70966339111328
2019-02-08,13.265928268432617,35.871620178222656,124.20999908447266,58.53756332397461,88.91475677490234,46.778202056884766,137.09347534179688,90.90160369873047,161.31988525390625,243.2427520751953,100.5661392211914,64.70966339111328
2019-02-11,13.188851356506348,35.75251007080078,123.5999984741211,58.565185546875,88.77874755859375,46.689605712890625,138.23707580566406,90.69843292236328,161.166748046875,243.37771606445312,100.17156982421875,64.88658142089844
2019-02-12,13.265928268432617,36.050296783447266,123.86000061035156,58.848243713378906,88.6597671508789,47.301719665527344,139.9661865234375,90.82344818115234,163.5498809814453,246.50738525390625,99.91677856445312,64.4788818359375
2019-02-13,13.343005180358887,35.79506301879883,123.37000274658203,58.765411376953125,88.43875885009766,47.30976867675781,140.35955810546875,90.58905792236328,163.66470336914062,247.30775451660156,99.53868103027344,64.80966186523438
2019-02-14,13.377262115478516,35.86312484741211,124.05999755859375,58.772281646728516,88.85527801513672,47.293663024902344,140.67982482910156,90.69062805175781,163.8656463623047,246.7592315673828,100.10584259033203,65.01734924316406
2019-02-15,13.62562370300293,35.81207275390625,124.80000305175781,58.95870590209961,88.77024841308594,47.9782600402832,142.9212188720703,90.79998779296875,164.55477905273438,249.44822692871094,100.26200866699219,65.4558334350586
2019-02-19,13.659880638122559,36.09284210205078,126.69999694824219,58.97941970825195,88.92326354980469,48.17961120605469,143.31460571289062,90.8547134399414,164.88014221191406,249.87989807128906,100.5168228149414,65.4404525756836
2019-02-20,13.702701568603516,36.29705047607422,126.4800033569336,59.02771759033203,88.90623474121094,48.34874725341797,143.9916229248047,90.77659606933594,164.85142517089844,250.38356018066406,100.22914123535156,65.03274536132812
2019-02-21,13.745521545410156,36.22046661376953,125.05000305175781,58.97249221801758,88.64274597167969,48.219879150390625,143.44265747070312,90.51875305175781,164.24851989746094,249.49314880371094,99.33321380615234,65.09428405761719
2019-02-22,13.779780387878418,36.62037658691406,125.5,59.089866638183594,88.90623474121094,48.40513229370117,144.68690490722656,90.92501068115234,165.4639434814453,251.04000854492188,99.92501831054688,65.4789047241211
2019-02-25,13.574239730834961,37.02877426147461,125.37000274658203,59.138221740722656,88.77024841308594,48.54205322265625,144.7235107421875,90.89373779296875,166.06686401367188,251.38174438476562,99.62908935546875,64.96351623535156
2019-02-26,13.634187698364258,36.90114974975586,125.58000183105469,59.214149475097656,89.03372192382812,48.79977798461914,143.72628784179688,91.0344009399414,166.23915100097656,251.20193481445312,100.12223815917969,64.76351165771484
2019-02-27,13.702701568603516,36.586341857910156,124.69000244140625,59.23487091064453,88.71924591064453,48.614532470703125,143.92758178710938,90.77659606933594,166.13385009765625,251.0940399169922,98.98796844482422,64.44042205810547
2019-02-28,13.668444633483887,36.109867095947266,123.98999786376953,59.20033645629883,88.48976135253906,48.55814743041992,143.4335479736328,90.65153503417969,165.75103759765625,250.62631225585938,98.65095520019531,64.60966491699219
2019-03-01,13.514289855957031,36.15241622924805,121.87999725341797,59.36817932128906,88.1993637084961,48.82394790649414,144.76922607421875,90.49327850341797,166.89952087402344,252.19117736816406,97.73912811279297,64.40963745117188
2019-03-04,13.557109832763672,36.203460693359375,121.55999755859375,59.27802276611328,88.47186279296875,48.63064956665039,143.46099853515625,90.69700622558594,166.92816162109375,251.27383422851562,98.50514221191406,64.70198059082031
2019-03-05,13.62562370300293,36.560813903808594,121.72000122070312,59.25025939941406,88.52296447753906,48.67897033691406,142.79315185546875,90.72834014892578,167.05264282226562,250.9320831298828,98.71109771728516,64.87887573242188
2019-03-06,13.548545837402344,36.35661315917969,121.61000061035156,59.15317916870117,88.76994323730469,48.55814743041992,139.9936065673828,90.81459045410156,166.10516357421875,249.4122772216797,99.07350158691406,64.57887268066406
2019-03-07,13.514289855957031,35.684444427490234,121.51000213623047,59.111576080322266,89.0679931640625,47.881614685058594,138.76763916015625,91.11234283447266,164.0666046142578,247.3258514404297,99.71597290039062,64.44042205810547
2019-03-08,13.505724906921387,35.4291877746582,122.83999633789062,59.014488220214844,89.19574737548828,47.865501403808594,138.73110961914062,91.22990417480469,163.81777954101562,246.83114624023438,100.1360855102539,64.5096664428711
2019-03-11,13.52285385131836,36.09284210205078,122.23999786376953,59.20866012573242,89.1275863647461,48.3084831237793,141.15554809570312,91.331787109375,167.22491455078125,250.4104766845703,99.83953094482422,65.4558334350586
2019-03-12,13.608494758605957,36.28003692626953,122.9800033569336,59.31267166137695,89.37455749511719,48.27626037597656,141.22874450683594,91.58259582519531,168.14366149902344,251.3547821044922,100.53968811035156,65.75585174560547
2019-03-13,13.694137573242188,36.322574615478516,123.83999633789062,59.4721794128418,89.34053039550781,48.703121185302734,141.78680419921875,91.4337158203125,169.4069366455078,253.01856994628906,100.35020446777344,66.07894134521484
2019-03-14,13.634187698364258,36.12688446044922,122.41000366210938,59.430572509765625,89.2127456665039,48.6950798034668,141.21038818359375,91.2534408569336,169.11993408203125,252.8566131591797,99.62537384033203,66.17891693115234
2019-03-15,13.634187698364258,36.6544075012207,122.97000122070312,59.48602294921875,89.4937515258789,49.17832565307617,141.5854949951172,91.58259582519531,170.6894073486328,254.10589599609375,100.28430938720703,65.97122955322266
2019-03-18,13.702701568603516,37.06281661987305,123.04000091552734,59.465248107910156,89.37455749511719,49.38772201538086,142.49118041992188,91.53555297851562,171.09596252441406,255.02728271484375,100.22669219970703,65.64044952392578
2019-03-19,13.736958503723145,37.079830169677734,123.37999725341797,59.49993896484375,89.31495666503906,49.476322174072266,141.76849365234375,91.55122375488281,171.67127990722656,255.09059143066406,100.0042724609375,65.4404525756836
2019-03-20,13.839728355407715,37.13938522338867,124.18000030517578,59.75650405883789,89.93663787841797,49.476322174072266,140.58694458007812,92.17035675048828,172.3519744873047,254.32275390625,101.05040740966797,65.64044952392578
2019-03-21,13.771215438842773,37.19043731689453,123.68000030517578,59.74262619018555,89.89400482177734,49.5004768371582,142.43080139160156,92.34275817871094,175.0461883544922,257.1953125,101.27276611328125,66.80970764160156
2019-03-22,13.65131664276123,36.101356506347656,123.97000122070312,59.52766418457031,90.55824279785156,48.53398895263672,137.24795532226562,92.90703582763672,171.201416015625,252.2451629638672,102.84603118896484,66.3250961303711
2019-03-25,13.702701568603516,36.18644332885742,124.91999816894531,59.50685119628906,90.7882080078125,48.55009460449219,137.85340881347656,93.09513854980469,170.87545776367188,252.0554962158203,103.01073455810547,66.40971374511719
2019-03-26,13.728394508361816,36.29705047607422,124.30000305175781,59.65250778198242,90.71158599853516,48.86421203613281,139.302734375,93.13429260253906,171.67127990722656,253.93426513671875,102.9366455078125,66.94047546386719
2019-03-27,13.65131664276123,35.90565872192383,123.6500015258789,59.694095611572266,90.97552490234375,48.82394790649414,138.76153564453125,93.25969696044922,170.56861877441406,252.60653686523438,103.8838882446289,66.7481689453125
2019-03-28,13.608494758605957,36.143898010253906,121.9000015258789,59.81197738647461,90.9840316772461,48.7514533996582,139.99990844726562,93.37723541259766,170.96168518066406,253.56394958496094,104.24629974365234,67.39588928222656
2019-03-29,13.617058753967285,36.51826095581055,122.01000213623047,59.96455383300781,90.83930206298828,48.94475173950195,140.4310302734375,93.30671691894531,172.25607299804688,255.16282653808594,104.14747619628906,67.3338851928711
2019-04-01,13.745521545410156,37.122371673583984,121.52999877929688,59.94990539550781,90.21468353271484,49.556861877441406,141.9629364013672,92.95924377441406,174.53799438476562,258.1887512207031,102.66814422607422,67.29517364501953
2019-04-02,13.779780387878418,37.00325393676758,121.9800033569336,59.97776794433594,90.36827850341797,49.62129211425781,141.59600830078125,93.08503723144531,175.19956970214844,258.3152770996094,102.85801696777344,67.76771545410156
2019-04-03,13.796907424926758,37.258506774902344,121.80000305175781,59.99868392944336,90.08665466308594,49.98373031616211,142.32984924316406,92.88848876953125,176.206298828125,258.7217712402344,101.96643829345703,67.69026184082031
2019-04-04,13.805473327636719,37.48823928833008,122.11000061035156,60.08921813964844,90.18051147460938,49.8790283203125,143.02703857421875,93.03787231445312,176.13916015625,259.40826416015625,102.25540161132812,67.58181762695312
2019-04-05,13.84829330444336,37.77752685546875,121.9800033569336,60.200653076171875,90.22321319580078,49.975677490234375,144.36634826660156,93.18721771240234,177.05006408691406,260.6638488769531,102.3874740600586,68.05440521240234
2019-04-08,13.899678230285645,37.77752685546875,122.51000213623047,60.165828704833984,90.07811737060547,49.991783142089844,144.12777709960938,93.05358123779297,177.5006866455078,260.8626403808594,102.02424621582031,67.6747817993164
2019-04-09,13.873985290527344,37.700950622558594,123.1500015258789,60.1240119934082,90.24020385742188,49.70182800292969,142.36654663085938,93.2501220703125,176.87745666503906,259.52569580078125,102.34619903564453,67.31839752197266
2019-04-10,13.993884086608887,37.8796272277832,123.52999877929688,60.38874435424805,90.45357513427734,49.8709716796875,144.30203247070312,93.70603942871094,177.82662963867188,260.4109191894531,102.59385681152344,67.93820190429688
2019-04-11,13.925370216369629,37.471221923828125,121.94999694824219,60.47930145263672,90.2487564086914,49.82265090942383,144.11862182617188,93.6116943359375,177.40480041503906,260.33868408203125,101.99122619628906,67.89170837402344
2019-04-12,13.96819019317627,37.74348068237305,121.83000183105469,60.56983184814453,89.8306884765625,50.144813537597656,144.64146423339844,93.5566635131836,178.1717987060547,262.1001892089844,101.2647705078125,68.21710205078125
2019-04-15,13.942498207092285,37.54779052734375,121.5999984741211,60.52802658081055,89.95011901855469,50.20119094848633,144.17369079589844,93.4073257446289,178.20057678222656,261.92852783203125,101.52070617675781,67.86846160888672
2019-04-16,13.891112327575684,37.82857131958008,120.51000213623047,60.49320983886719,89.6429214477539,50.273677825927734,144.51307678222656,93.14791107177734,178.814208984375,262.1001892089844,100.88504791259766,66.3344497680664
2019-04-17,13.839728355407715,37.93918228149414,120.27999877929688,60.346923828125,89.6600112915039,50.378379821777344,143.19210815429688,93.1322250366211,179.43736267089844,261.45880126953125,100.92631530761719,65.73014831542969
2019-04-18,13.882549285888672,37.913658142089844,120.37000274658203,60.374794006347656,89.87332916259766,50.30589294433594,142.77017211914062,93.21082305908203,179.6675262451172,261.9736022949219,101.4546890258789,66.23374938964844
2019-04-22,13.951064109802246,37.666908264160156,120.37000274658203,60.27031326293945,89.74530029296875,50.265628814697266,142.39405822753906,93.06148529052734,180.1756591796875,262.199462890625,100.96757507324219,65.5054702758789
2019-04-23,13.96819019317627,37.75199890136719,120.12000274658203,60.47930145263672,89.90742492675781,50.37032699584961,144.54058837890625,93.44664001464844,182.4672088623047,264.5570983886719,101.18223571777344,66.3731918334961
2019-04-24,13.9168062210083,37.24148941040039,120.47000122070312,60.39570236206055,90.2487564086914,49.975677490234375,144.9900665283203,93.76110076904297,181.8918914794922,263.97003173828125,102.00775909423828,66.8613052368164
2019-04-25,13.891112327575684,37.19043731689453,120.56999969482422,60.423526763916016,90.13789367675781,49.94345474243164,143.78836059570312,93.7138900756836,182.63018798828125,263.80743408203125,101.85916900634766,66.72184753417969
2019-04-26,13.728394508361816,37.33509063720703,121.37000274658203,60.57677459716797,90.37677764892578,50.12870788574219,145.1827392578125,94.04402923583984,182.79318237304688,265.03582763671875,102.20584869384766,67.24869537353516
2019-04-29,13.736958503723145,37.41165542602539,120.83000183105469,60.54888916015625,90.18903350830078,50.34616470336914,145.87989807128906,93.67459869384766,183.14791870117188,265.4512939453125,101.55371856689453,66.59012603759766
2019-04-30,13.779780387878418,37.37762451171875,121.19999694824219,60.55590057373047,90.36827850341797,50.38644027709961,145.2010040283203,93.7138900756836,181.7289276123047,265.5868225097656,102.07378387451172,67.22541809082031
2019-05-01,13.736958503723145,37.096839904785156,120.4000015258789,60.357261657714844,90.32722473144531,50.080387115478516,143.8250274658203,93.68392944335938,181.14404296875,263.590576171875,102.4948501586914,67.27965545654297
2019-05-02,13.582801818847656,37.18193435668945,119.94000244140625,60.39918518066406,90.07068634033203,49.991783142089844,144.49468994140625,93.34494018554688,180.35789489746094,263.0213928222656,102.00678253173828,67.34938049316406
2019-05-03,13.5913667678833,37.62437057495117,120.6500015258789,60.55306625366211,90.19036865234375,50.523353576660156,147.25579833984375,93.76276397705078,183.2342071533203,265.5957946777344,102.29631805419922,67.92269134521484
2019-05-06,13.634187698364258,36.85009765625,120.80999755859375,60.58108139038086,90.4212646484375,49.99984359741211,147.4209442138672,93.88892364501953,182.11244201660156,264.5028991699219,102.57759094238281,67.70577239990234
2019-05-07,13.46290397644043,36.12688446044922,121.20999908447266,60.21736145019531,90.72909545898438,49.14610290527344,144.50392150878906,93.88105010986328,178.56494140625,260.0857849121094,103.36345672607422,66.4816665649414
2019-05-08,13.480031967163086,36.07582473754883,120.91000366210938,60.23830032348633,90.5580825805664,49.21053695678711,143.7975616455078,93.56568145751953,178.1142578125,259.72442626953125,102.916748046875,66.41194915771484
2019-05-09,13.411519050598145,35.50576400756836,121.19999694824219,60.14739990234375,90.79747009277344,48.90447998046875,143.27471923828125,93.65242004394531,177.15554809570312,258.93853759765625,103.33863067626953,66.58238220214844
2019-05-10,13.437211036682129,35.71847152709961,121.43000030517578,60.31529235839844,90.73765563964844,49.274967193603516,143.6691131591797,93.70758056640625,177.37603759765625,260.2393798828125,103.19794464111328,67.29517364501953
2019-05-13,13.368698120117188,34.52729797363281,122.66999816894531,59.7627067565918,91.19082641601562,48.11518859863281,139.0917510986328,93.76276397705078,171.22061157226562,253.69947814941406,104.0086898803711,67.22541809082031
2019-05-14,13.548545837402344,35.01227951049805,122.45999908447266,59.895591735839844,91.10527801513672,48.614532470703125,140.8438262939453,93.89678955078125,173.09979248046875,255.99383544921875,103.7026138305664,67.47335815429688
2019-05-15,13.668444633483887,35.080345153808594,122.38999938964844,59.95151901245117,91.39601135253906,48.82394790649414,141.30245971679688,94.15697479248047,175.5447235107422,257.4933166503906,104.33959197998047,67.93045806884766
2019-05-16,13.745521545410156,34.91017532348633,121.51000213623047,60.133392333984375,91.21647644042969,49.13804626464844,142.18312072753906,94.00713348388672,177.30889892578125,259.8780212402344,103.9921875,68.20160675048828
2019-05-17,13.617058753967285,34.28055191040039,120.6500015258789,60.112457275390625,91.25923156738281,48.85615921020508,140.20172119140625,94.01508331298828,175.4967803955078,258.19781494140625,104.2237777709961,68.06990051269531
2019-05-20,13.677009582519531,34.13590621948242,120.63999938964844,60.05649948120117,91.10527801513672,48.60647964477539,139.2293701171875,93.79430389404297,172.53414916992188,256.4906005859375,104.0086898803711,67.08595275878906
2019-05-21,13.685572624206543,34.5698356628418,120.36000061035156,60.24534225463867,91.002685546875,48.968910217285156,141.10067749023438,93.8731460571289,174.33668518066406,258.8031005859375,103.84326934814453,67.6593017578125
2019-05-22,13.488595962524414,34.399658203125,120.23999786376953,60.29429244995117,91.27632141113281,48.76756286621094,139.9173126220703,93.99141693115234,173.56008911132812,258.0081481933594,104.43887329101562,67.86072540283203
2019-05-23,13.205978393554688,33.95723342895508,121.16999816894531,59.99352264404297,91.83209228515625,48.3084831237793,137.0369873046875,94.19636535644531,170.9041748046875,254.85572814941406,105.61353302001953,68.01567840576172
2019-05-24,13.385826110839844,33.99126434326172,121.30000305175781,59.90958786010742,91.80648040771484,48.81588363647461,138.32122802734375,94.39350128173828,170.8179168701172,255.43380737304688,105.70455169677734,68.22484588623047
2019-05-28,13.497160911560059,34.110382080078125,120.83000183105469,59.853641510009766,92.20826721191406,48.34874725341797,137.22047424316406,94.4565658569336,170.17550659179688,253.05812072753906,106.46563720703125,67.55081176757812
2019-05-29,13.445775985717773,34.33159637451172,120.87000274658203,59.69274139404297,92.17407989501953,48.042694091796875,136.07379150390625,94.4959716796875,168.77565002441406,251.35992431640625,106.7882080078125,66.65210723876953
2019-05-30,13.308749198913574,34.5187873840332,121.69000244140625,59.818668365478516,92.5075912475586,48.235984802246094,135.6977081298828,95.03997039794922,169.4851837158203,252.0464630126953,107.70645904541016,66.9310073852539
2019-05-31,12.957616806030273,34.637901306152344,123.33000183105469,59.38496398925781,93.12323760986328,47.833290100097656,133.79884338378906,95.2607192993164,166.78143310546875,248.64999389648438,109.05485534667969,67.31839752197266
2019-06-03,12.914795875549316,34.952720642089844,125.11000061035156,59.48052978515625,93.57128143310547,48.01047897338867,134.2667236328125,95.55410766601562,163.10926818847656,248.0177764892578,109.7843017578125,67.4811019897461
2019-06-04,12.991873741149902,35.02928161621094,125.1500015258789,60.077781677246094,93.22860717773438,48.60647964477539,137.74331665039062,95.58573150634766,167.7018280029297,253.4013671875,108.53263854980469,67.17893981933594
2019-06-05,12.726383209228516,34.74851608276367,125.47000122070312,60.21833801269531,93.22860717773438,48.614532470703125,137.77081298828125,95.52244567871094,168.94825744628906,255.5963592529297,107.91919708251953,68.58125305175781
2019-06-06,12.949052810668945,34.76552963256836,125.87999725341797,60.34480285644531,93.2114486694336,48.76756286621094,137.41310119628906,95.70435333251953,170.29054260253906,257.2583923339844,108.26736450195312,68.71293640136719
2019-06-07,12.991873741149902,35.03780746459961,126.58999633789062,60.499385833740234,93.57984924316406,49.37968063354492,138.38539123535156,96.13141632080078,173.57920837402344,259.83282470703125,109.2040786743164,68.96862030029297
2019-06-10,12.957616806030273,35.403663635253906,125.33000183105469,60.59075164794922,93.11722564697266,49.5327033996582,139.20184326171875,95.7834243774414,175.60218811035156,261.0252380371094,108.17618560791016,68.74395751953125
2019-06-11,13.043258666992188,35.80356216430664,125.18000030517578,60.67505645751953,93.11722564697266,49.75016784667969,138.7890625,95.87041473388672,175.84193420410156,260.96185302734375,108.24248504638672,68.92988586425781
2019-06-12,12.863410949707031,35.42068099975586,125.83000183105469,60.5345344543457,93.35712432861328,49.38772201538086,138.9449920654297,96.01275634765625,174.8256072998047,260.50128173828125,108.32537078857422,69.16230773925781
2019-06-13,13.026130676269531,35.361122131347656,126.5999984741211,60.67505645751953,93.58841705322266,49.41188430786133,140.41265869140625,96.25791931152344,175.86109924316406,261.57623291015625,108.69840240478516,69.45671081542969
2019-06-14,13.077515602111816,34.96973419189453,126.55999755859375,60.63292694091797,93.65693664550781,49.04140090942383,139.18345642089844,96.29743194580078,175.1132354736328,261.2871398925781,108.9719009399414,69.49546813964844
2019-06-17,13.017565727233887,35.107765197753906,126.4800033569336,60.541561126708984,93.63980865478516,49.0389404296875,140.14361572265625,96.34490966796875,176.1679229736328,261.3865051269531,109.16263580322266,70.23922729492188
2019-06-18,13.171721458435059,35.95652770996094,127.12000274658203,60.963165283203125,93.81971740722656,49.65510940551758,141.77293395996094,96.98546600341797,178.72787475585938,264.1235046386719,109.70970916748047,70.16949462890625
2019-06-19,13.146029472351074,36.256591796875,127.88999938964844,61.25123596191406,94.07675170898438,49.98373031616211,142.2792510986328,97.60228729248047,179.39906311035156,264.7196960449219,109.86722564697266,70.54911804199219
2019-06-20,13.411519050598145,36.78813934326172,131.11000061035156,61.56041717529297,94.23096466064453,50.427371978759766,142.9512939453125,98.13212585449219,181.0673828125,267.2489013671875,110.1573257446289,70.905517578125
2019-06-21,13.445775985717773,36.668113708496094,131.97999572753906,61.3636589050293,93.8454360961914,50.2630615234375,141.71775817871094,97.77628326416016,180.79893493652344,266.86041259765625,108.94707489013672,69.90608978271484
2019-06-24,13.505724906921387,36.616661071777344,133.94000244140625,61.35663604736328,94.17101287841797,50.30413818359375,139.99632263183594,98.02140045166016,180.8046417236328,266.5336608886719,109.75943756103516,69.66590118408203
2019-06-25,13.548545837402344,36.23944854736328,134.1999969482422,61.096656799316406,94.31661224365234,50.07410430908203,139.1402130126953,97.72885131835938,177.700927734375,263.9195861816406,110.09931182861328,68.63545989990234
2019-06-26,13.617058753967285,36.58237075805664,132.97000122070312,61.068580627441406,93.93109130859375,50.05767059326172,138.81805419921875,97.53112030029297,178.52731323242188,263.65625,109.39472961425781,67.26416015625
2019-06-27,13.617058753967285,36.839576721191406,132.83999633789062,61.237205505371094,94.2138442993164,50.2055549621582,141.42318725585938,98.10054016113281,179.20956420898438,264.5911560058594,110.16561889648438,68.13006591796875
2019-06-28,13.471468925476074,36.78813934326172,133.1999969482422,61.25826644897461,94.25662994384766,50.44380569458008,143.1446075439453,98.35359954833984,179.44017028808594,265.95281982421875,110.09101867675781,68.36473083496094
2019-07-01,13.46290397644043,37.22536849975586,130.6199951171875,61.27666091918945,94.13825988769531,50.76421356201172,143.6968994140625,98.53997802734375,181.8616485595703,268.3672180175781,109.83358001708984,68.33344268798828
2019-07-02,13.240235328674316,37.13106918334961,133.41000366210938,61.41075897216797,94.47294616699219,50.920310974121094,142.82240295410156,98.80958557128906,182.5823211669922,269.0660705566406,110.68075561523438,69.52239990234375
2019-07-03,13.368698120117188,37.06248474121094,133.6300048828125,61.64363479614258,94.65314483642578,51.281795501708984,143.8441619873047,99.07925415039062,183.95645141601562,271.21734619140625,111.46974182128906,70.35154724121094
2019-07-05,13.394392013549805,36.8052864074707,132.13999938964844,61.39662551879883,94.05242156982422,50.87101364135742,144.23085021972656,98.20684814453125,183.5817108154297,270.9087219238281,109.9913330078125,70.10124206542969
2019-07-08,13.377262115478516,36.58237075805664,131.2899932861328,61.27666091918945,93.95802307128906,50.62454605102539,142.85922241210938,98.0720443725586,182.29405212402344,269.4200744628906,110.140869140625,70.35154724121094
2019-07-09,13.420083999633789,36.470916748046875,131.75,61.2060546875,93.89793395996094,50.32878494262695,143.05250549316406,97.86585998535156,183.20692443847656,269.7559509277344,110.09932708740234,70.58618927001953
2019-07-10,13.711265563964844,36.77956771850586,133.8300018310547,61.37546920776367,93.94940948486328,50.509525299072266,143.30105590820312,98.08789825439453,185.03269958496094,271.0448303222656,109.49300384521484,70.99293518066406
2019-07-11,13.719830513000488,36.710968017578125,132.6999969482422,61.25547409057617,93.48596954345703,50.54238510131836,142.6014862060547,97.50896453857422,184.8981170654297,271.6802978515625,108.03125,70.06993865966797
2019-07-12,13.7540864944458,36.7366943359375,133.52999877929688,61.3542594909668,93.5889892578125,50.58346939086914,143.7061309814453,97.60413360595703,185.9647674560547,272.8965148925781,108.15582275390625,69.97605895996094
2019-07-15,13.608494758605957,36.87386703491211,133.52999877929688,61.39662551879883,93.78636169433594,50.64919662475586,142.9512939453125,97.77063751220703,186.56045532226562,272.9873046875,108.77873229980469,69.92131042480469
2019-07-16,13.46290397644043,36.82242965698242,132.39999389648438,61.26957321166992,93.58039855957031,50.43558883666992,142.90528869628906,97.56446838378906,185.59954833984375,272.10675048828125,108.45479583740234,69.75704193115234
2019-07-17,13.343005180358887,36.710968017578125,134.5800018310547,61.19194412231445,94.01805877685547,50.3698616027832,141.88343811035156,98.07997131347656,184.6867218017578,270.2550964355469,109.62590789794922,69.52239990234375
2019-07-18,13.248799324035645,36.93388366699219,136.47999572753906,61.22016525268555,94.24979400634766,50.509525299072266,142.41738891601562,98.30998229980469,184.8981170654297,271.2445373535156,109.63419342041016,69.52239990234375
2019-07-19,13.32587718963623,36.745269775390625,134.47000122070312,61.11431884765625,94.07816314697266,50.402732849121094,141.59808349609375,98.15927124023438,183.543212890625,269.73785400390625,109.37674713134766,68.38819885253906
2019-07-22,13.28305721282959,36.75383758544922,134.4499969482422,61.3189811706543,94.12104034423828,50.44380569458008,141.46920776367188,98.4606704711914,185.0038604736328,270.400390625,109.58438873291016,68.32562255859375
2019-07-23,13.368698120117188,36.79671096801758,133.69000244140625,61.42486572265625,93.96658325195312,50.76421356201172,142.4081268310547,98.51619720458984,186.21456909179688,272.3337707519531,108.98638153076172,69.0999984741211
2019-07-24,13.308749198913574,36.856727600097656,134.3699951171875,61.474266052246094,94.10391235351562,50.805294036865234,144.7647247314453,98.7937240600586,187.5214080810547,273.6136169433594,109.45980834960938,69.1547622680664
2019-07-25,13.257362365722656,36.530941009521484,133.4199981689453,61.38953399658203,93.94084167480469,50.28770446777344,143.0156707763672,98.4765396118164,185.74375915527344,272.3065490722656,108.93655395507812,68.74800872802734
2019-07-26,13.274492263793945,36.60810089111328,133.63999938964844,61.52363967895508,93.92366027832031,50.39451217651367,144.7095489501953,98.61132049560547,187.65597534179688,274.1309509277344,109.19402313232422,69.06088256835938
2019-07-29,13.32587718963623,36.539512634277344,134.52999877929688,61.431922912597656,94.00950622558594,50.452022552490234,143.7429656982422,98.54788208007812,187.0121612548828,273.6316833496094,109.22722625732422,69.24860382080078
2019-07-30,13.4029541015625,36.256591796875,134.97999572753906,61.460147857666016,94.05242156982422,49.868717193603516,145.29864501953125,98.51619720458984,186.20498657226562,272.9601135253906,109.49300384521484,69.8039779663086
2019-07-31,13.317313194274902,35.8107795715332,133.2100067138672,61.3542594909668,94.2927017211914,49.59760284423828,144.12039184570312,98.60340881347656,183.62973022460938,269.97381591796875,110.3734359741211,69.53022766113281
2019-08-01,12.949052810668945,35.107765197753906,136.41000366210938,61.323760986328125,95.36222839355469,49.400421142578125,142.03074645996094,99.4050521850586,182.7168731689453,267.6229248046875,112.5654525756836,69.53022766113281
2019-08-02,12.966180801391602,34.764835357666016,135.88999938964844,61.23162078857422,95.55997467041016,49.02250671386719,140.45663452148438,99.5084457397461,180.0263214111328,265.60772705078125,113.60574340820312,69.86656951904297
2019-08-05,12.854846954345703,33.47883605957031,137.7899932861328,60.593746185302734,96.38532257080078,47.814815521240234,136.240478515625,99.58003234863281,173.6651153564453,257.6201477050781,115.56973266601562,68.48988342285156
2019-08-06,12.786333084106445,33.95894241333008,138.91000366210938,60.98359680175781,96.5400619506836,48.12699890136719,137.49244689941406,100.20039367675781,176.09617614746094,261.2327880859375,116.4935073852539,69.24860382080078
2019-08-07,12.623613357543945,34.113258361816406,141.02000427246094,60.976470947265625,96.5400619506836,48.332393646240234,137.45562744140625,100.18445587158203,177.04750061035156,261.38702392578125,116.5351791381836,69.92131042480469
2019-08-08,12.692127227783203,34.533355712890625,141.72999572753906,61.21748733520508,96.54866790771484,48.808895111083984,140.41976928710938,100.45484161376953,180.90072631835938,266.5154724121094,116.78483581542969,71.14937591552734
2019-08-09,12.803462028503418,34.18184280395508,141.25999450683594,61.13242721557617,96.40249633789062,48.447418212890625,138.65237426757812,100.16060638427734,179.199951171875,264.7001037597656,116.55177307128906,71.06332397460938
2019-08-12,12.709256172180176,33.770328521728516,142.6300048828125,60.91975402832031,97.01290130615234,48.0366325378418,136.85726928710938,100.78888702392578,177.14358520507812,261.477783203125,118.98182678222656,70.87560272216797
2019-08-13,13.009001731872559,34.19898986816406,141.77999877929688,61.18914031982422,96.66902923583984,48.4720573425293,138.3301544189453,100.7093734741211,181.02565002441406,265.5442810058594,118.57405853271484,70.97731018066406
2019-08-14,12.81202507019043,33.21306610107422,142.75,60.64335250854492,97.31387329101562,47.190433502197266,134.46388244628906,101.00362396240234,175.61575317382812,257.6927795410156,121.24542236328125,69.89787292480469
2019-08-15,12.709256172180176,33.43596267700195,143.6999969482422,60.820552825927734,97.9328384399414,47.33008575439453,133.92996215820312,101.49674224853516,175.41397094726562,258.37347412109375,122.59368133544922,70.59400939941406
2019-08-16,12.700691223144531,33.89892578125,142.77999877929688,61.026092529296875,97.67491149902344,47.91340255737305,136.82044982910156,101.67961120605469,178.2294158935547,262.18572998046875,121.6116943359375,71.32146453857422
2019-08-19,12.760640144348145,34.036102294921875,141.11000061035156,61.20327377319336,97.21068572998047,48.16808319091797,138.20127868652344,101.34564971923828,181.0641326904297,265.34454345703125,119.8723373413086,71.83770751953125
2019-08-20,12.79489803314209,34.10468673706055,142.2100067138672,61.25291061401367,97.64054870605469,48.01197814941406,137.29916381835938,101.93414306640625,179.6611785888672,263.311279296875,121.11235046386719,71.32928466796875
2019-08-21,12.83771800994873,34.43046569824219,141.75999450683594,61.5151481628418,97.38262176513672,48.38169479370117,138.4314422607422,102.11702728271484,181.2562713623047,265.4535217285156,120.30503845214844,71.62651824951172
2019-08-22,12.777769088745117,33.98466110229492,141.39999389648438,61.62857437133789,97.16765594482422,48.3077507019043,138.10922241210938,101.74324798583984,180.6701202392578,265.3717956542969,119.50614166259766,71.9550552368164
2019-08-23,12.683563232421875,33.47883605957031,144.1699981689453,61.345069885253906,97.82107543945312,47.72444152832031,133.87469482421875,102.11702728271484,174.95274353027344,258.5550842285156,121.47021484375,70.94601440429688
2019-08-26,12.67499828338623,33.65886688232422,144.19000244140625,61.64982223510742,97.72652435302734,48.09414291381836,135.3475799560547,102.12503051757812,177.59524536132812,261.414306640625,120.97920989990234,71.49354553222656
2019-08-27,12.760640144348145,33.7188835144043,145.57000732421875,61.62147903442383,98.14778137207031,48.069496154785156,133.34078979492188,102.67378234863281,177.22047424316406,260.3885498046875,122.84324645996094,71.2901611328125
2019-08-28,12.871973991394043,33.81318664550781,145.16000366210938,61.77032470703125,98.18215942382812,48.04484558105469,134.89651489257812,102.67378234863281,177.8546600341797,262.2221374511719,123.0014419555664,71.52484130859375
2019-08-29,12.906231880187988,34.19041442871094,144.1199951171875,61.8341178894043,97.99303436279297,48.4720573425293,137.2622833251953,102.4510726928711,180.5740203857422,265.5715026855469,122.5353775024414,72.0802230834961
2019-08-30,12.700691223144531,34.45619201660156,143.75,61.77739715576172,98.01884460449219,48.7431755065918,137.0137481689453,102.43517303466797,180.1416778564453,265.4535217285156,122.56867980957031,72.13495635986328
2019-09-03,12.632177352905273,34.24185562133789,145.75,61.600189208984375,98.23407745361328,48.52135467529297,135.0070037841797,102.33866882324219,178.3927764892578,263.9013366699219,122.7271499633789,72.85459899902344
2019-09-04,12.931923866271973,34.81626892089844,146.66000366210938,61.728294372558594,98.3891372680664,49.2032470703125,136.09324645996094,102.53006744384766,180.9679718017578,266.896728515625,122.91045379638672,73.4646987915039
2019-09-05,12.914795875549316,35.21064758300781,143.13999938964844,61.97032165527344,97.59686279296875,49.53187942504883,138.62472534179688,101.78046417236328,184.2831573486328,270.3277282714844,120.68455505371094,72.93280792236328
2019-09-06,12.949052810668945,35.36496353149414,141.9199981689453,62.02727127075195,97.65711212158203,49.64689636230469,137.98953247070312,102.14730072021484,184.10055541992188,270.53656005859375,121.54325103759766,73.09707641601562
2019-09-09,13.068951606750488,35.47642135620117,141.38999938964844,62.09132385253906,97.05427551269531,49.794769287109375,139.83984375,101.3976821899414,183.71621704101562,270.6726989746094,119.38397216796875,72.74507904052734
2019-09-10,13.086080551147461,35.502140045166016,140.17999267578125,62.12690734863281,96.3481216430664,49.868717193603516,141.6256866455078,100.54438781738281,183.18772888183594,270.6091613769531,117.2914810180664,71.9941635131836
2019-09-11,12.991873741149902,35.750755310058594,141.02999877929688,62.11981201171875,96.25343322753906,50.189125061035156,144.52540588378906,100.46461486816406,184.90773010253906,272.5334167480469,117.08303833007812,72.07237243652344
2019-09-12,12.9404878616333,36.007965087890625,141.32000732421875,62.15536117553711,96.03807830810547,50.44380569458008,144.56224060058594,100.32904052734375,185.67648315429688,273.47747802734375,116.31605529785156,72.45565032958984
2019-09-13,12.9404878616333,36.213722229003906,140.14999389648438,62.041481018066406,95.15972900390625,50.73956298828125,144.81072998046875,99.42794036865234,185.01345825195312,273.2959289550781,113.8316421508789,71.68128967285156
2019-09-16,13.514289855957031,35.93080520629883,141.32000732421875,62.26217269897461,95.57307434082031,50.3205680847168,145.35394287109375,99.93031311035156,184.18701171875,272.4516906738281,115.28227233886719,72.30704498291016
2019-09-17,13.257362365722656,35.93080520629883,141.60000610351562,62.29773712158203,95.82283020019531,50.493099212646484,144.97650146484375,100.18551635742188,185.0711212158203,273.1416320800781,115.90753936767578,73.08924865722656
2019-09-18,13.171721458435059,35.785057067871094,140.7100067138672,62.26217269897461,95.85726928710938,50.427371978759766,144.0835418701172,100.4327392578125,184.9942169189453,273.3050842285156,116.3994140625,72.83892822265625
2019-09-19,13.240235328674316,35.639305114746094,141.27999877929688,62.190975189208984,95.90036010742188,50.63276290893555,143.38394165039062,100.71981048583984,185.3017120361328,273.28680419921875,116.74958038330078,73.09707641601562
2019-09-20,13.257362365722656,35.67360305786133,142.9499969482422,62.269264221191406,96.45149993896484,50.46023941040039,143.0801544189453,101.41361236572266,183.34146118164062,271.9955749511719,118.29192352294922,73.09707641601562
2019-09-23,13.291621208190918,35.70789337158203,143.75,62.2408332824707,96.58930206298828,50.35342788696289,142.96969604492188,101.34185791015625,183.4223175048828,271.9317626953125,118.26692199707031,73.21439361572266
2019-09-24,13.137465476989746,35.33067321777344,144.50999450683594,62.15536117553711,97.07156372070312,50.19733428955078,140.81173706054688,101.66084289550781,180.98634338378906,269.7979736328125,119.69247436523438,73.0519790649414
2019-09-25,13.06038761138916,35.30495071411133,141.8300018310547,62.09132385253906,96.43424987792969,50.06588363647461,142.35447692871094,101.0866470336914,183.0179443359375,271.393798828125,117.9417495727539,73.19390869140625
2019-09-26,13.06038761138916,35.2963752746582,141.7899932861328,62.04860305786133,96.64095306396484,50.2384147644043,140.76556396484375,101.30199432373047,182.34397888183594,270.82843017578125,118.70040130615234,73.80889892578125
2019-09-27,13.009001731872559,34.84199142456055,141.05999755859375,61.977439880371094,96.77871704101562,50.04124450683594,139.63853454589844,101.32588958740234,180.0812530517578,269.36944580078125,118.99214172363281,73.39888000488281
2019-09-30,12.880538940429688,35.0391731262207,138.8699951171875,62.04860305786133,96.85625457763672,50.172691345214844,139.8048095703125,101.66084289550781,181.79513549804688,270.61865234375,119.28400421142578,73.52505493164062
2019-10-01,12.871973991394043,34.79055404663086,139.6300048828125,61.905670166015625,97.12445831298828,49.77012252807617,137.0612030029297,101.77759552001953,180.31231689453125,267.3997497558594,119.64312744140625,72.83121490478516
2019-10-02,12.760640144348145,34.5247802734375,141.25999450683594,61.541202545166016,97.4607925415039,48.76782989501953,136.0265655517578,101.7375717163086,177.2119598388672,262.6761474609375,119.93538665771484,72.52369689941406
2019-10-03,12.743512153625488,34.97058868408203,141.89999389648438,61.576908111572266,97.9697036743164,49.09644317626953,136.47923278808594,102.13738250732422,179.15696716308594,264.8282775878906,121.0294189453125,73.22543334960938
2019-10-04,12.846282005310059,35.124916076660156,141.89999389648438,61.7698860168457,98.15946197509766,49.53187942504883,137.77252197265625,102.56116485595703,181.79513549804688,268.4120178222656,121.92304992675781,73.66697692871094
2019-10-07,12.829154014587402,34.83341979980469,140.69000244140625,61.71984100341797,97.83172607421875,49.43328094482422,137.5323028564453,102.04142761230469,181.24632263183594,267.25384521484375,120.91248321533203,73.50928497314453
2019-10-08,12.820590019226074,34.58478927612305,141.9199981689453,61.49116516113281,98.03871154785156,48.956783294677734,135.29678344726562,101.95346069335938,178.53109741210938,263.1047668457031,121.2381820678711,73.1229476928711
2019-10-09,12.854846954345703,34.850563049316406,142.0500030517578,61.676998138427734,97.78860473632812,49.359352111816406,135.91567993164062,101.99341583251953,180.2738494873047,265.60333251953125,120.55340576171875,73.26486206054688
2019-10-10,12.9404878616333,35.21064758300781,140.80999755859375,61.755611419677734,97.17621612548828,49.64689636230469,136.460693359375,101.39376831054688,181.66993713378906,267.3997497558594,118.75782775878906,73.38312530517578
2019-10-11,13.094644546508789,35.776485443115234,140.02999877929688,62.01286697387695,96.51210021972656,50.55882263183594,138.77020263671875,101.20989227294922,184.0096435546875,270.171875,117.28797912597656,73.35160827636719
2019-10-14,13.034695625305176,35.62216567993164,140.58999633789062,62.055763244628906,96.77950286865234,50.33699035644531,138.2620849609375,101.54569244384766,183.9904022216797,269.8709716796875,118.13982391357422,73.38312530517578
2019-10-15,13.000438690185547,35.93938064575195,139.61000061035156,62.19154357910156,96.31372833251953,50.961387634277344,139.85098266601562,101.27385711669922,186.3301544189453,272.5428161621094,116.711669921875,73.47775268554688
2019-10-16,13.017565727233887,36.04225158691406,140.41000366210938,62.141510009765625,96.50346374511719,51.02711486816406,139.998779296875,101.38578796386719,185.8679656982422,272.10498046875,116.85370635986328,73.48563385009766
2019-10-17,13.068951606750488,36.1794319152832,140.61000061035156,62.227291107177734,96.46894073486328,51.14213180541992,141.65235900878906,101.52970886230469,186.3590087890625,272.907470703125,116.5698013305664,73.96659088134766
2019-10-18,13.06038761138916,35.990821838378906,140.4600067138672,62.241573333740234,96.55520629882812,51.11748123168945,140.97799682617188,101.65768432617188,184.568115234375,271.71295166015625,116.5698013305664,74.5343017578125
2019-10-21,13.043258666992188,36.31659698486328,139.7899932861328,62.26300048828125,96.20162200927734,51.43789291381836,142.29901123046875,101.42578125,186.20497131347656,273.55487060546875,115.6928939819336,75.10198974609375
2019-10-22,13.06038761138916,36.342323303222656,140.1999969482422,62.277305603027344,96.42584991455078,51.2735710144043,142.45603942871094,101.6016616821289,184.72222900390625,272.6612854003906,116.36927032470703,74.88121795654297
2019-10-23,13.223106384277344,36.350894927978516,140.52999877929688,62.33449172973633,96.4603500366211,51.54469299316406,142.63157653808594,101.65768432617188,185.07847595214844,273.4545593261719,116.48617553710938,75.04681396484375
2019-10-24,13.291621208190918,36.350894927978516,141.52999877929688,62.40592575073242,96.44313049316406,51.62685012817383,142.42832946777344,101.88152313232422,186.87896728515625,273.9014587402344,116.25238800048828,74.85757446289062
2019-10-25,13.368698120117188,36.60810089111328,141.86000061035156,62.45596694946289,96.23611450195312,51.65150451660156,143.18585205078125,101.70562744140625,188.37139892578125,275.0229797363281,115.68447875976562,74.21891021728516
2019-10-28,13.317313194274902,36.82242965698242,140.63999938964844,62.448814392089844,95.87385559082031,51.87331771850586,144.42373657226562,101.40177917480469,190.2296905517578,276.5732421875,114.63220977783203,73.76946258544922
2019-10-29,13.291621208190918,36.633811950683594,140.25,62.33449172973633,95.96011352539062,51.88154220581055,144.8948516845703,101.1379165649414,188.75645446777344,276.4911804199219,114.70736694335938,74.21891021728516
2019-10-30,13.205978393554688,36.79671096801758,141.02000427246094,62.25586700439453,96.42584991455078,52.10335922241211,144.41448974609375,101.49773406982422,189.67123413085938,277.3392333984375,116.38605499267578,74.48697662353516
2019-10-31,13.128900527954102,36.50521469116211,142.42999267578125,62.041481018066406,97.03819274902344,51.947265625,143.60153198242188,102.11343383789062,189.75784301757812,276.6006164550781,117.95612335205078,74.35294342041016
2019-11-01,13.368698120117188,37.05390548706055,142.55999755859375,62.3077392578125,96.8551025390625,52.456626892089844,146.049560546875,102.2136001586914,191.4813690185547,279.1629638671875,117.59297943115234,74.3371810913086
2019-11-04,13.454339981079102,37.422569274902344,142.14999389648438,62.43689727783203,96.36273956298828,52.735958099365234,146.83480834960938,101.73257446289062,192.6656494140625,280.2845764160156,116.04530334472656,73.8167953491211
2019-11-05,13.488595962524414,37.63688659667969,139.85000610351562,62.372310638427734,95.8445053100586,52.65380096435547,147.01953125,101.14733123779297,192.77157592773438,279.97454833984375,114.74015808105469,72.56310272216797
2019-11-06,13.343005180358887,37.516868591308594,140.4499969482422,62.300559997558594,96.12090301513672,52.60450744628906,146.1696319580078,101.71653747558594,192.3383026123047,280.0382995605469,115.43453979492188,72.72080993652344
2019-11-07,13.334441184997559,37.79121398925781,138.27000427246094,62.271846771240234,95.35212707519531,52.78525161743164,146.55764770507812,100.9228286743164,192.9833984375,281.02325439453125,113.3430404663086,71.99541473388672
2019-11-08,13.368698120117188,37.44828414916992,137.38999938964844,62.32923889160156,95.22257995605469,52.70309066772461,146.954833984375,100.78651428222656,193.75364685058594,281.7162780761719,112.86617279052734,71.82194519042969
2019-11-11,13.28305721282959,37.18251419067383,137.05999755859375,62.293357849121094,95.32621765136719,52.65380096435547,146.677734375,100.81857299804688,193.4937286376953,281.1782531738281,112.94146728515625,71.97966003417969
2019-11-12,13.291621208190918,36.94245529174805,137.42999267578125,62.3077392578125,95.36939239501953,52.670230865478516,146.7239227294922,100.91478729248047,194.05215454101562,281.7709045410156,113.46019744873047,71.43559265136719
2019-11-13,13.317313194274902,36.65953063964844,137.97999572753906,62.24312973022461,95.6285629272461,52.473060607910156,146.0957489013672,101.1552963256836,194.10031127929688,281.8621520996094,114.19642639160156,72.09003448486328
2019-11-14,13.274492263793945,36.68526077270508,138.55999755859375,62.207271575927734,96.11225891113281,52.36625671386719,146.049560546875,101.68447875976562,193.9462432861328,282.2724609375,115.37600708007812,72.64984130859375
2019-11-15,13.343005180358887,36.97674560546875,138.2100067138672,62.39383316040039,96.03450012207031,52.686668395996094,146.80706787109375,101.7005386352539,195.37124633789062,284.3150329589844,115.25056457519531,73.04408264160156
2019-11-18,13.205978393554688,36.91673278808594,138.6199951171875,62.314910888671875,96.19866943359375,52.76060104370117,146.4375457763672,101.81272888183594,195.52529907226562,284.5248107910156,115.45967864990234,73.39888000488281
2019-11-19,13.086080551147461,36.993896484375,138.69000244140625,62.092430114746094,96.38003540039062,52.727745056152344,146.98260498046875,102.01319122314453,195.81417846679688,284.4427795410156,116.42179107666016,73.52505493164062
2019-11-20,13.257362365722656,36.83099365234375,138.75999450683594,61.963279724121094,96.73416900634766,52.3826904296875,146.4282989501953,102.157470703125,194.63946533203125,283.38494873046875,117.62641143798828,73.48563385009766
2019-11-21,13.377262115478516,36.75383758544922,138.0,61.97759246826172,96.49230194091797,52.33339309692383,145.70777893066406,101.9169921875,194.2062225341797,282.9289855957031,116.89027404785156,72.45272827148438
2019-11-22,13.368698120117188,36.75383758544922,137.74000549316406,62.21444320678711,96.47508239746094,52.4401969909668,146.16046142578125,102.1976089477539,194.3313751220703,283.5582580566406,117.04085540771484,72.18465423583984
2019-11-25,13.368698120117188,37.12249755859375,137.0800018310547,62.37952423095703,96.51823425292969,52.867408752441406,149.26434326171875,102.55034637451172,196.63258361816406,285.7559814453125,117.38385009765625,72.41329956054688
2019-11-26,13.445775985717773,37.011043548583984,137.74000549316406,62.45123291015625,96.69961547851562,52.87562561035156,149.365966796875,102.81490325927734,197.00808715820312,286.4032897949219,118.0698471069336,73.37525177001953
2019-11-27,13.377262115478516,37.05390548706055,137.00999450683594,62.530181884765625,96.44913482666016,53.0399284362793,150.41905212402344,102.80691528320312,198.38497924804688,287.6799621582031,117.72686767578125,73.72218322753906
2019-11-29,13.111772537231445,36.470916748046875,137.86000061035156,62.39383316040039,96.37136840820312,52.431976318359375,149.43980407714844,102.59844207763672,197.4799041748047,286.61309814453125,117.4758529663086,73.38312530517578
2019-12-02,13.094644546508789,36.46234893798828,137.7899932861328,62.351341247558594,96.02538299560547,52.39911651611328,147.98028564453125,102.153076171875,195.45791625976562,284.17828369140625,115.90959930419922,72.27139282226562
2019-12-03,13.103208541870117,36.273738861083984,139.11000061035156,62.26485824584961,96.88176727294922,52.218379974365234,147.50912475585938,102.94091796875,193.9269561767578,282.2724609375,118.33995056152344,72.73658752441406
2019-12-04,13.308749198913574,36.5480842590332,138.9199981689453,62.45219421386719,96.50978088378906,52.71131134033203,148.52529907226562,102.80428314208984,194.90911865234375,284.0141296386719,117.15823364257812,73.03619384765625
2019-12-05,13.334441184997559,36.710968017578125,139.0,62.545867919921875,96.28485107421875,52.629150390625,148.67311096191406,102.69171905517578,195.29425048828125,284.5248107910156,116.58837127685547,73.07563781738281
2019-12-06,13.420083999633789,36.92530822753906,137.6199951171875,62.6323356628418,95.99080657958984,53.10566711425781,150.40980529785156,102.63544464111328,197.38363647460938,287.12371826171875,115.9430923461914,73.22543334960938
2019-12-09,13.4029541015625,36.77956771850586,137.5800018310547,62.6323356628418,96.06865692138672,52.84275817871094,150.12344360351562,102.61933898925781,196.48814392089844,286.22088623046875,116.19451904296875,73.36734771728516
2019-12-10,13.46290397644043,36.90815734863281,137.97000122070312,62.78367614746094,95.9561767578125,52.89205551147461,150.2158660888672,102.61933898925781,196.32444763183594,285.9017333984375,116.20287322998047,72.94159698486328
2019-12-11,13.4029541015625,37.44828414916992,138.9199981689453,62.9133186340332,96.35407257080078,53.11387252807617,150.1696319580078,103.02130126953125,197.3643798828125,286.7133483886719,117.11637878417969,72.20042419433594
2019-12-12,13.52285385131836,38.099857330322266,138.42999267578125,63.05739974975586,95.59286499023438,53.45893478393555,151.462890625,102.5469970703125,198.83749389648438,289.1845703125,115.18882751464844,71.22270965576172
2019-12-13,13.5913667678833,38.08271408081055,139.0500030517578,63.122276306152344,96.15512084960938,53.82041549682617,150.88096618652344,103.21422576904297,199.4922637939453,289.3578186035156,116.52135467529297,71.23848724365234
2019-12-16,13.685572624206543,38.40582275390625,139.0399932861328,63.2447624206543,95.70535278320312,54.38668441772461,151.94439697265625,102.98112487792969,201.49497985839844,291.3456726074219,115.47378540039062,71.7509994506836
2019-12-17,13.745521545410156,38.756080627441406,139.00999450683594,63.439266204833984,95.7139892578125,54.09522247314453,152.70469665527344,102.90072631835938,201.61050415039062,291.4095458984375,115.31459045410156,71.07291412353516
2019-12-18,13.7540864944458,38.96623229980469,139.02000427246094,63.554534912109375,95.45448303222656,54.00361633300781,153.00135803222656,102.82837677001953,201.7645721435547,291.4276428222656,114.3675765991211,71.93917846679688
2019-12-19,13.814034461975098,38.98374938964844,139.3800048828125,63.52128219604492,95.52898406982422,54.00361633300781,153.65969848632812,102.92991638183594,203.02590942382812,292.6223449707031,114.55054473876953,72.57670593261719
2019-12-20,13.796907424926758,39.06256103515625,139.52000427246094,63.427303314208984,95.52898406982422,54.061912536621094,153.8821563720703,102.897705078125,203.84426879882812,293.9052429199219,114.70165252685547,72.97518920898438
2019-12-23,13.80038833618164,39.11509323120117,139.9499969482422,63.45620346069336,95.44231414794922,54.18682861328125,154.18812561035156,102.94606018066406,204.38275146484375,294.354248046875,114.53382110595703,72.60859680175781
2019-12-24,13.861298561096191,39.02752685546875,141.27000427246094,63.50687026977539,95.60693359375,54.13685989379883,154.5404510498047,103.05081939697266,204.48890686035156,294.36346435546875,114.86112213134766,72.79985809326172
2019-12-26,13.965713500976562,39.3077392578125,142.3800048828125,63.60081481933594,95.74552917480469,54.35337448120117,154.5404510498047,103.23622131347656,206.29331970214844,295.930419921875,115.13814544677734,73.11865234375
2019-12-27,13.991819381713867,39.46535110473633,142.3300018310547,63.57192611694336,95.88412475585938,54.48661804199219,153.7802276611328,103.38128662109375,206.11965942382812,295.8570251464844,115.26405334472656,73.34974670410156
2019-12-30,13.965713500976562,39.202659606933594,142.6300048828125,63.52851104736328,95.82347869873047,54.08688735961914,153.3908233642578,103.56668090820312,204.76876831054688,294.2259216308594,114.8443374633789,73.42147827148438
2019-12-31,13.878700256347656,39.29022979736328,142.89999389648438,63.58635711669922,95.4770278930664,54.32838821411133,153.60406494140625,103.1395034790039,205.1547088623047,294.94073486328125,113.71958923339844,73.94746398925781
2020-01-02,13.896103858947754,40.08706283569336,143.9499969482422,63.853912353515625,95.91876220703125,54.902992248535156,153.7060089111328,103.35712432861328,208.5802001953125,297.698974609375,115.00379180908203,73.07879638671875
2020-01-03,14.061429023742676,39.34275817871094,145.86000061035156,63.78884506225586,96.5597915649414,54.22013473510742,153.1033935546875,103.71176147460938,206.6696319580078,295.4447021484375,116.77490234375,73.53304290771484
2020-01-06,14.08753490447998,39.24644470214844,147.38999938964844,63.7237663269043,96.45581817626953,54.41166305541992,153.30735778808594,103.36517333984375,208.0012664794922,296.5718688964844,116.11182403564453,73.62071228027344
2020-01-07,14.078832626342773,39.22016906738281,147.97000122070312,63.6658821105957,96.31723022460938,54.28675842285156,152.7974395751953,103.09921264648438,207.9722900390625,295.7379455566406,115.5410385131836,72.79985809326172
2020-01-08,13.869999885559082,39.447837829589844,146.86000061035156,63.7237663269043,96.09201049804688,54.41166305541992,153.27024841308594,102.95411682128906,209.53549194335938,297.31414794921875,114.77718353271484,73.02301025390625
2020-01-09,13.809088706970215,39.71052932739258,146.02999877929688,63.890052795410156,96.16134643554688,54.561553955078125,153.45565795898438,103.44575500488281,211.3109893798828,299.33013916015625,115.1800537109375,72.98316955566406
2020-01-10,13.809088706970215,39.92068862915039,146.91000366210938,63.9117546081543,96.36920166015625,54.303409576416016,152.88082885742188,103.73594665527344,210.77061462402344,298.46868896484375,116.20415496826172,73.54100799560547
2020-01-13,13.704672813415527,40.54240036010742,145.82000732421875,63.9117546081543,96.2566146850586,54.636505126953125,153.87290954589844,103.48605346679688,213.20230102539062,300.5213317871094,115.85163879394531,74.42560577392578
2020-01-14,13.765582084655762,40.31473159790039,145.69000244140625,63.90453338623047,96.44717407226562,54.694801330566406,154.4384765625,103.61503601074219,212.36276245117188,300.0632629394531,116.44754791259766,74.14667510986328
2020-01-15,13.69597053527832,39.9995002746582,146.5399932861328,63.918975830078125,96.68973541259766,54.644840240478516,155.1802215576172,103.84072875976562,212.44960021972656,300.7413330078125,117.21979522705078,74.81610107421875
2020-01-16,13.678569793701172,40.253440856933594,146.30999755859375,63.940670013427734,96.4905014038086,54.87800598144531,157.1829071044922,103.98585510253906,214.48558044433594,303.24298095703125,116.8504409790039,75.41381072998047
2020-01-17,13.722076416015625,40.481101989746094,146.5800018310547,63.890052795410156,96.41253662109375,55.061214447021484,156.75643920898438,103.96968841552734,215.5470733642578,304.1868591308594,115.85163879394531,75.48552703857422
2020-01-21,13.643763542175293,39.45659637451172,146.74000549316406,63.752681732177734,96.79366302490234,54.628177642822266,155.4583740234375,104.46944427490234,215.4505157470703,303.59124755859375,117.06869506835938,76.20276641845703
2020-01-22,13.461034774780273,39.78059005737305,146.7899932861328,63.868377685546875,96.81100463867188,54.73643112182617,155.3563995361328,104.52587890625,216.01986694335938,303.6278076171875,117.48002624511719,75.6927490234375
2020-01-23,13.347916603088379,39.36903381347656,147.1199951171875,63.673133850097656,97.05353546142578,54.594871520996094,155.25436401367188,104.66289520263672,216.714599609375,303.97613525390625,118.30264282226562,76.33027648925781
2020-01-24,13.147785186767578,39.05379867553711,147.97999572753906,63.40559387207031,97.40003204345703,54.35337448120117,153.3444061279297,104.84019470214844,214.890869140625,301.2727355957031,119.25945281982422,76.0672836303711
2020-01-27,12.904146194458008,37.70530700683594,148.99000549316406,62.97900390625,98.05841827392578,53.22084045410156,151.6013641357422,105.04174041748047,210.45217895507812,296.44354248046875,121.11450958251953,75.70069122314453
2020-01-28,12.965056419372559,38.02053451538086,147.66000366210938,63.52128219604492,97.7292251586914,53.703834533691406,152.8622589111328,104.9853515625,213.6847381591797,299.55010986328125,120.1659927368164,76.00353240966797
2020-01-29,12.904146194458008,38.20442581176758,148.4600067138672,63.4851188659668,98.19702911376953,53.720489501953125,151.99075317382812,105.3238296508789,214.0321044921875,299.3027038574219,121.34117126464844,75.724609375
2020-01-30,12.791028022766113,37.635250091552734,148.47000122070312,63.550193786621094,98.29227447509766,53.66219711303711,151.99075317382812,105.38835144042969,214.79441833496094,300.27392578125,121.35795593261719,75.7803955078125
2020-01-31,12.68661117553711,36.87343978881836,149.3300018310547,63.28994369506836,98.7860107421875,52.837772369384766,148.83839416503906,105.66239166259766,211.38815307617188,294.821533203125,122.4659423828125,74.85594940185547
2020-02-03,12.451674461364746,37.28499221801758,148.36000061035156,63.27975082397461,98.70191955566406,52.912723541259766,150.4980010986328,105.57913208007812,214.5820770263672,297.0117492675781,122.36672973632812,75.10298156738281
2020-02-04,12.469077110290527,38.24821090698242,146.42999267578125,63.657344818115234,98.12942504882812,53.81209182739258,152.7695770263672,105.320556640625,219.49363708496094,301.53851318359375,120.71879577636719,75.87603759765625
2020-02-05,12.660507202148438,38.46711349487305,146.61000061035156,63.918731689453125,97.70438385009766,54.303409576416016,155.12460327148438,105.25591278076172,220.21728515625,305.0206604003906,119.39875030517578,75.92384338378906
2020-02-06,12.712716102600098,38.50214767456055,147.39999389648438,63.96952438354492,97.7737808227539,54.41999816894531,154.77224731445312,105.20741271972656,222.1182861328125,306.0470886230469,119.9368896484375,76.17887878417969
2020-02-07,12.643104553222656,37.96799850463867,147.7899932861328,63.8751335144043,98.2421646118164,53.91202163696289,152.87156677246094,105.61144256591797,221.16294860839844,304.4158935546875,121.4334716796875,76.16292572021484
2020-02-10,12.529986381530762,38.17815399169922,148.1699981689453,63.96226501464844,98.43299865722656,54.02859878540039,153.7338409423828,105.86196899414062,223.8358612060547,306.68853759765625,121.76978302001953,77.01564025878906
2020-02-11,12.573493003845215,38.67726516723633,147.66000366210938,64.00585174560547,98.19878387451172,54.395015716552734,154.8000946044922,105.70845031738281,223.8744354248047,307.219970703125,121.15602111816406,77.5973892211914
2020-02-12,12.74752140045166,39.202659606933594,147.5399932861328,64.17286682128906,97.94725036621094,54.603206634521484,155.86630249023438,105.65998077392578,226.05520629882812,309.19940185546875,120.54225158691406,78.05961608886719
2020-02-13,12.75622272491455,38.686031341552734,148.3800048828125,64.19464874267578,98.03396606445312,54.19515609741211,156.27423095703125,105.58723449707031,225.76568603515625,308.8694763183594,121.0046157836914,78.52981567382812
2020-02-14,12.74752140045166,38.70354080200195,149.0,64.18737030029297,98.2768783569336,54.111881256103516,155.67161560058594,105.84583282470703,226.4122314453125,309.3642883300781,121.53437042236328,79.34268951416016
2020-02-18,12.843236923217773,38.44960403442383,150.91000366210938,64.05669403076172,98.43299865722656,53.74546813964844,155.33782958984375,106.04784393310547,226.4990234375,308.567138671875,122.36672973632812,79.25501251220703
2020-02-19,12.965056419372559,38.72980499267578,151.7899932861328,64.0857162475586,98.41566467285156,53.978633880615234,156.13519287109375,105.9023666381836,228.67013549804688,310.0423278808594,122.3582992553711,78.1871337890625
2020-02-20,12.912847518920898,38.1256217956543,152.41000366210938,64.19464874267578,98.70191955566406,53.6372184753418,156.51539611816406,106.25792694091797,226.54733276367188,308.7686767578125,123.31675720214844,79.11953735351562
2020-02-21,12.860639572143555,37.90670394897461,154.6999969482422,64.13655090332031,99.10093688964844,53.379058837890625,154.9298858642578,106.46806335449219,222.19540405273438,305.58892822265625,124.4686279296875,79.35064697265625
2020-02-24,12.617000579833984,36.4881591796875,156.08999633789062,63.446746826171875,99.87287139892578,51.23889923095703,150.26625061035156,106.48420715332031,213.6268310546875,295.4539489746094,126.32678985595703,78.26680755615234
2020-02-25,12.382062911987305,36.19919967651367,153.3000030517578,63.00382995605469,100.15047454833984,50.41447830200195,144.92575073242188,106.58928680419922,207.8179168701172,286.5010986328125,126.9993667602539,76.14698028564453
2020-02-26,12.26024341583252,36.4881591796875,153.97000122070312,63.06917190551758,100.0984115600586,50.48110580444336,143.24754333496094,106.19329071044922,208.88897705078125,285.4471130371094,126.32678985595703,75.32613372802734
2020-02-27,12.051410675048828,35.612510681152344,154.0,62.21961212158203,100.58415985107422,48.89888381958008,138.2037353515625,105.627685546875,198.42906188964844,272.6272888183594,127.69722747802734,71.31757354736328
2020-02-28,11.842577934265137,35.48115921020508,148.3800048828125,62.47377395629883,101.7118148803711,48.66570281982422,135.67262268066406,106.81552124023438,198.58349609375,271.4818115234375,130.58111572265625,69.59619140625
2020-03-02,12.112319946289062,36.251739501953125,149.1999969482422,62.94784927368164,101.64234924316406,49.29026794433594,140.03030395507812,106.70941925048828,208.83108520507812,283.2387390136719,129.62033081054688,72.56873321533203
2020-03-03,12.13842487335205,36.00654983520508,153.88999938964844,62.678001403808594,102.82340240478516,48.91553497314453,137.1746063232422,107.9248046875,202.1344451904297,275.12896728515625,131.63284301757812,72.40139770507812
2020-03-04,12.147125244140625,36.64577102661133,154.16000366210938,63.53857421875,102.59761047363281,50.30623245239258,141.07801818847656,108.0787353515625,210.56800842285156,286.6934509277344,130.23507690429688,75.13488006591797
2020-03-05,12.016605377197266,35.875205993652344,157.49000549316406,62.73630142211914,103.50949096679688,48.91553497314453,136.5904998779297,108.03817749023438,204.17042541503906,277.16326904296875,133.47686767578125,73.52507781982422
2020-03-06,11.625043869018555,35.13966369628906,157.5500030517578,62.02886962890625,104.56024932861328,48.224365234375,133.8831329345703,108.79173278808594,200.7256622314453,272.5815124511719,140.42344665527344,72.2579345703125
2020-03-09,10.720099449157715,32.74039077758789,157.80999755859375,59.359588623046875,105.4981689453125,44.37706756591797,120.86570739746094,106.15035247802734,186.78233337402344,251.2943572998047,144.22946166992188,66.68738555908203
2020-03-10,11.059453964233398,34.40412139892578,154.47999572753906,60.271202087402344,103.56157684326172,46.07587814331055,124.6392822265625,103.76008605957031,196.9527587890625,264.2975158691406,136.83648681640625,69.50484466552734
2020-03-11,10.859321594238281,32.80168914794922,153.92999267578125,58.958465576171875,102.52813720703125,43.660911560058594,116.71199798583984,100.34896850585938,188.37449645996094,251.4134521484375,131.8011932373047,65.3284683227539
2020-03-12,10.4242525100708,29.518020629882812,147.7899932861328,56.60274124145508,102.58021545410156,38.922576904296875,103.8150634765625,95.56043243408203,171.10218811035156,227.35891723632812,132.61801147460938,58.71046447753906
2020-03-13,10.537371635437012,31.645843505859375,143.27999877929688,58.38227081298828,101.91152954101562,41.13768005371094,110.76884460449219,99.7007827758789,185.59547424316406,246.79505920410156,129.62033081054688,63.8345832824707
2020-03-16,9.90217113494873,27.696672439575195,141.63999938964844,55.17325210571289,104.60368347167969,36.85736846923828,96.0732192993164,98.2828369140625,163.3634033203125,219.789794921875,138.01536560058594,52.518157958984375
2020-03-17,9.74554443359375,29.6055850982666,143.55999755859375,55.691070556640625,101.98099517822266,38.556175231933594,100.47725677490234,94.25589752197266,175.75315856933594,231.6566162109375,128.81199645996094,55.55406951904297
2020-03-18,9.42359447479248,27.048694610595703,140.6999969482422,53.23324966430664,100.56543731689453,36.24946212768555,92.6890640258789,89.54026794433594,170.4074249267578,219.92723083496094,121.54541778564453,50.269344329833984
2020-03-19,9.623725891113281,27.258852005004883,138.0399932861328,52.03715896606445,100.89545440673828,36.77409362792969,96.30501556396484,85.11634063720703,171.43023681640625,220.39454650878906,124.85453033447266,50.44603729248047
2020-03-20,9.519309997558594,27.460247039794922,140.11000061035156,50.87024688720703,103.46603393554688,36.42433547973633,94.01490783691406,86.48566436767578,164.7143096923828,210.8968505859375,134.24302673339844,47.93216323852539
2020-03-23,9.632426261901855,26.80352020263672,146.3000030517578,50.05342483520508,104.69053649902344,36.06626510620117,92.62413787841797,92.87848663330078,164.83326721191406,205.5045928955078,139.77520751953125,45.70742416381836
2020-03-24,9.841259956359863,28.817502975463867,153.39999389648438,52.117408752441406,103.97843170166016,39.10578155517578,101.09846496582031,94.78257751464844,177.59751892089844,224.12396240234375,137.1732635498047,49.8195686340332
2020-03-25,10.006586074829102,29.833248138427734,151.3000030517578,53.58332443237305,104.03922271728516,40.5297737121582,102.35498809814453,99.31996154785156,176.2824249267578,227.4791259765625,136.86181640625,52.50209045410156
2020-03-26,9.971781730651855,30.962833404541016,153.24000549316406,56.03384017944336,104.29105377197266,42.236907958984375,108.72132873535156,99.4010009765625,185.56552124023438,240.7615966796875,137.53541564941406,56.20463180541992
2020-03-27,9.936975479125977,29.202781677246094,152.25,56.179725646972656,105.0639419555664,40.987796783447266,104.76563262939453,99.19844055175781,179.18336486816406,233.5903778076172,141.20648193359375,56.260860443115234
2020-03-30,9.910871505737305,29.68439292907715,152.9199981689453,56.66108322143555,105.30712127685547,41.845516204833984,107.07391357421875,100.40567779541016,185.70089721679688,241.17640686035156,140.0445556640625,57.48969268798828
2020-03-31,9.78905200958252,29.88579750061035,148.0500030517578,56.20888900756836,105.4981689453125,41.54572296142578,106.53407287597656,100.07350158691406,184.11502075195312,237.58151245117188,138.90785217285156,56.1002311706543
2020-04-01,9.510607719421387,28.60733985900879,149.4499969482422,54.66594696044922,105.9277114868164,39.630409240722656,99.27420043945312,98.61947631835938,176.29208374023438,226.88922119140625,140.85400390625,52.41374969482422
2020-04-02,9.693336486816406,29.570552825927734,151.89999389648438,55.091102600097656,105.94513702392578,40.388221740722656,100.21424865722656,98.87940979003906,179.8699493408203,232.12478637695312,141.7478790283203,52.5904541015625
2020-04-03,9.936975479125977,29.01014518737793,152.64999389648438,53.910972595214844,106.02336120605469,39.497169494628906,97.37545776367188,98.36766052246094,177.31707763671875,228.76954650878906,142.08517456054688,51.827457427978516
2020-04-06,9.98918342590332,30.595056533813477,156.8800048828125,55.22301483154297,105.54515838623047,41.60401916503906,104.83079528808594,100.30900573730469,189.9943084716797,244.1351776123047,141.714111328125,55.66651153564453
2020-04-07,10.058794975280762,30.752676010131836,156.0399932861328,55.22301483154297,105.07562255859375,41.80387496948242,105.1007080078125,100.46337127685547,189.9169921875,244.3841094970703,140.23001098632812,56.1805305480957
2020-04-08,10.03269100189209,31.06791114807129,154.64999389648438,56.659671783447266,104.9451904296875,42.236907958984375,109.89408874511719,102.2747573852539,193.94931030273438,252.5877227783203,139.209716796875,60.0115852355957
2020-04-09,10.058794975280762,30.95407485961914,158.69000244140625,60.368587493896484,105.17124938964844,43.161258697509766,115.15284729003906,107.08350372314453,194.22975158691406,256.4313659667969,139.46270751953125,63.376792907714844
2020-04-13,10.23282241821289,30.99786376953125,161.41000366210938,59.50368118286133,104.9451904296875,42.786529541015625,112.03482055664062,106.04378509521484,196.32809448242188,254.09011840820312,138.18948364257812,60.71031951904297
2020-04-14,10.145808219909668,31.707130432128906,162.67999267578125,59.752864837646484,105.08429718017578,43.56098175048828,114.30584716796875,105.52391052246094,204.8666534423828,261.5839538574219,138.15565490722656,62.413002014160156
2020-04-15,9.936975479125977,30.892776489257812,161.85000610351562,59.1957893371582,106.02336120605469,42.17862319946289,109.64276123046875,106.23059844970703,202.51681518554688,256.0258483886719,141.8153076171875,59.93927764892578
2020-04-16,9.910871505737305,31.059152603149414,161.7100067138672,59.13715744018555,106.13638305664062,42.17862319946289,108.8144302368164,105.70259094238281,206.21078491210938,257.2610168457031,143.42593383789062,59.256614685058594
2020-04-17,9.954378128051758,31.750911712646484,158.57000732421875,59.437679290771484,105.85816955566406,43.29449462890625,113.6077880859375,106.0518798828125,208.1833953857422,264.2110290527344,141.50331115722656,61.127960205078125
2020-04-20,9.78905200958252,31.348114013671875,159.6999969482422,58.54345703125,106.13638305664062,42.669944763183594,112.26752471923828,105.45082092285156,205.71759033203125,259.5561828613281,142.64173889160156,58.85503005981445
2020-04-21,9.327878952026367,30.481229782104492,158.61000061035156,57.47329330444336,106.4320068359375,41.82054138183594,109.58695220947266,105.07714080810547,198.12673950195312,251.6751251220703,144.43777465820312,57.786842346191406
2020-04-22,9.458399772644043,31.313091278076172,161.72999572753906,57.97904586791992,106.1015853881836,42.5533561706543,110.91790008544922,105.1421127319336,204.00601196289062,257.2610168457031,142.9621124267578,58.67032241821289
2020-04-23,9.432295799255371,31.199254989624023,163.33999633789062,57.94972610473633,106.17118072509766,42.45343017578125,112.00690460205078,105.58889770507812,203.57090759277344,257.24249267578125,143.7210693359375,58.18040084838867
2020-04-24,9.310476303100586,31.15547752380371,162.63999938964844,57.40733337402344,106.19721984863281,42.98638153076172,113.93357849121094,105.51576232910156,206.78128051757812,260.82806396484375,144.0583038330078,58.42936706542969
2020-04-27,9.136448860168457,31.785938262939453,161.55999755859375,57.64188003540039,105.63207244873047,43.51933288574219,118.44771575927734,104.66288757324219,208.4445343017578,264.5888671875,141.37684631347656,60.429203033447266
2020-04-28,9.145151138305664,31.84723472595215,160.83999633789062,57.81782531738281,106.0928955078125,43.89406967163086,120.16960906982422,104.94719696044922,204.51853942871094,263.3721618652344,143.00436401367188,60.927154541015625
2020-04-29,9.310476303100586,32.77540969848633,161.72999572753906,58.83663558959961,106.04070281982422,44.98497772216797,126.07989501953125,105.63763427734375,211.7709197998047,270.2668762207031,142.26222229003906,61.84275817871094
2020-04-30,9.484502792358398,32.08366012573242,158.8000030517578,58.95390319824219,105.78855895996094,44.160552978515625,121.28651428222656,104.92283630371094,211.68394470214844,267.75042724609375,140.60105895996094,61.127960205078125
2020-05-01,9.362685203552246,30.92780876159668,159.77999877929688,57.937007904052734,105.93482971191406,43.177913665771484,116.4745101928711,104.50753021240234,205.71759033203125,260.66229248046875,141.80508422851562,59.063865661621094
2020-05-04,9.475801467895508,31.26055335998535,160.33999633789062,57.85599899291992,105.95223999023438,43.169593811035156,116.97713470458984,104.67036437988281,208.1157684326172,261.3811950683594,141.13803100585938,58.77471923828125
2020-05-05,9.719441413879395,31.435686111450195,161.02000427246094,58.35673141479492,105.87389373779297,43.24453353881836,117.87996673583984,104.53195190429688,210.47520446777344,263.7962341308594,140.23468017578125,59.063865661621094
2020-05-06,9.528010368347168,31.33936882019043,158.9499969482422,58.02537155151367,105.48220825195312,42.94474411010742,117.01436614990234,103.35935974121094,211.7709197998047,262.0079345703125,137.97189331054688,58.003684997558594
2020-05-07,9.588920593261719,31.59330177307129,161.38999938964844,58.172645568847656,106.12627410888672,43.67756271362305,118.61524963378906,103.63623809814453,214.49790954589844,265.1695861816406,140.2769012451172,58.8309440612793
2020-05-08,9.78905200958252,32.2587890625,160.4199981689453,58.724910736083984,105.77813720703125,44.360416412353516,123.19453430175781,103.13951873779297,217.43751525878906,269.5571594238281,138.45301818847656,60.22841262817383
2020-05-11,9.65853214263916,32.04863357543945,159.4199981689453,58.45981216430664,105.48220825195312,44.36874008178711,122.58026123046875,102.23564147949219,219.3811492919922,269.6124267578125,137.37234497070312,59.352989196777344
2020-05-12,9.580218315124512,31.926040649414062,160.0399932861328,58.38618469238281,105.83036041259766,43.777488708496094,118.17778778076172,103.22091674804688,214.7879638671875,264.2386169433594,138.78237915039062,56.65440368652344
2020-05-13,9.484502792358398,31.864742279052734,161.5800018310547,58.076908111572266,106.04796600341797,43.444393157958984,114.22211456298828,103.4570541381836,212.09976196289062,259.5653991699219,139.7533721923828,55.281009674072266
2020-05-14,9.64983081817627,31.987337112426758,163.00999450683594,57.878089904785156,106.21331787109375,43.00303649902344,114.59439849853516,104.31208801269531,214.50758361816406,262.6716613769531,141.12112426757812,55.473751068115234
2020-05-15,9.74554443359375,31.549516677856445,163.92999267578125,57.9591064453125,106.14370727539062,43.06966018676758,116.41868591308594,104.67855834960938,215.90005493164062,263.87908935546875,140.7581024169922,55.25690460205078
2020-05-18,10.0239896774292,32.78417205810547,162.69000244140625,58.98259353637695,105.49092864990234,44.81009292602539,123.49238586425781,105.2729721069336,219.9226837158203,271.9168701171875,137.66786193847656,58.5257453918457
2020-05-19,9.997884750366211,32.521480560302734,164.25999450683594,59.056251525878906,105.78685760498047,44.252159118652344,121.0538330078125,105.35438537597656,219.37149047851562,269.1239013671875,138.18289184570312,57.7386589050293
2020-05-20,10.171913146972656,32.95054626464844,164.64999389648438,59.682167053222656,105.81295013427734,45.1431999206543,124.72101593017578,106.51071166992188,223.75201416015625,273.69586181640625,138.59658813476562,58.25267028808594
2020-05-21,10.128405570983887,32.57402801513672,162.25,59.66742706298828,105.8825912475586,44.66020202636719,124.94440460205078,106.42929077148438,221.3151092529297,271.8062744140625,138.9428253173828,58.300846099853516
2020-05-22,10.050093650817871,31.8997802734375,163.2100067138672,59.814727783203125,106.0827865600586,44.576927185058594,125.54936981201172,106.42929077148438,222.07908630371094,272.3223876953125,139.77865600585938,59.08795928955078
2020-05-26,10.154510498046875,32.60028839111328,160.88999938964844,60.2639045715332,105.80426025390625,45.834373474121094,129.16998291015625,106.28272247314453,221.4795684814453,275.6775817871094,137.904296875,61.29663848876953
2020-05-27,10.0239896774292,32.70536804199219,161.17999267578125,60.38909149169922,105.89131927490234,46.38398742675781,133.18153381347656,106.72244262695312,222.68829345703125,279.779296875,137.6509552001953,62.517433166503906
2020-05-28,10.07619857788086,32.477699279785156,161.72000122070312,60.447975158691406,105.79557037353516,46.8170166015625,130.02626037597656,106.81199645996094,222.398193359375,279.2631530761719,137.1443328857422,62.81460189819336
2020-05-29,10.250224113464355,33.038116455078125,162.91000366210938,60.690982818603516,106.13501739501953,46.65879440307617,129.2816619873047,107.50413513183594,225.65699768066406,280.50750732421875,138.1238250732422,62.18812942504883
2020-06-01,10.311135292053223,33.799930572509766,163.66000366210938,61.15005874633789,106.09317779541016,47.741371154785156,130.5196075439453,107.45682525634766,226.33384704589844,281.64129638671875,137.19384765625,63.625770568847656
2020-06-02,10.4242525100708,34.60552215576172,162.60000610351562,61.75627136230469,105.91893005371094,48.224365234375,131.59925842285156,107.79962921142578,227.85203552246094,283.97332763671875,136.69503784179688,64.13977813720703
2020-06-03,10.4242525100708,35.41111373901367,159.60000610351562,62.04453659057617,105.29163360595703,49.32358169555664,134.7731475830078,107.73436737060547,228.8770294189453,287.75250244140625,134.87742614746094,66.19586181640625
2020-06-04,10.511266708374023,34.91199493408203,161.27999877929688,61.85233688354492,104.87342071533203,49.09041976928711,134.57765197753906,107.40782928466797,227.27183532714844,286.9967041015625,132.92454528808594,65.53726196289062
2020-06-05,10.720099449157715,35.8314208984375,158.00999450683594,62.436317443847656,104.35066986083984,49.931488037109375,139.78060913085938,107.9629135131836,231.7780303955078,294.35223388671875,131.97763061523438,68.01901245117188
2020-06-08,10.65048885345459,36.05032730102539,159.72000122070312,62.51028060913086,104.46393585205078,50.58936309814453,142.4890899658203,108.32208251953125,233.57659912109375,297.91021728515625,132.48489379882812,69.70562744140625
2020-06-09,10.685294151306152,35.805152893066406,161.25999450683594,62.02235412597656,104.83857727050781,49.88152313232422,139.85504150390625,108.093505859375,235.26882934570312,295.6887512207031,133.98974609375,68.5490951538086
2020-06-10,10.754905700683594,36.06783676147461,163.57000732421875,61.93367004394531,105.6226806640625,49.731632232666016,136.05755615234375,108.80369567871094,238.0924530029297,294.0388488769531,135.97645568847656,66.8062744140625
2020-06-11,10.40684986114502,34.18520736694336,162.38999938964844,60.344303131103516,105.9973373413086,47.00855255126953,125.67964172363281,107.50580596923828,226.29519653320312,277.0877990722656,138.54653930664062,62.517433166503906
2020-06-12,10.450357437133789,34.91199493408203,162.6199951171875,60.94308090209961,105.76210021972656,47.89125442504883,128.69532775878906,108.02820587158203,228.09375,280.40618896484375,137.21083068847656,64.75820922851562
2020-06-15,10.546072959899902,34.594932556152344,162.3300018310547,61.53447341918945,105.67498779296875,48.09358215332031,131.67074584960938,109.5628433227539,230.8690643310547,283.0239562988281,137.28688049316406,65.67379760742188
2020-06-16,10.633086204528809,34.81511306762695,162.25,61.78580093383789,105.45719909667969,48.70054626464844,134.83663940429688,109.26082611083984,234.83372497558594,288.4715270996094,135.1817626953125,66.96687316894531
2020-06-17,10.580878257751465,35.14979934692383,162.55999755859375,61.49752426147461,105.6226806640625,48.86914825439453,132.399169921875,109.04856872558594,235.5782928466797,287.273193359375,135.7397003173828,65.99504852294922
2020-06-18,10.641786575317383,35.16740798950195,162.24000549316406,61.475318908691406,105.85795593261719,48.607818603515625,132.3524932861328,109.2934799194336,236.2165069580078,287.38372802734375,137.1769256591797,65.27222442626953
2020-06-19,10.728801727294922,35.158599853515625,164.02999877929688,61.26835250854492,105.89279174804688,48.363346099853516,131.67074584960938,109.37510681152344,236.17782592773438,285.7414245605469,137.28688049316406,64.32450866699219
2020-06-22,10.841919898986816,35.590152740478516,165.08999633789062,61.22400665283203,105.79695892333984,48.99559783935547,132.98753356933594,109.26898956298828,239.01022338867188,287.57452392578125,137.30377197265625,64.26026916503906
2020-06-23,10.78971004486084,35.93363571166992,166.47999572753906,61.31270980834961,105.76210021972656,49.240074157714844,133.54788208007812,109.06488800048828,241.04444885253906,288.8984069824219,136.3653564453125,63.9952278137207
2020-06-24,10.519967079162598,35.45804977416992,165.89999389648438,60.68433380126953,105.96250915527344,48.00927734375,129.2145233154297,108.76288604736328,236.0751190185547,281.5289306640625,137.82791137695312,62.17206954956055
2020-06-25,10.615682601928711,35.607765197753906,165.8000030517578,60.706520080566406,105.97993469238281,48.65840148925781,131.16639709472656,108.87714385986328,238.3224334716797,284.547119140625,138.2252197265625,62.966121673583984
2020-06-26,10.485162734985352,35.176212310791016,166.5399932861328,60.12992477416992,106.2674560546875,47.92498016357422,127.63627624511719,108.9751205444336,232.69444274902344,277.7886962890625,139.70474243164062,61.757591247558594
2020-06-29,10.65919017791748,35.33474349975586,166.6300048828125,59.78984451293945,106.37200164794922,48.363346099853516,131.81077575683594,109.48120880126953,235.232421875,281.8716125488281,139.2650909423828,62.94991683959961
2020-06-30,10.711398124694824,35.22025680541992,167.3699951171875,60.336910247802734,106.18028259277344,48.186309814453125,133.71597290039062,109.79138946533203,239.84324645996094,285.4822692871094,138.58880615234375,63.69614028930664
2020-07-01,10.798413276672363,35.6165771484375,166.6199951171875,60.52473831176758,106.01461791992188,48.41392517089844,132.44586181640625,110.22506713867188,242.64273071289062,287.4819641113281,138.3196258544922,65.1642074584961
2020-07-02,10.841919898986816,36.426849365234375,166.97999572753906,60.97014617919922,106.14541625976562,48.953453063964844,132.98753356933594,110.49507141113281,244.2894744873047,289.06512451171875,138.4635467529297,64.9776840209961
2020-07-06,10.928933143615723,37.994537353515625,167.97999572753906,61.40813446044922,105.98845672607422,49.754302978515625,133.9494171142578,110.7813949584961,250.29527282714844,293.5274658203125,137.8964385986328,64.94522857666016
2020-07-07,10.937634468078613,37.36041259765625,169.0399932861328,60.999820709228516,106.32852172851562,49.03774642944336,131.57730102539062,110.92869567871094,248.57098388671875,290.5001220703125,139.834716796875,63.65557098388672
2020-07-08,11.076855659484863,38.3292121887207,170.08999633789062,61.16315841674805,106.16288757324219,49.44239807128906,132.5579833984375,110.74870300292969,251.84512329101562,292.72210693359375,139.2760772705078,63.566349029541016
2020-07-09,10.94633674621582,38.3292121887207,169.6300048828125,61.029544830322266,106.5029525756836,48.826995849609375,129.87765502929688,111.37049865722656,253.9665069580078,291.0555419921875,141.49363708496094,63.168914794921875
2020-07-10,11.015947341918945,38.08261489868164,169.19000244140625,61.237369537353516,106.2936782836914,49.332801818847656,131.96957397460938,111.16593933105469,255.7003631591797,294.0274353027344,140.78262329101562,63.36357879638672
2020-07-13,10.902828216552734,37.82719802856445,169.39999389648438,60.90334701538086,106.40702056884766,49.02931594848633,130.2978973388672,110.87139892578125,250.44058227539062,291.4814758300781,141.24822998046875,62.609249114990234
2020-07-14,10.955037117004395,37.880043029785156,170.19000244140625,61.42298126220703,106.39832305908203,49.68686294555664,132.45521545410156,111.51778411865234,252.21316528320312,295.2586975097656,141.4513702392578,63.136444091796875
2020-07-15,11.08555793762207,37.994537353515625,170.33999633789062,61.77190399169922,106.36345672607422,50.26854705810547,137.3114776611328,111.73869323730469,252.72662353515625,297.9713134765625,140.7911376953125,63.752899169921875
2020-07-16,10.998543739318848,37.45729064941406,168.72999572753906,61.831295013427734,106.44190979003906,49.9903564453125,136.4990234375,112.04959106445312,251.0023651123047,296.9899597167969,141.4598388671875,62.9904670715332
2020-07-17,11.015947341918945,37.66866683959961,170.1199951171875,62.002017974853516,106.41575622558594,50.24325180053711,136.9005584716797,112.35231018066406,251.29293823242188,297.8509521484375,141.16357421875,63.80968475341797
2020-07-20,11.007245063781738,38.15306854248047,170.94000244140625,62.37319564819336,106.48551177978516,50.496158599853516,136.31219482421875,112.66323852539062,258.4223327636719,300.2580871582031,141.51060485839844,63.0472412109375
2020-07-21,11.163870811462402,38.505367279052734,173.0,62.662742614746094,106.59889221191406,50.681617736816406,138.24542236328125,112.81050109863281,255.72947692871094,300.89691162109375,141.59524536132812,63.20134735107422
2020-07-22,11.233481407165527,38.3380241394043,175.6300048828125,62.7889404296875,106.63375854492188,50.782779693603516,138.32009887695312,113.17865753173828,256.6303405761719,302.6096496582031,142.01846313476562,64.16656494140625
2020-07-23,11.207377433776855,38.02976989746094,177.17999267578125,62.74436569213867,106.73841094970703,50.37813186645508,138.460205078125,113.26049041748047,249.92713928222656,298.99896240234375,143.67738342285156,63.898895263671875
2020-07-24,11.22477912902832,37.994537353515625,178.6999969482422,62.80377197265625,106.68607330322266,50.12522888183594,136.4242706298828,113.00680541992188,247.5538787841797,297.0733642578125,143.66893005371094,63.428443908691406
2020-07-27,11.32919692993164,38.584625244140625,182.22999572753906,62.952247619628906,106.52041625976562,50.76591110229492,137.84381103515625,112.66323852539062,251.97103881835938,299.23968505859375,143.13563537597656,64.02867889404297
2020-07-28,11.26828670501709,38.2675666809082,183.75,62.7889404296875,106.77328491210938,50.51301193237305,136.47097778320312,112.54867553710938,248.7647247314453,297.34185791015625,144.12596130371094,65.30211639404297
2020-07-29,11.32919692993164,38.88406753540039,185.1300048828125,63.13783264160156,106.91281127929688,50.968238830566406,139.4781036376953,113.16230773925781,251.63198852539062,300.99871826171875,143.8804931640625,66.56743621826172
2020-07-30,11.198676109313965,38.39086151123047,183.75999450683594,63.27146530151367,107.06106567382812,50.30226135253906,138.92715454101562,113.03959655761719,252.94944763183594,299.9248352050781,144.82846069335938,66.1375503540039
2020-07-31,11.2595853805542,38.12664794921875,185.42999267578125,63.39023971557617,107.08722686767578,49.19792556762695,137.6196746826172,113.19503784179688,257.46343994140625,302.2948913574219,144.73536682128906,66.01589965820312
2020-08-03,11.372703552246094,38.39086151123047,185.63999938964844,63.40587615966797,107.03487396240234,50.18423843383789,139.86102294921875,113.34671783447266,260.94091796875,304.3964538574219,144.00665283203125,65.139892578125
2020-08-04,11.433612823486328,38.90168380737305,189.58999633789062,63.383544921875,107.40142059326172,50.46242904663086,140.82296752929688,113.76493835449219,261.90960693359375,305.5722351074219,145.3793487548828,66.11322784423828
2020-08-05,11.529328346252441,39.324440002441406,191.35000610351562,63.49530792236328,107.04358673095703,50.69004821777344,143.6246337890625,113.6091079711914,262.5586242675781,307.47015380859375,144.10829162597656,65.78067016601562
2020-08-06,11.616342544555664,39.447731018066406,193.88999938964844,63.63693618774414,107.16578674316406,50.76591110229492,143.56861877441406,114.09281921386719,266.0362548828125,309.5254211425781,144.91336059570312,65.8861312866211
2020-08-07,11.459716796875,38.63746643066406,190.80999755859375,63.48042678833008,106.93885803222656,50.563594818115234,145.84732055664062,113.77307891845703,262.9655456542969,309.74761962890625,143.94735717773438,66.82699584960938
2020-08-10,11.52062702178955,38.734352111816406,190.14999389648438,63.51023483276367,106.82542419433594,50.732200622558594,147.36021423339844,113.52711486816406,261.8418273925781,310.6735534667969,143.30331420898438,66.93243408203125
2020-08-11,11.337897300720215,38.628665924072266,179.94000244140625,62.936302185058594,106.45887756347656,50.951377868652344,146.51043701171875,112.81376647949219,256.8821716308594,308.1089782714844,141.6001739501953,65.96723937988281
2020-08-12,11.459716796875,39.148292541503906,179.10000610351562,62.95122528076172,106.14460754394531,52.030426025390625,147.10809326171875,112.53498077392578,263.3432312011719,312.4048156738281,140.31219482421875,66.63231658935547
2020-08-13,11.52062702178955,39.03379440307617,183.3300018310547,62.779808044433594,105.92646789550781,51.76909637451172,146.7999267578125,111.51825714111328,263.9438781738281,311.8399353027344,138.81239318847656,65.81310272216797
2020-08-14,11.52062702178955,38.96334457397461,182.5399932861328,62.66800308227539,105.97885131835938,51.44032669067383,146.70651245117188,111.02633666992188,263.63385009765625,311.84918212890625,138.27011108398438,65.82123565673828
2020-08-17,11.712057113647461,39.45654296875,186.5,63.04069137573242,106.15341186523438,51.84496307373047,147.46299743652344,111.25591278076172,266.69482421875,312.83984375,138.61752319335938,66.3565444946289
2020-08-18,11.738161087036133,39.41250991821289,188.17999267578125,63.137577056884766,106.3366928100586,51.887115478515625,146.05279541015625,111.57567596435547,269.2619323730469,313.5156555175781,139.6090087890625,66.04022216796875
2020-08-19,11.70335578918457,38.92810821533203,182.24000549316406,62.95867919921875,106.19702911376953,51.62578201293945,146.06210327148438,111.280517578125,267.4504089355469,312.21026611328125,138.73619079589844,64.8803482055664
2020-08-20,11.685952186584473,38.804813385009766,183.5,63.16739273071289,106.5024642944336,51.50776290893555,145.4644317626953,111.674072265625,271.160400390625,313.1823425292969,139.990234375,65.49677276611328
2020-08-21,11.572835922241211,38.998565673828125,182.02999877929688,63.15990447998047,106.58104705810547,51.22957229614258,144.3904571533203,111.87903594970703,273.0396423339844,314.2933654785156,140.8291015625,65.60221862792969
2020-08-24,11.633744239807129,39.43012619018555,181.0,63.45063018798828,106.43265533447266,51.920833587646484,145.90338134765625,111.68231201171875,274.7445373535156,317.47808837890625,140.60035705566406,66.02400207519531
2020-08-25,11.729459762573242,39.82645034790039,181.22000122070312,63.5176887512207,106.1795883178711,51.912410736083984,146.06210327148438,111.19849395751953,276.90460205078125,318.5890808105469,139.52423095703125,66.19432067871094
2020-08-26,11.755563735961914,39.93212890625,183.36000061035156,63.51023483276367,106.13591766357422,52.283329010009766,145.1468963623047,111.2395248413086,282.8135681152344,321.7831726074219,138.99037170410156,65.58600616455078
2020-08-27,11.712057113647461,39.59745788574219,181.24000549316406,63.413330078125,105.76062774658203,51.726951599121094,145.50181579589844,110.35398864746094,281.9320983886719,322.4866638183594,136.62625122070312,66.55121612548828
2020-08-28,11.790369033813477,40.117088317871094,184.38999938964844,63.46551513671875,105.93519592285156,52.131587982177734,146.73455810546875,110.69014739990234,283.36572265625,324.56982421875,136.5245361328125,66.98920440673828
2020-08-31,11.781667709350586,39.22756576538086,184.8300018310547,63.37608337402344,106.04864501953125,51.785953521728516,145.15628051757812,111.18211364746094,285.64208984375,323.3940734863281,137.43124389648438,66.30789184570312
2020-09-01,11.799070358276367,39.896907806396484,185.0500030517578,63.72104263305664,106.39624786376953,51.819679260253906,146.81861877441406,111.88467407226562,290.5242004394531,326.4399719238281,139.00315856933594,66.3565444946289
2020-09-02,11.64244556427002,39.79122543334961,182.6199951171875,63.795894622802734,106.54473876953125,52.502506256103516,147.9859619140625,112.32839965820312,293.2752990722656,331.1615905761719,140.32652282714844,67.58943176269531
2020-09-03,11.538028717041016,39.03379440307617,181.13999938964844,63.39927291870117,106.68448638916016,51.27172088623047,143.61534118652344,112.08186340332031,278.4061279296875,319.764892578125,140.7252197265625,66.77833557128906
2020-09-04,11.433612823486328,39.05141067504883,181.63999938964844,63.227169036865234,106.09054565429688,51.38974380493164,142.70008850097656,110.89044189453125,274.69610595703125,317.1540832519531,138.0530548095703,66.42955017089844
2020-09-08,11.155168533325195,38.37324905395508,181.2899932861328,62.875431060791016,106.3176498413086,50.740631103515625,139.95443725585938,110.99722290039062,261.4931335449219,308.4884948730469,138.90133666992188,65.61845397949219
2020-09-09,11.2595853805542,38.945716857910156,183.0500030517578,63.36931610107422,106.2652359008789,51.642642974853516,142.0743865966797,111.0711669921875,269.1746520996094,314.58026123046875,138.5281219482422,66.267333984375
2020-09-10,11.146467208862305,38.320404052734375,182.4600067138672,63.06999206542969,106.39624786376953,51.05254364013672,140.22523498535156,111.15332794189453,263.8082275390625,309.1180419921875,139.23220825195312,65.45623016357422
2020-09-11,11.22477912902832,38.690311431884766,182.4499969482422,63.197227478027344,106.56221771240234,51.59206771850586,139.29141235351562,111.23548126220703,261.9774475097656,309.2754821777344,139.52906799316406,65.09123992919922
2020-09-14,11.233481407165527,39.31562423706055,183.88999938964844,63.129886627197266,106.46611785888672,51.86181640625,142.96160888671875,111.51493835449219,266.5399169921875,313.34906005859375,139.52066040039062,66.6810073852539
2020-09-15,11.294389724731445,39.72957229614258,183.4499969482422,63.30198669433594,106.41373443603516,52.20745849609375,143.23243713378906,111.63816833496094,270.3177185058594,314.93206787109375,139.1813201904297,67.48399353027344
2020-09-16,11.50322437286377,39.67672348022461,183.97000122070312,63.30198669433594,106.35258483886719,52.25804138183594,144.58656311035156,111.712158203125,266.00714111328125,313.68231201171875,138.765625,67.84087371826172
2020-09-17,11.633744239807129,39.518192291259766,182.9600067138672,63.234657287597656,106.38749694824219,52.35920333862305,143.53123474121094,111.73680114746094,261.8515625,310.9234313964844,139.1898651123047,66.51876831054688
2020-09-18,11.685952186584473,39.20994186401367,183.1999969482422,63.07746505737305,106.29148864746094,51.962989807128906,143.15771484375,111.53134155273438,258.509521484375,307.3438720703125,138.75718688964844,65.01822662353516
2020-09-21,11.398807525634766,38.848846435546875,179.52000427246094,62.56859588623047,106.48357391357422,50.65633010864258,138.14266967773438,111.42451477050781,259.12957763671875,303.92315673828125,139.46127319335938,63.063453674316406
2020-09-22,11.346599578857422,38.55820846557617,178.64999389648438,62.78562927246094,106.48357391357422,50.63104248046875,139.20730590820312,111.49028015136719,263.9438781738281,307.01849365234375,139.3509521484375,63.81779479980469
2020-09-23,11.216078758239746,37.95930862426758,174.7899932861328,62.149532318115234,106.48357391357422,50.17580795288086,135.05999755859375,110.68498992919922,255.88449096679688,299.8984680175781,139.53761291503906,61.895469665527344
2020-09-24,11.26828670501709,37.78316879272461,175.44000244140625,62.18693923950195,106.5360107421875,50.12522888183594,135.05999755859375,110.40557861328125,257.0759582519531,300.69781494140625,140.0720672607422,62.22802734375
2020-09-25,11.26828670501709,37.81838607788086,174.94000244140625,62.074710845947266,106.62332916259766,50.319122314453125,137.25364685058594,110.2905502319336,263.0526123046875,305.55914306640625,140.0720672607422,63.51132583618164
2020-09-28,11.364002227783203,38.241146087646484,176.6999969482422,62.478824615478516,106.60589599609375,51.11155319213867,140.63784790039062,110.84931182861328,268.5159606933594,310.6343994140625,139.67332458496094,64.81098937988281
2020-09-29,11.233481407165527,38.2147216796875,178.19000244140625,62.53120040893555,106.68448638916016,51.027244567871094,140.00038146972656,110.70964813232422,267.30511474609375,308.9426574707031,139.83453369140625,64.3450698852539
2020-09-30,11.364002227783203,38.831233978271484,177.1199951171875,62.78562927246094,106.39624786376953,50.816490173339844,140.4222869873047,110.69319152832031,269.1359558105469,311.2850036621094,138.49415588378906,64.5412368774414
2020-10-01,11.22477912902832,39.192325592041016,178.6999969482422,63.001319885253906,106.45653533935547,51.1368408203125,142.66278076171875,111.00118255615234,273.40777587890625,313.283447265625,138.72259521484375,65.83272552490234
2020-10-02,11.08555793762207,38.7431526184082,178.5399932861328,63.001319885253906,106.3517074584961,51.069400787353516,143.2908935546875,111.01763916015625,265.7164306640625,310.30902099609375,138.2045135498047,66.96891021728516
2020-10-05,11.372703552246094,39.26279067993164,179.41000366210938,63.474788665771484,105.67874145507812,51.84496307373047,147.2469940185547,110.6470718383789,271.38330078125,315.81170654296875,135.5042266845703,67.35306549072266
2020-10-06,11.416210174560547,39.33324432373047,177.3000030517578,63.33199691772461,105.92344665527344,51.31386947631836,146.82513427734375,110.55654907226562,266.5399169921875,311.3221435546875,136.23451232910156,66.91168212890625
2020-10-07,11.459716796875,39.76479721069336,177.22000122070312,63.55747985839844,105.6175537109375,51.6932258605957,150.03121948242188,110.58940124511719,271.15081787109375,316.7412414550781,135.24093627929688,67.0097885131836
2020-10-08,11.572835922241211,40.090667724609375,177.85000610351562,63.70023727416992,105.8097915649414,52.064144134521484,151.7374267578125,110.8611831665039,272.59417724609375,319.5483703613281,135.97125244140625,68.12960052490234
2020-10-09,11.607640266418457,40.36369705200195,181.0800018310547,63.8430290222168,105.75741577148438,52.418216705322266,152.52484130859375,111.116455078125,276.75927734375,322.40203857421875,135.94577026367188,67.85983276367188
2020-10-12,11.485820770263672,40.715980529785156,180.55999755859375,64.16621398925781,105.87102508544922,52.696407318115234,153.54672241210938,111.75885009765625,285.3030700683594,327.5886535644531,136.3788299560547,68.17864990234375
2020-10-13,11.511924743652344,40.548648834228516,177.72000122070312,63.88063049316406,106.10697174072266,52.131587982177734,152.52484130859375,111.65178680419922,285.2933349609375,325.4507751464844,137.3554229736328,67.0097885131836
2020-10-14,11.590237617492676,40.27562713623047,178.27000427246094,63.722816467285156,106.1419448852539,52.04728698730469,151.01556396484375,111.75885009765625,282.9104309082031,323.40582275390625,137.66966247558594,66.1923828125
2020-10-15,11.625043869018555,39.984981536865234,178.9199981689453,63.677711486816406,106.02830505371094,51.4066047668457,152.5717315673828,111.64356994628906,281.0118103027344,323.0061340332031,137.43186950683594,66.53568267822266
2020-10-16,11.546730995178223,40.12589645385742,178.3000030517578,63.60256576538086,105.9671630859375,51.65950393676758,152.19676208496094,111.45413208007812,279.4716491699219,322.8110046386719,137.0497283935547,66.06159210205078
2020-10-19,11.555431365966797,40.01140594482422,178.38999938964844,63.3770637512207,105.79237365722656,51.47404098510742,150.37806701660156,111.23999786376953,274.90924072265625,317.9031982421875,136.5316619873047,65.03169250488281
2020-10-20,11.685952186584473,40.451759338378906,179.25,63.60256576538086,105.56517028808594,51.70165252685547,150.7061767578125,111.00942993164062,275.5001525878906,319.1765441894531,135.23243713378906,65.4975814819336
2020-10-21,11.590237617492676,40.566261291503906,180.60000610351562,63.59502410888672,105.42530059814453,51.47404098510742,149.41249084472656,110.82825469970703,275.28692626953125,318.57232666015625,134.7654266357422,65.30142211914062
2020-10-22,11.625043869018555,40.55744934082031,178.8300018310547,63.7077522277832,105.05824279785156,51.51618957519531,151.99050903320312,110.5811996459961,275.27734375,320.31988525390625,133.3642120361328,65.29324340820312
2020-10-23,11.538028717041016,40.795249938964844,178.63999938964844,63.78291702270508,105.20679473876953,51.819679260253906,152.8717498779297,110.8611831665039,275.8197937011719,321.40740966796875,134.17945861816406,65.68560028076172
2020-10-26,11.372703552246094,40.266815185546875,178.5500030517578,63.21928024291992,105.4864730834961,50.85865020751953,149.57186889648438,111.09178924560547,271.6835021972656,315.4678955078125,135.4277801513672,64.74560546875
2020-10-27,11.451016426086426,40.44295883178711,179.02000427246094,63.249324798583984,105.72245025634766,50.47929763793945,148.28753662109375,111.5447006225586,273.80487060546875,314.3802795410156,136.3363494873047,63.7075080871582
2020-10-28,11.146467208862305,39.43012619018555,176.1300048828125,62.72325134277344,105.71367645263672,49.0040397644043,143.72210693359375,110.99299621582031,263.1301574707031,303.63507080078125,136.46377563476562,62.18715286254883
2020-10-29,11.007245063781738,39.82645034790039,175.39999389648438,62.90360641479492,105.26795959472656,49.19792556762695,145.4376678466797,110.7047119140625,267.7314147949219,306.72113037109375,135.1390838623047,63.02090072631836
2020-10-30,11.007245063781738,39.37727737426758,176.1999969482422,63.038909912109375,104.92713928222656,49.02931594848633,143.51585388183594,110.12826538085938,260.94091796875,303.5235595703125,133.80584716796875,62.60402297973633
2020-11-02,11.207377433776855,39.87929153442383,177.91000366210938,63.1890983581543,105.1073226928711,49.57727813720703,146.07516479492188,110.55985260009766,261.5221862792969,306.9255065917969,134.80809020996094,64.099853515625
2020-11-03,11.276987075805664,40.05543518066406,178.9199981689453,63.732521057128906,104.87113952636719,50.85865020751953,150.21873474121094,110.66710662841797,266.0457763671875,312.3446044921875,134.02603149414062,65.33412170410156
2020-11-04,11.398807525634766,41.31488037109375,178.82000732421875,64.32880401611328,105.7544174194336,51.36444854736328,150.3874969482422,112.32593536376953,277.9217224121094,319.3252258300781,136.93333435058594,65.44853210449219
2020-11-05,11.451016426086426,42.01946258544922,182.92999267578125,64.55522155761719,105.7369384765625,52.61209487915039,154.5966796875,112.74681091308594,285.1675720214844,325.55303955078125,137.17132568359375,65.7591552734375
2020-11-06,11.407508850097656,42.213218688964844,183.19000244140625,64.32880401611328,105.37837982177734,52.76383972167969,153.38734436035156,112.39195251464844,285.3804931640625,325.4786376953125,135.51361083984375,65.3095932006836
2020-11-09,11.546730995178223,42.50385665893555,175.0800018310547,64.81939697265625,104.6000747680664,54.2728271484375,158.94650268554688,111.54195404052734,279.5491638183594,329.5685119628906,132.66587829589844,67.62283325195312
2020-11-10,11.772966384887695,42.01946258544922,175.66000366210938,64.72882080078125,104.30272674560547,54.694332122802734,161.8994598388672,111.25305938720703,274.5411376953125,329.0852355957031,131.90081787109375,68.61186981201172
2020-11-11,11.764266014099121,42.2924919128418,174.89999389648438,64.70616912841797,104.46887969970703,55.098976135253906,161.8338623046875,111.45941925048828,280.6824951171875,331.5298156738281,132.37684631347656,68.87342834472656
2020-11-12,11.668550491333008,41.97542190551758,175.9600067138672,64.2684326171875,105.0635986328125,54.33183670043945,159.34957885742188,111.9050521850586,279.3651123046875,328.313720703125,134.62960815429688,67.97429656982422
2020-11-13,11.616342544555664,42.56550979614258,177.16000366210938,64.48729705810547,104.92363739013672,55.124271392822266,162.6494598388672,112.03704071044922,281.8158264160156,332.8590087890625,134.45103454589844,69.78889465332031
2020-11-16,11.720759391784668,43.09394836425781,177.14999389648438,64.84955596923828,104.84493255615234,55.75653076171875,166.52120971679688,112.40019226074219,284.0146789550781,337.0139465332031,134.1279754638672,70.5735855102539
2020-11-17,11.755563735961914,43.04991149902344,176.5,64.8722152709961,105.11605834960938,55.70594024658203,167.2992706298828,112.7633056640625,283.1138000488281,335.20135498046875,135.003662109375,70.63899230957031
2020-11-18,11.772966384887695,42.900184631347656,175.49000549316406,64.75146484375,105.0810546875,55.38560104370117,164.95565795898438,113.00263977050781,281.0215148925781,331.1673278808594,135.3946533203125,69.26578521728516
2020-11-19,11.772966384887695,42.97064208984375,175.16000366210938,64.97035217285156,105.19474029541016,55.790245056152344,166.22119140625,113.62982940673828,283.2203674316406,332.5615539550781,136.09170532226562,69.53550720214844
2020-11-20,11.833877563476562,43.20843505859375,175.69000244140625,64.84955596923828,105.37837982177734,55.96726989746094,166.39932250976562,113.53083801269531,281.2831115722656,330.28424072265625,137.29893493652344,69.15949249267578
2020-11-23,11.868681907653809,43.32293701171875,172.22999572753906,64.9477310180664,105.16851043701172,55.95884323120117,169.51165771484375,113.67111206054688,281.29278564453125,332.26409912109375,136.66981506347656,69.29029083251953
2020-11-24,12.12102222442627,43.90420913696289,169.58999633789062,65.14395141601562,105.00233459472656,56.77656173706055,172.6990203857422,113.41527557373047,285.24493408203125,337.6181640625,135.30966186523438,69.6581039428711
2020-11-25,12.225439071655273,43.65761184692383,169.50999450683594,65.11376190185547,105.03731536865234,56.6922607421875,172.10842895507812,113.48131561279297,286.9981994628906,337.09759521484375,134.8931427001953,69.69898986816406
2020-11-27,12.199335098266602,44.07155227661133,167.7899932861328,65.21943664550781,105.35216522216797,57.06319046020508,172.83966064453125,113.88567352294922,289.6427001953125,338.0364685058594,136.2022247314453,69.38836669921875
2020-11-30,12.12972354888916,42.91779327392578,166.6699981689453,65.1514892578125,105.28217315673828,55.84082794189453,169.6991729736328,114.28176879882812,290.2336730957031,336.5399169921875,136.03225708007812,68.66090393066406
2020-12-01,12.094917297363281,43.7632942199707,170.17999267578125,65.3189468383789,104.72212982177734,57.198062896728516,171.2740936279297,113.84847259521484,293.9532775878906,340.2208557128906,134.02647399902344,69.543701171875
2020-12-02,12.147125244140625,43.824947357177734,171.4600067138672,65.50083923339844,104.547119140625,57.13062286376953,171.45220947265625,113.46807861328125,294.3310852050781,340.9364929199219,132.9628143310547,68.99602508544922
2020-12-03,12.164527893066406,44.326969146728516,172.80999755859375,65.5387191772461,104.8271484375,57.307655334472656,172.4178009033203,113.9146499633789,294.74761962890625,340.8435363769531,134.03500366210938,69.57637786865234
2020-12-04,12.216736793518066,44.784942626953125,172.32000732421875,65.8115005493164,104.41582489013672,57.74601745605469,176.4301300048828,113.28620147705078,295.94879150390625,343.78082275390625,132.06927490234375,70.63899230957031
2020-12-07,12.216736793518066,44.784942626953125,174.88999938964844,65.78118896484375,104.7396240234375,57.25707244873047,176.59889221191406,113.38540649414062,297.6246032714844,343.07440185546875,133.26065063476562,70.02594757080078
2020-12-08,12.234140396118164,44.80256271362305,175.5,65.7281494140625,104.84464263916016,57.434104919433594,178.86753845214844,113.25310516357422,298.6320495605469,344.0782165527344,133.89027404785156,69.78071594238281
2020-12-09,12.242841720581055,44.41503143310547,172.5,65.62960815429688,104.69586944580078,57.49311447143555,177.56448364257812,112.83968353271484,291.8706359863281,340.99224853515625,133.4479217529297,69.34750366210938
2020-12-10,12.425570487976074,44.98750305175781,172.1699981689453,65.75089263916016,104.93215942382812,57.5352668762207,179.27999877929688,113.40196228027344,293.042724609375,340.88067626953125,134.63070678710938,69.04507446289062
2020-12-11,12.390765190124512,44.670448303222656,172.49000549316406,65.68269348144531,105.14216613769531,57.39196014404297,178.39877319335938,113.51775360107422,292.39373779296875,340.4810485839844,135.10720825195312,68.97967529296875
2020-12-14,12.425570487976074,44.43819808959961,171.5399932861328,65.6978530883789,105.08091735839844,57.48723602294922,178.6075439453125,113.4350357055664,294.5151672363281,338.9565734863281,134.7328338623047,68.67724609375
2020-12-15,12.521286010742188,44.918704986572266,173.94000244140625,65.90242767333984,104.9759292602539,58.15925216674805,183.07440185546875,113.65826416015625,297.663330078125,343.5391540527344,134.28176879882812,70.08316040039062
2020-12-16,12.590897560119629,45.132266998291016,174.89999389648438,65.80391693115234,104.888427734375,58.354896545410156,182.41610717773438,113.56735229492188,299.3003234863281,344.0782165527344,133.92445373535156,70.16488647460938
2020-12-17,12.738821029663086,45.42591094970703,176.74000549316406,65.90206909179688,104.81221008300781,58.78022384643555,184.5884246826172,113.73306274414062,301.2570495605469,346.0023193359375,133.57003784179688,70.84333801269531
2020-12-18,12.782326698303223,45.372520446777344,176.44000244140625,65.95535278320312,104.72466278076172,58.49951171875,183.6950225830078,113.65020751953125,300.34649658203125,344.62078857421875,133.16961669921875,69.42108154296875
2020-12-21,12.651805877685547,44.70515441894531,175.8800048828125,65.71947479248047,104.79469299316406,57.79347229003906,183.60098266601562,113.42646789550781,299.7846984863281,343.38861083984375,133.69776916503906,69.02872467041016
2020-12-22,12.51258373260498,44.34921646118164,174.49000549316406,65.80316162109375,104.96981048583984,57.65735626220703,185.6886749267578,113.7413558959961,300.5998229980469,342.8098449707031,134.38775634765625,69.51099395751953
2020-12-23,12.669208526611328,44.80303192138672,175.64999389648438,66.09989166259766,104.75090789794922,58.303863525390625,187.2685089111328,113.76617431640625,299.08599853515625,343.117919921875,133.45933532714844,69.06141662597656
2020-12-24,12.704014778137207,44.607269287109375,176.35000610351562,66.23690032958984,104.89981842041016,58.34638977050781,187.14625549316406,114.15560150146484,300.40570068359375,344.45281982421875,133.98741149902344,69.66606140136719
2020-12-28,12.625701904296875,44.731842041015625,175.7100067138672,66.32057189941406,104.9085464477539,58.7972412109375,186.45040893554688,114.23018646240234,303.4334716796875,347.4118347167969,134.0470428466797,70.0813217163086
2020-12-29,12.660507202148438,45.39921569824219,176.35000610351562,66.23690032958984,104.89103698730469,59.2055549621582,182.83929443359375,114.27995300292969,303.70513916015625,346.7490234375,133.876708984375,69.48335266113281
2020-12-30,12.738821029663086,46.00429916381836,177.6999969482422,66.37386322021484,104.96109008789062,59.29912185668945,184.7012481689453,114.42909240722656,303.71490478515625,347.2438659667969,134.16632080078125,69.8653793334961
2020-12-31,12.791028022766113,45.97760009765625,178.36000061035156,66.42710876464844,105.0311279296875,58.77170944213867,184.3721466064453,114.45393371582031,304.4621276855469,349.0081481933594,134.3622589111328,70.53813171386719
2021-01-04,12.721416473388672,46.27124786376953,182.3300018310547,66.29013061523438,105.05740356445312,59.11198043823242,181.96473693847656,113.87390899658203,300.16314697265625,344.2567443847656,134.2003936767578,68.2458267211914
2021-01-05,13.078173637390137,47.383544921875,182.8699951171875,66.31298828125,104.81221008300781,59.775482177734375,184.77647399902344,113.50936126708984,302.6376953125,346.62774658203125,133.20372009277344,68.34548950195312
2021-01-06,13.095577239990234,46.98311233520508,179.89999389648438,66.19123840332031,104.19927978515625,60.507049560546875,192.33721923828125,112.58958435058594,298.4454650878906,348.7000427246094,130.46932983398438,68.46178436279297
2021-01-07,13.156485557556152,47.428035736083984,179.47999572753906,66.3814468383789,103.8315200805664,60.507049560546875,195.7602081298828,112.57300567626953,305.6654357910156,353.880859375,129.31927490234375,68.32889556884766
2021-01-08,13.260902404785156,48.68269729614258,173.33999633789062,66.48036193847656,103.53379821777344,61.034461975097656,195.3369903564453,112.49016571044922,309.5956726074219,355.8971862792969,128.9019012451172,68.99332427978516
2021-01-11,13.16518783569336,48.02421188354492,173.0,66.12274932861328,103.33240509033203,60.183807373046875,195.1677703857422,112.00959014892578,305.1220397949219,353.4981689453125,128.68896484375,68.07972717285156
2021-01-12,13.417527198791504,48.49583435058594,174.1199951171875,66.20646667480469,103.31492614746094,60.4730224609375,198.66598510742188,112.24988555908203,304.63677978515625,353.57281494140625,128.5867462158203,68.23751831054688
2021-01-13,13.382721900939941,48.60261535644531,173.3699951171875,66.40426635742188,103.67390441894531,60.37945556640625,197.2459716796875,113.11992645263672,306.6941223144531,354.52496337890625,130.03489685058594,69.06808471679688
2021-01-14,13.504542350769043,49.05642318725586,173.27999877929688,66.38907623291016,103.43750762939453,60.83880615234375,201.18621826171875,112.6310043334961,305.0540771484375,353.2834777832031,128.8166961669922,69.47505187988281
2021-01-15,13.313111305236816,48.36235809326172,171.1300048828125,66.28254699707031,103.71766662597656,59.86906051635742,198.1864013671875,112.80500793457031,302.6376953125,350.7071228027344,129.32777404785156,70.2723617553711
2021-01-19,13.356618881225586,49.16320037841797,172.5800018310547,66.4727554321289,103.7789535522461,60.328407287597656,200.72543334960938,113.00389862060547,307.05322265625,353.4608154296875,129.74522399902344,70.07302856445312
2021-01-20,13.365320205688477,50.026344299316406,175.38999938964844,66.59449005126953,103.82279205322266,60.75374221801758,201.6094207763672,112.97074127197266,314.195556640625,358.352294921875,129.8730010986328,71.41018676757812
2021-01-21,13.356618881225586,50.115325927734375,175.27999877929688,66.55644226074219,103.67390441894531,60.88134765625,199.86029052734375,112.5233154296875,316.7088623046875,358.678955078125,128.9615478515625,71.0696792602539
2021-01-22,13.13038158416748,49.67930603027344,173.89999389648438,66.42710876464844,103.8315200805664,60.55809783935547,202.18301391601562,112.44046783447266,315.7967224121094,357.40948486328125,129.3789520263672,71.23578643798828
2021-01-25,13.269604682922363,50.05303192138672,174.0500030517578,66.44236755371094,104.25183868408203,60.38795852661133,201.98556518554688,112.92103576660156,318.4071350097656,358.8189392089844,130.9037322998047,71.77564239501953
2021-01-26,13.295708656311035,49.688209533691406,173.6199951171875,66.34337615966797,104.2167739868164,60.55809783935547,200.58441162109375,112.9127426147461,318.87298583984375,358.25885009765625,130.65672302246094,72.28227233886719
2021-01-27,13.260902404785156,48.308963775634766,172.52000427246094,66.15319061279297,104.33939361572266,59.10348129272461,196.90748596191406,112.71393585205078,309.98388671875,349.5029296875,130.98890686035156,71.00324249267578
2021-01-28,13.199993133544922,48.6471061706543,172.67999267578125,66.3509750366211,104.06794738769531,59.62236785888672,196.27743530273438,112.5315933227539,311.81793212890625,352.50860595703125,130.2648162841797,71.38529205322266
2021-01-29,13.217395782470703,47.43693542480469,172.61000061035156,66.17598724365234,103.88404083251953,58.337886810302734,193.30580139160156,112.35758209228516,305.2579040527344,345.45159912109375,129.4811248779297,70.56305694580078
2021-02-01,13.469735145568848,48.71828842163086,174.22999572753906,66.38829803466797,104.01372528076172,59.120487213134766,198.0547332763672,112.57926177978516,312.8854675292969,351.2018127441406,129.63121032714844,72.17430114746094
2021-02-02,13.574152946472168,49.35007095336914,172.11000061035156,66.5487060546875,103.75089263916016,59.73295593261719,200.87588500976562,112.2803726196289,317.9898681640625,356.16796875,128.79544067382812,72.6061782836914
2021-02-03,13.669867515563965,49.59921646118164,171.85000610351562,66.6021728515625,103.49678802490234,59.86906051635742,201.47775268554688,112.01470947265625,316.72833251953125,356.4479064941406,127.65264892578125,72.4234619140625
2021-02-04,13.73947811126709,49.61701583862305,168.14999389648438,66.7396011352539,103.46171569824219,59.96263122558594,205.5872344970703,112.20567321777344,320.4742431640625,360.4991760253906,127.31151580810547,72.92178344726562
2021-02-05,13.809088706970215,50.04413604736328,169.80999755859375,66.83890533447266,103.2426986694336,60.37945556640625,208.43658447265625,111.90678405761719,321.5610656738281,361.9181823730469,126.24549102783203,73.17926025390625
2021-02-08,14.02662467956543,50.13311767578125,171.52000427246094,67.03746032714844,103.2864761352539,60.76225280761719,213.7592010498047,112.38834381103516,323.71539306640625,364.5318603515625,126.79988861083984,73.57792663574219
2021-02-09,14.078832626342773,50.66701126098633,172.0800018310547,66.91525268554688,103.36534881591797,61.08549880981445,214.765380859375,112.2139663696289,323.6474914550781,364.2891540527344,126.8936538696289,73.83538055419922
2021-02-10,14.052727699279785,50.84498596191406,172.7100067138672,66.89999389648438,103.62822723388672,60.92387771606445,213.3548126220703,112.4796371459961,322.90997314453125,364.1304016113281,127.73792266845703,74.23406219482422
2021-02-11,14.02662467956543,51.387786865234375,171.2100067138672,66.93053436279297,103.54935455322266,61.281150817871094,213.1103057861328,112.18077087402344,324.68585205078125,364.7184753417969,127.03864288330078,74.39187622070312
2021-02-12,14.200651168823242,51.432281494140625,170.69000244140625,67.03746032714844,103.20761108398438,61.62991714477539,213.71217346191406,111.81546020507812,326.50054931640625,366.5201110839844,125.4609146118164,74.40845489501953
2021-02-16,14.392082214355469,51.556846618652344,168.24000549316406,66.93053436279297,102.4628677368164,62.08076095581055,212.36744689941406,111.0267562866211,325.6174621582031,366.2027282714844,123.55059051513672,73.83538055419922
2021-02-17,14.435588836669922,51.574649810791016,166.3300018310547,66.90764617919922,102.532958984375,61.69797897338867,210.7029571533203,111.5829849243164,324.0550537109375,366.2868347167969,124.33511352539062,73.74403381347656
2021-02-18,14.383381843566895,50.8627815246582,166.32000732421875,66.81597900390625,102.5241928100586,61.38322830200195,207.4398193359375,111.36714935302734,322.63824462890625,364.7279052734375,123.83194732666016,73.42842864990234
2021-02-19,14.374679565429688,51.192020416259766,167.00999450683594,66.82361602783203,102.11238098144531,61.58740234375,211.76559448242188,110.56183624267578,321.23114013671875,364.08380126953125,122.18596649169922,73.85201263427734
2021-02-22,14.696630477905273,49.688209533691406,169.50999450683594,66.61741638183594,101.94593048095703,61.408756256103516,210.39259338378906,109.87271118164062,312.90484619140625,361.2833251953125,121.25639343261719,74.46661376953125
2021-02-23,14.766240119934082,49.910667419433594,169.1199951171875,66.77781677246094,102.0247802734375,61.493812561035156,208.54005432128906,109.95572662353516,311.9732666015625,361.7220764160156,120.90670776367188,74.93170166015625
2021-02-24,14.992475509643555,49.5903205871582,169.0,66.84652709960938,101.88459014892578,61.71498107910156,213.4676513671875,110.1218032836914,314.5448303222656,365.7080078125,120.11355590820312,75.5047836303711
2021-02-25,14.870657920837402,48.460235595703125,165.82000732421875,66.21267700195312,100.52642822265625,60.63463592529297,205.577880859375,108.37831115722656,303.5790100097656,356.89599609375,118.152099609375,74.05963897705078
2021-02-26,14.55740737915039,47.8106575012207,161.80999755859375,66.01412200927734,101.42893981933594,59.82653045654297,205.29571533203125,109.81461334228516,304.8503112792969,355.0570373535156,122.05805969238281,72.97993469238281
2021-03-01,14.435588836669922,49.09201431274414,161.52999877929688,66.7552261352539,101.31497955322266,60.94939041137695,212.59315490722656,109.921875,314.0207214355469,363.6636962890625,120.44596099853516,73.3038330078125
2021-03-02,14.496499061584473,48.611507415771484,162.41000366210938,66.65557098388672,101.49909210205078,60.889854431152344,208.50247192382812,109.79713439941406,308.9842529296875,360.825927734375,120.45450592041016,72.59788513183594
2021-03-03,14.583512306213379,48.51362609863281,160.6199951171875,66.44100189208984,100.95552062988281,60.498558044433594,206.24554443359375,108.98184204101562,300.0175476074219,356.0465393066406,119.14813232421875,72.18260955810547
2021-03-04,14.809749603271484,47.383544921875,159.0399932861328,66.1881103515625,100.45575714111328,59.920101165771484,200.48092651367188,108.09163665771484,295.107177734375,351.64056396484375,118.37960052490234,71.36035919189453
2021-03-05,15.114298820495605,47.89965057373047,159.13999938964844,66.3873291015625,100.31548309326172,60.319908142089844,204.73147583007812,107.95024871826172,299.5517272949219,358.1095275878906,118.61016082763672,72.1410903930664
2021-03-08,14.905462265014648,46.6093864440918,157.49000549316406,65.90449523925781,99.92098999023438,60.047698974609375,205.70010375976562,106.94364166259766,291.0701599121094,356.32659912109375,117.68798065185547,72.76398468017578
2021-03-09,14.905462265014648,47.63269805908203,160.83999633789062,65.99649810791016,100.3944091796875,60.88134765625,210.02590942382812,107.75056457519531,302.5503234863281,361.41400146484375,119.31888580322266,73.24571228027344
2021-03-10,15.001178741455078,47.419132232666016,161.66000366210938,66.20339965820312,100.60479736328125,61.18757247924805,213.67457580566406,108.258056640625,301.6866455078125,363.6636962890625,119.55786895751953,73.97657012939453
2021-03-11,15.227415084838867,48.9140510559082,161.52000427246094,66.44867706298828,100.56974029541016,61.51933670043945,218.37652587890625,108.32465362548828,308.635009765625,367.3509826660156,118.69551086425781,74.84034729003906
2021-03-12,15.157803535461426,48.04201889038086,161.49000549316406,66.26472473144531,99.84204864501953,61.70647430419922,219.66481018066406,107.07675170898438,306.13128662109375,367.84564208984375,116.17662811279297,76.09447479248047
2021-03-15,15.105596542358398,48.15769577026367,162.1999969482422,66.27243041992188,99.96481323242188,61.774532318115234,220.4453582763672,107.44275665283203,309.4016418457031,370.03936767578125,116.8597412109375,77.22400665283203
2021-03-16,15.044686317443848,48.36235809326172,162.35000610351562,66.11910247802734,99.94725036621094,61.868099212646484,216.75904846191406,107.367919921875,311.0998229980469,369.57257080078125,116.39014434814453,76.90840911865234
2021-03-17,15.044686317443848,48.42464065551758,163.50999450683594,66.2110824584961,99.78070068359375,62.199859619140625,218.4611358642578,107.46774291992188,312.3807678222656,370.83282470703125,115.51920318603516,76.97484588623047
2021-03-18,14.331172943115234,47.53480911254883,162.55999755859375,65.70523834228516,99.158203125,61.68947219848633,211.81259155273438,106.85211944580078,302.8124084472656,365.43731689453125,114.34938049316406,76.19413757324219
2021-03-19,14.64442253112793,48.12209701538086,163.24000549316406,65.95817565917969,99.09684753417969,61.842586517333984,213.41127014160156,107.01016235351562,303.8799133300781,364.7611999511719,115.05806732177734,75.15595245361328
2021-03-22,14.618316650390625,47.9797248840332,163.0,66.19575500488281,99.42124938964844,61.87660598754883,211.80319213867188,107.39286041259766,309.57855224609375,367.67376708984375,116.34741973876953,75.6875
2021-03-23,14.209352493286133,47.063201904296875,161.80999755859375,66.26472473144531,99.91218566894531,60.983421325683594,204.1202392578125,107.708984375,308.2280578613281,364.7799072265625,117.39764404296875,75.57953643798828
2021-03-24,14.583512306213379,45.986507415771484,162.3699951171875,66.30303955078125,100.04371643066406,60.69419860839844,199.39950561523438,108.033447265625,303.0296936035156,362.9254455566406,118.02955627441406,75.15595245361328
2021-03-25,14.252859115600586,46.20006561279297,161.77999877929688,66.41798400878906,99.91218566894531,61.128028869628906,204.12722778320312,107.90866088867188,302.5049743652344,364.9671325683594,117.09880065917969,75.92117309570312
2021-03-26,14.592215538024902,47.40134048461914,162.24000549316406,66.6172866821289,99.57906341552734,61.927650451660156,207.84873962402344,107.83380126953125,307.04254150390625,370.8486633300781,116.68894958496094,77.5585708618164
2021-03-29,14.609617233276367,47.072105407714844,160.30999755859375,66.65557098388672,99.23713684082031,61.64692687988281,201.99795532226562,107.57592010498047,306.95513916015625,370.6612243652344,115.69847869873047,77.10745239257812
2021-03-30,14.374679565429688,47.22336959838867,157.57000732421875,66.49462890625,99.14945220947266,61.58740234375,205.3991241455078,107.90866088867188,305.4102478027344,369.677978515625,116.30473327636719,77.20770263671875
2021-03-31,14.45299243927002,47.463626861572266,159.9600067138672,66.8165512084961,99.00914001464844,61.28966522216797,208.15963745117188,108.19151306152344,310.0838928222656,371.1763610839844,115.65577697753906,76.73987579345703
2021-04-01,14.696630477905273,47.926334381103516,161.97999572753906,66.95803833007812,99.44781494140625,62.191349029541016,210.79769897460938,108.87001037597656,315.3696594238281,375.18475341796875,117.5753402709961,78.1349868774414
2021-04-05,14.479096412658691,48.11320114135742,161.9199981689453,66.98882293701172,99.16707611083984,63.067527770996094,211.95655822753906,108.33654022216797,321.6659851074219,380.56988525390625,117.06238555908203,78.43573760986328
2021-04-06,14.531304359436035,48.380149841308594,163.22000122070312,67.10415649414062,99.64956665039062,62.395511627197266,211.334716796875,109.06175231933594,321.44244384765625,380.3451232910156,117.85749053955078,78.63623046875
2021-04-07,14.574811935424805,47.66828536987305,162.75999450683594,67.0810775756836,99.5881576538086,62.59115219116211,207.92408752441406,108.84504699707031,322.2198486328125,380.78521728515625,117.03665924072266,78.69470977783203
2021-04-08,14.653122901916504,48.059814453125,164.50999450683594,67.10415649414062,99.9303207397461,62.96543884277344,209.68594360351562,109.24512481689453,325.5817565917969,382.5927734375,118.00283813476562,78.40230560302734
2021-04-09,14.600915908813477,47.65049362182617,163.27000427246094,67.05802154541016,99.66712188720703,63.118560791015625,209.7142333984375,109.0200424194336,327.5541687011719,385.374267578125,117.5753402709961,78.3104248046875
2021-04-12,14.609617233276367,47.365745544433594,162.27999877929688,66.98882293701172,99.605712890625,62.79531478881836,208.89454650878906,108.99503326416016,327.126708984375,385.5147399902344,117.52404022216797,78.7698974609375
2021-04-13,14.766240119934082,47.5615119934082,163.42999267578125,67.03495025634766,100.01805114746094,63.161102294921875,208.3480987548828,109.47852325439453,330.9453125,386.6573181152344,118.40470123291016,79.16254425048828
2021-04-14,15.105596542358398,47.80176544189453,162.72000122070312,67.00418853759766,99.89521789550781,63.212127685546875,210.40196228027344,109.32845306396484,326.97113037109375,385.3368225097656,118.02851867675781,78.74483489990234
2021-04-15,15.201309204101562,48.23777770996094,165.35000610351562,67.2733383178711,100.53563690185547,63.7225341796875,211.31585693359375,110.00364685058594,331.92669677734375,389.4762878417969,120.00364685058594,80.12323760986328
2021-04-16,15.175207138061523,48.36235809326172,166.35000610351562,67.13494110107422,100.263671875,64.181884765625,211.65504455566406,109.25345611572266,332.3153076171875,390.7780456542969,119.07164001464844,80.2986831665039
2021-04-19,15.192607879638672,48.18438720703125,165.88999938964844,67.02722930908203,100.15837860107422,64.1053237915039,208.90394592285156,108.97003936767578,329.2741394042969,388.8581848144531,118.7296142578125,80.4573974609375
2021-04-20,15.166505813598633,47.792869567871094,166.47999572753906,66.91191864013672,100.45667266845703,62.95693588256836,204.62655639648438,109.17842864990234,326.87408447265625,386.0111083984375,119.27687072753906,81.11738586425781
2021-04-21,15.105596542358398,48.086509704589844,168.1300048828125,67.13494110107422,100.50930786132812,63.56941604614258,209.62939453125,109.55353546142578,329.67242431640625,389.66357421875,119.51625061035156,81.65202331542969
2021-04-22,15.227415084838867,47.91743850708008,167.0399932861328,67.01189422607422,100.5882797241211,63.36524963378906,208.76266479492188,109.66188049316406,325.6983642578125,386.1047058105469,120.037841796875,81.20927429199219
2021-04-23,15.349233627319336,48.611507415771484,166.39999389648438,67.18875885009766,100.45667266845703,64.02025604248047,212.70083618164062,109.75360870361328,329.7987365722656,390.2910461425781,119.75566101074219,81.6854476928711
2021-04-26,15.45365047454834,48.673797607421875,166.83999633789062,67.15802001953125,100.35139465332031,64.07981872558594,214.91488647460938,109.70356750488281,331.94610595703125,391.1058349609375,119.58468627929688,81.92771911621094
2021-04-27,15.584171295166016,48.6471061706543,166.4199981689453,67.06572723388672,99.9566421508789,63.89267349243164,215.23524475097656,109.21180725097656,330.508056640625,391.02154541015625,118.54150390625,81.91936492919922
2021-04-28,15.610276222229004,49.01193618774414,166.91000366210938,67.19642639160156,100.08819580078125,64.03727722167969,215.60269165039062,109.22845458984375,329.390625,390.9091796875,118.61848449707031,81.7439193725586
2021-04-29,15.714692115783691,48.89625930786133,166.22000122070312,67.2733383178711,99.91275024414062,64.05428314208984,214.80181884765625,109.09510803222656,330.5760803222656,393.40032958984375,118.2679443359375,82.44566345214844
2021-04-30,15.584171295166016,48.03312301635742,165.66000366210938,67.2425765991211,100.00048065185547,63.212127685546875,211.88116455078125,109.32011413574219,328.4093017578125,390.81549072265625,118.54150390625,82.77145385742188
2021-05-03,15.758200645446777,48.03312301635742,167.80999755859375,67.26883697509766,100.17078399658203,63.98623275756836,212.91754150390625,109.58319854736328,326.6603088378906,391.6584167480469,118.61257934570312,82.61275482177734
2021-05-04,16.001834869384766,47.490318298339844,166.5800018310547,67.23025512695312,100.30243682861328,63.016502380371094,210.37368774414062,109.6500244140625,320.78179931640625,389.2421569824219,119.41751861572266,82.07808685302734
2021-05-05,16.062746047973633,47.71277618408203,167.27000427246094,67.36143493652344,100.42533111572266,63.84162139892578,209.53518676757812,109.78365325927734,319.7032165527344,389.3638610839844,119.61446380615234,80.71638488769531
2021-05-06,16.14105796813965,48.166595458984375,170.05999755859375,67.3382568359375,100.46923065185547,64.29246520996094,209.7142333984375,109.9924545288086,322.1128845214844,392.4732360839844,119.81143951416016,81.16751861572266
2021-05-07,16.29768180847168,48.66489791870117,171.58999633789062,67.38458251953125,100.5043716430664,65.06655883789062,212.35227966308594,110.03421020507812,324.72674560546875,395.32965087890625,119.2205810546875,82.23681640625
2021-05-10,16.184566497802734,47.792869567871094,172.11000061035156,67.23025512695312,100.30243682861328,64.66675567626953,206.95370483398438,109.44123077392578,316.5259094238281,391.4149475097656,118.0132064819336,82.21175384521484
2021-05-11,16.358592987060547,47.659385681152344,172.13999938964844,67.16079711914062,100.13566589355469,63.867149353027344,206.294189453125,109.04033660888672,316.0886535644531,387.9216003417969,117.34526062011719,81.17585754394531
2021-05-12,16.3411922454834,46.34244155883789,170.42999267578125,66.83671569824219,99.6528549194336,62.76129150390625,199.5955047607422,108.4474105834961,307.9073791503906,379.68011474609375,116.11227416992188,79.1207504272461
2021-05-13,15.888718605041504,46.2801513671875,171.1300048828125,67.07592010498047,99.98644256591797,63.178104400634766,203.2698516845703,108.85661315917969,310.2878723144531,384.2410888671875,116.29208374023438,80.14830780029297
2021-05-14,16.01923942565918,47.11658477783203,172.69000244140625,67.2919692993164,100.2059097290039,64.25845336914062,208.23504638671875,109.44957733154297,317.13812255859375,390.14111328125,117.3795394897461,81.10065460205078
2021-05-17,16.219369888305664,47.072105407714844,174.6999969482422,67.16850280761719,100.10934448242188,64.1308364868164,208.51766967773438,109.32427978515625,315.2142639160156,389.14849853515625,117.1312026977539,81.18421173095703
2021-05-18,16.14105796813965,47.70388412475586,175.0399932861328,67.00646209716797,100.10934448242188,64.32649230957031,206.93484497070312,108.9652099609375,313.0862731933594,385.795654296875,116.83150482177734,81.20091247558594
2021-05-19,15.810406684875488,47.5615119934082,175.16000366210938,66.82897186279297,99.81087493896484,63.7225341796875,205.3426055908203,108.77307891845703,313.44573974609375,384.7842712402344,116.5489730834961,80.94194030761719
2021-05-20,15.645079612731934,47.83736038208008,175.9600067138672,67.1145248413086,100.22343444824219,64.62421417236328,206.70872497558594,109.51644134521484,319.5088806152344,388.9237060546875,117.50801849365234,81.85252380371094
2021-05-21,15.793002128601074,47.28565979003906,176.0399932861328,67.21481323242188,100.25857543945312,64.69227600097656,207.2457733154297,109.5915756225586,317.7405090332031,388.6053771972656,117.884765625,81.76895904541016
2021-05-24,16.01053810119629,47.67718505859375,176.35000610351562,67.2919692993164,100.35517883300781,65.05804443359375,208.59304809570312,109.89219665527344,323.0846252441406,392.56683349609375,118.32144927978516,82.78816223144531
2021-05-25,15.958330154418945,48.148799896240234,177.9499969482422,67.2996826171875,100.72383117675781,65.05804443359375,206.57681274414062,110.30147552490234,323.5315856933594,391.69580078125,119.41751861572266,82.7630844116211
2021-05-26,15.9844331741333,48.504730224609375,177.63999938964844,67.32282257080078,100.60972595214844,65.04103088378906,210.43023681640625,110.24302673339844,324.6586608886719,392.4732360839844,119.21198272705078,83.13068389892578
2021-05-27,16.236774444580078,48.51362609863281,177.7100067138672,67.2919692993164,100.43412780761719,65.16863250732422,212.59718322753906,109.908935546875,323.44415283203125,392.67926025390625,118.73249053955078,82.93854522705078
2021-05-28,16.184566497802734,48.82506561279297,178.3800048828125,67.26883697509766,100.42533111572266,65.33026885986328,212.4558868408203,110.00082397460938,324.46435546875,393.3816223144531,118.54409790039062,83.43977355957031
2021-06-01,16.47171401977539,49.83058166503906,177.89999389648438,67.4708480834961,100.40692138671875,65.55142974853516,214.86776733398438,110.01506042480469,323.38580322265625,393.03521728515625,118.5174560546875,84.94351196289062
2021-06-02,16.558727264404297,49.910667419433594,178.77000427246094,67.5560531616211,100.52108764648438,65.806640625,215.12217712402344,110.1907730102539,324.0174255371094,393.6531982421875,118.79193115234375,85.93763732910156
2021-06-03,16.419504165649414,49.376773834228516,175.27000427246094,67.41666412353516,100.26636505126953,65.44084930419922,213.32266235351562,109.75560760498047,320.6457214355469,392.19219970703125,118.34599304199219,85.62017822265625
2021-06-04,16.602231979370117,49.82168197631836,177.16000366210938,67.56378936767578,100.81977081298828,66.0533218383789,214.24598693847656,110.53388977050781,326.0870056152344,395.7792053222656,119.96674346923828,85.66194915771484
2021-06-07,16.628337860107422,49.57252502441406,177.8699951171875,67.58700561523438,100.74070739746094,66.24897766113281,217.1195526123047,110.44182586669922,327.0586853027344,395.3951416015625,119.59798431396484,86.67279815673828
2021-06-08,16.793663024902344,49.332271575927734,177.32000732421875,67.63345336914062,101.03062438964844,66.19792938232422,219.41839599609375,110.86021423339844,327.2141418457031,395.4793701171875,120.43834686279297,87.39122772216797
2021-06-09,16.715349197387695,49.18989562988281,176.97999572753906,67.68766021728516,101.34686279296875,66.00228881835938,217.9580841064453,111.26187896728516,327.2918701171875,394.8894348144531,121.50172424316406,87.50819396972656
2021-06-10,16.776260375976562,49.58403396606445,177.74000549316406,67.81149291992188,101.70703887939453,66.1989974975586,216.34173583984375,111.76393127441406,330.70233154296875,396.7250061035156,122.23056030273438,88.13473510742188
2021-06-11,16.724048614501953,49.414222717285156,175.74000549316406,67.83477020263672,101.55767822265625,66.37153625488281,218.62518310546875,111.85599517822266,331.5671081542969,397.3806457519531,122.03331756591797,87.78387451171875
2021-06-14,16.628337860107422,49.54827880859375,174.7100067138672,67.77284240722656,101.24147033691406,66.4664535522461,217.98350524902344,111.4459457397461,334.7444763183594,398.2703552246094,121.09864807128906,88.12638092041016
2021-06-15,16.558727264404297,49.20867156982422,174.0500030517578,67.76506805419922,101.2590103149414,66.5009536743164,217.3607940673828,111.52964782714844,332.5581970214844,397.539794921875,120.9529037475586,87.18238830566406
2021-06-16,16.463010787963867,48.53837203979492,171.11000061035156,67.67218017578125,100.56505584716797,66.02643585205078,216.89842224121094,111.211669921875,331.3436584472656,395.32025146484375,120.84991455078125,86.61431121826172
2021-06-17,16.036643981933594,48.80649185180664,165.85000610351562,67.71862030029297,100.92523193359375,65.52603912353516,214.4640350341797,111.83091735839844,335.55084228515625,395.1891784667969,122.65930938720703,86.5057144165039
2021-06-18,16.201967239379883,48.46686935424805,164.92999267578125,67.68766021728516,101.49616241455078,64.21466064453125,209.59521484375,112.41667175292969,332.9176940917969,389.85784912109375,124.96602630615234,85.03540802001953
2021-06-21,16.402101516723633,48.67243194580078,166.9499969482422,67.81925964355469,101.1711654663086,65.05152130126953,214.07717895507812,111.76393127441406,334.98681640625,395.4390563964844,122.87368774414062,86.78973388671875
2021-06-22,16.428203582763672,48.44898986816406,166.25,67.86573028564453,101.35562133789062,65.12055206298828,215.0490264892578,111.94807434082031,338.10943603515625,397.55322265625,123.173828125,86.33863067626953
2021-06-23,16.532621383666992,48.74393081665039,166.13999938964844,67.79605865478516,101.15361022949219,64.70642852783203,215.75672912597656,111.77237701416016,338.2748718261719,397.073974609375,122.85652923583984,86.1882553100586
2021-06-24,16.593528747558594,49.190792083740234,166.0399932861328,68.00506591796875,101.13602447509766,65.3017349243164,218.80445861816406,111.98991394042969,340.3663330078125,399.42291259765625,123.0538330078125,86.0023193359375
2021-06-25,16.5239200592041,49.60190963745117,166.58999633789062,68.07474517822266,100.92523193359375,65.45701599121094,219.1724395751953,111.697021484375,339.947998046875,400.84173583984375,121.77607727050781,86.58284759521484
2021-06-28,16.51521873474121,49.64659118652344,166.5800018310547,68.06700134277344,101.24147033691406,65.06877899169922,217.436279296875,112.17398071289062,344.08233642578125,401.6498107910156,123.02803039550781,86.33042907714844
2021-06-29,16.593528747558594,49.610843658447266,164.8300018310547,68.15217590332031,101.29411315917969,65.0774154663086,216.39833068847656,112.30789184570312,345.3274841308594,401.8659362792969,123.2339096069336,86.0948715209961
2021-06-30,16.75015640258789,49.289100646972656,165.6300048828125,68.15992736816406,101.4522476196289,64.58563995361328,216.42665100097656,112.43341064453125,344.7827453613281,402.20416259765625,123.78266906738281,85.64054107666016
2021-07-01,16.811065673828125,49.01204299926758,166.1999969482422,68.29350280761719,101.37931060791016,64.72367858886719,218.33265686035156,112.33531951904297,344.9189453125,404.4310302734375,123.78955841064453,86.01072692871094
2021-07-02,16.967689514160156,48.95842361450195,167.2899932861328,68.40227508544922,101.7485122680664,65.03426361083984,216.25682067871094,112.65391540527344,348.878173828125,407.52227783203125,124.53654479980469,86.27154541015625
2021-07-06,16.506515502929688,48.10044860839844,168.1199951171875,68.3634262084961,102.28468322753906,64.61151123046875,213.1147003173828,113.06473541259766,350.38592529296875,406.77996826171875,125.99626922607422,86.9025650024414
2021-07-07,16.306385040283203,48.046817779541016,168.75999450683594,68.3867416381836,102.58361053466797,64.9393539428711,211.13320922851562,113.45039367675781,351.1253356933594,408.217529296875,127.11249542236328,87.2054443359375
2021-07-08,16.445606231689453,47.045841217041016,168.64999389648438,68.23912811279297,102.84729766845703,64.0679931640625,209.18948364257812,113.50910186767578,349.004638671875,404.891357421875,127.61045837402344,86.96145629882812
2021-07-09,16.63703727722168,47.85913848876953,169.2100067138672,68.35565948486328,102.32868194580078,65.22407531738281,213.6053924560547,113.03117370605469,351.1836242675781,409.2135314941406,125.81587982177734,88.39173889160156
2021-07-12,16.663143157958984,47.9038200378418,169.0,68.33235931396484,102.27595520019531,65.50877380371094,213.78463745117188,112.97248840332031,352.5552062988281,410.6793212890625,125.65274810791016,89.14895629882812
2021-07-13,16.8023624420166,47.948516845703125,169.22000122070312,68.13037872314453,101.95947265625,65.13780212402344,209.755615234375,112.55331420898438,352.5552062988281,409.2793273925781,124.69108581542969,87.90375518798828
2021-07-14,16.63703727722168,48.15406799316406,171.0399932861328,68.23912811279297,102.39901733398438,65.29309844970703,206.5191192626953,113.07308959960938,353.18756103515625,409.89007568359375,126.10791015625,88.51793670654297
2021-07-15,16.550025939941406,48.2702522277832,171.07000732421875,68.19254302978516,102.8297348022461,64.62879943847656,205.34910583496094,113.31623840332031,350.7069091796875,408.49005126953125,127.4988784790039,88.66095733642578
2021-07-16,16.550025939941406,47.8948860168457,169.41000366210938,68.09930419921875,102.8121566772461,64.14563751220703,202.82037353515625,113.15692901611328,347.866455078125,405.2860107421875,127.2583999633789,88.6020736694336
2021-07-19,15.888718605041504,47.09052658081055,169.61000061035156,67.6410140991211,103.69119262695312,62.96366882324219,199.78207397460938,113.97021484375,345.0162048339844,399.3008117675781,130.04901123046875,86.98670196533203
2021-07-20,16.123659133911133,47.24246597290039,169.38999938964844,67.98281860351562,103.55934143066406,63.43817901611328,205.98133850097656,113.8109130859375,349.0240783691406,405.0229797363281,128.79539489746094,89.03956604003906
2021-07-21,16.445606231689453,47.54633331298828,168.75999450683594,68.14594268798828,102.96157836914062,64.43897247314453,209.5291748046875,113.40845489501953,351.7186584472656,408.3021545410156,127.16403198242188,89.03118133544922
2021-07-22,16.576128005981445,47.635704040527344,169.08999633789062,68.18476867675781,103.19892120361328,64.49937438964844,206.1983642578125,113.8779296875,354.0436096191406,409.1571960449219,128.36602783203125,88.3244400024414
2021-07-23,16.663143157958984,46.929664611816406,168.55999755859375,68.31680297851562,103.04070281982422,64.97388458251953,207.1607666015625,113.82764434814453,358.17791748046875,413.3666076660156,127.50738525390625,89.05638122558594
2021-07-26,16.784961700439453,46.03593444824219,168.16000366210938,68.21585083007812,102.97037506103516,65.06016540527344,207.7646942138672,113.57611846923828,358.4600830078125,414.38128662109375,127.12962341308594,89.09846496582031
2021-07-27,16.689247131347656,45.10646057128906,168.44000244140625,68.12261962890625,103.40989685058594,64.82721710205078,205.33970642089844,114.06239318847656,354.510498046875,412.4927978515625,128.48623657226562,89.60327911376953
2021-07-28,16.767559051513672,46.33086013793945,169.2899932861328,68.1769790649414,103.4977798461914,65.1119155883789,208.35911560058594,114.26356506347656,355.87237548828125,412.32366943359375,128.49485778808594,89.29197692871094
2021-07-29,17.063405990600586,46.563232421875,171.1699981689453,68.32456970214844,103.18136596679688,65.56056213378906,209.96319580078125,113.93660736083984,356.5047607421875,414.0337219238281,127.78221130371094,89.3088150024414
2021-07-30,16.967689514160156,46.11635971069336,169.82000732421875,68.23137664794922,103.471435546875,65.1809310913086,208.57615661621094,114.02886962890625,354.646728515625,412.0229797363281,128.3832244873047,89.42658233642578
2021-08-02,16.784961700439453,46.447052001953125,169.61000061035156,68.06227111816406,103.92527770996094,65.49154663085938,207.5382080078125,114.35896301269531,354.6759033203125,411.15850830078125,129.5283660888672,89.23307800292969
2021-08-03,16.706647872924805,46.64366149902344,169.49000549316406,68.14019012451172,103.9516830444336,65.97467041015625,208.39686584472656,114.4765625,356.82574462890625,414.50347900390625,129.5970916748047,89.34247589111328
2021-08-04,16.436904907226562,46.88498306274414,169.52999877929688,68.01551055908203,103.92527770996094,65.7417221069336,205.8020477294922,114.5017318725586,357.34130859375,412.464599609375,129.86358642578125,89.06482696533203
2021-08-05,16.680545806884766,46.813480377197266,168.86000061035156,68.17137908935547,103.54710388183594,66.06956481933594,209.50083923339844,114.03138732910156,359.6078796386719,415.0766296386719,129.20166015625,90.10807037353516
2021-08-06,16.541322708129883,46.420230865478516,164.63999938964844,68.09344482421875,102.94011688232422,65.81938171386719,210.7841033935547,113.09912872314453,358.0320129394531,415.7626037597656,127.0438232421875,89.94822692871094
2021-08-09,16.306385040283203,46.572166442871094,161.72000122070312,67.9375991821289,102.72024536132812,65.7417221069336,209.6234893798828,112.61195373535156,358.6935729980469,415.4242858886719,126.58822631835938,89.46865844726562
2021-08-10,16.602231979370117,46.63473129272461,161.77000427246094,67.78173828125,102.52672576904297,65.90565490722656,210.03868103027344,112.3600082397461,356.8549499511719,415.9410400390625,126.00365447998047,88.61890411376953
2021-08-11,16.75015640258789,46.759857177734375,164.0,67.89083862304688,102.64108276367188,66.37153625488281,211.0671844482422,112.536376953125,356.2420959472656,416.9746398925781,125.92627716064453,89.14053344726562
2021-08-12,16.689247131347656,46.3487434387207,164.0399932861328,68.00772094726562,102.53549194335938,66.31114196777344,210.56707763671875,112.69596099853516,357.5261535644531,418.2243347167969,125.71994018554688,89.33402252197266
2021-08-13,16.593528747558594,46.23255157470703,166.38999938964844,68.1557846069336,103.12487030029297,66.74252319335938,208.65164184570312,113.45184326171875,358.7811279296875,418.9853515625,127.7057876586914,89.82202911376953
2021-08-16,16.550025939941406,45.81249237060547,167.22000122070312,68.1791763305664,103.3535385131836,66.35428619384766,206.70787048339844,113.51907348632812,358.9367370605469,419.9720458984375,128.01531982421875,89.712646484375
2021-08-17,16.36729621887207,44.9724006652832,166.97000122070312,68.02330780029297,103.30078125,65.70722198486328,204.18856811523438,113.3174819946289,355.7751770019531,417.2189025878906,127.96370697021484,89.62010192871094
2021-08-18,16.175867080688477,45.04389190673828,167.10000610351562,67.867431640625,103.2480239868164,65.52603912353516,202.40516662597656,113.24186706542969,352.3509216308594,412.6524963378906,128.39352416992188,88.80399322509766
2021-08-19,15.949629783630371,44.275291442871094,166.61000061035156,67.8596420288086,103.47669982910156,64.8703384399414,199.98023986816406,113.50228881835938,354.0533752441406,413.2913513183594,129.33920288085938,89.23307800292969
2021-08-20,15.575468063354492,44.23953628540039,166.6999969482422,68.02330780029297,103.37995147705078,65.09466552734375,203.3582305908203,113.57785034179688,357.72076416015625,416.58001708984375,129.42520141601562,89.67900085449219
2021-08-23,16.14105796813965,44.90983581542969,168.72999572753906,68.23371124267578,103.40628814697266,65.69860076904297,207.22682189941406,113.6618423461914,363.0710144042969,420.24444580078125,129.33920288085938,89.51071166992188
2021-08-24,16.48041534423828,45.928688049316406,168.64999389648438,68.32720947265625,103.12487030029297,65.92291259765625,209.2649383544922,113.40145111083984,364.1799621582031,420.9114685058594,128.33340454101562,89.11528015136719
2021-08-25,16.628337860107422,45.982303619384766,167.47999572753906,68.39734649658203,102.72024536132812,65.9660415649414,210.00094604492188,113.10749816894531,364.5982971191406,421.79473876953125,127.26737213134766,89.05638122558594
2021-08-26,16.497814178466797,45.54438018798828,167.6699981689453,68.35839080810547,102.72024536132812,65.62957763671875,207.77415466308594,113.07391357421875,362.2830505371094,419.3048400878906,127.61983489990234,89.09005737304688
2021-08-27,16.706647872924805,46.1074333190918,170.19000244140625,68.54541015625,103.0544662475586,66.25074768066406,213.63369750976562,113.70382690429688,365.8045349121094,423.0538024902344,128.4880828857422,90.0239486694336
2021-08-30,16.767559051513672,46.205745697021484,169.35000610351562,68.6311264038086,103.25680541992188,66.29389190673828,212.7561492919922,113.89703369140625,369.9096374511719,424.9142150878906,128.8233642578125,90.92418670654297
2021-08-31,16.689247131347656,46.84028625488281,169.69000244140625,68.64673614501953,103.06328582763672,66.21623992919922,213.1713409423828,113.63664245605469,369.6081848144531,424.2846374511719,127.94650268554688,91.353271484375
2021-09-01,16.61093521118164,47.439090728759766,169.6999969482422,68.70536041259766,103.1072769165039,66.82879638671875,214.60556030273438,113.78302764892578,370.2210388183594,424.51025390625,128.16082763671875,92.81719207763672
2021-09-02,16.8023624420166,47.224586486816406,169.25,68.7913589477539,103.23052978515625,67.14802551269531,216.09640502929688,113.9849624633789,370.0458068847656,425.8161926269531,128.7203826904297,93.30518341064453
2021-09-03,16.819765090942383,47.474830627441406,171.05999755859375,68.7991714477539,102.98406219482422,67.46723937988281,215.09622192382812,113.57271575927734,371.1839904785156,425.712890625,127.54969024658203,93.32202911376953
2021-09-07,16.628337860107422,47.751888275146484,167.7100067138672,68.61936950683594,102.57915496826172,67.45860290527344,213.6148223876953,113.03426361083984,371.70928955078125,424.1907653808594,126.47368621826172,92.27032470703125
2021-09-08,16.75015640258789,47.05478286743164,167.2899932861328,68.69754028320312,102.86083221435547,66.90644836425781,211.2841796875,113.3959732055664,370.4154357910156,423.6739501953125,127.33451080322266,92.73309326171875
2021-09-09,16.628337860107422,46.96540451049805,168.02999877929688,68.76004791259766,103.15133666992188,66.87194061279297,211.18038940429688,114.13638305664062,369.1412048339844,421.860595703125,128.87535095214844,90.84846496582031
2021-09-10,16.84587287902832,46.91178512573242,167.17999267578125,68.658447265625,102.82562255859375,66.72525787353516,209.1139678955078,113.80825805664062,366.33953857421875,418.5343933105469,127.73907470703125,89.51915740966797
2021-09-13,16.97639274597168,47.03690719604492,167.74000549316406,68.8304443359375,102.94886016845703,67.22566223144531,210.30287170410156,114.08589172363281,366.08660888671875,419.6054382324219,128.51377868652344,90.12490844726562
2021-09-14,16.967689514160156,46.64366149902344,168.82000732421875,68.7991714477539,103.33614349365234,66.93233489990234,207.62315368652344,114.43087768554688,365.0457458496094,417.341064453125,130.07174682617188,89.96504211425781
2021-09-15,17.246135711669922,46.63473129272461,167.8300018310547,68.90080261230469,103.16009521484375,67.08763885498047,209.50083923339844,114.29624938964844,367.7597961425781,420.8269958496094,129.61557006835938,90.25110626220703
2021-09-16,17.12431526184082,46.1074333190918,164.02999877929688,68.8773193359375,102.83443450927734,66.98408508300781,209.65179443359375,114.13638305664062,368.01275634765625,420.1599426269531,129.02163696289062,90.32684326171875
2021-09-17,16.98509407043457,45.91080856323242,163.77000427246094,68.7913589477539,102.53515625,66.19036102294922,209.92544555664062,113.88399505615234,363.6546936035156,416.0671081542969,128.40185546875,89.51915740966797
2021-09-20,16.784961700439453,44.677467346191406,164.94000244140625,68.54901885986328,103.05445098876953,64.93074798583984,204.93397521972656,114.23736572265625,356.14044189453125,409.1295166015625,129.9942626953125,88.97225952148438
2021-09-21,16.8023624420166,45.00814437866211,166.0399932861328,68.66626739501953,102.99288940429688,65.55192565917969,205.2453155517578,114.22895812988281,356.5785827636719,408.7430114746094,129.88241577148438,89.01431274414062
2021-09-22,16.99379539489746,45.571197509765625,165.4199981689453,68.7913589477539,103.08968353271484,65.87114715576172,208.43458557128906,114.54863739013672,359.9091491699219,412.7302551269531,130.65711975097656,89.88091278076172
2021-09-23,17.25483512878418,45.928688049316406,163.50999450683594,68.82261657714844,102.15667724609375,66.62174987792969,212.1239776611328,113.7578125,363.2301025390625,417.7449035644531,127.70460510253906,89.70423126220703
2021-09-24,17.333148956298828,45.383506774902344,163.3000030517578,68.72098541259766,101.8486099243164,65.97467041015625,211.10089111328125,113.51378631591797,363.5709228515625,418.4330749511719,126.4565200805664,88.7450942993164
2021-09-27,17.568086624145508,45.678436279296875,163.63999938964844,68.658447265625,101.57575225830078,65.90565490722656,214.3092803955078,113.45491790771484,360.6688537597656,417.2359313964844,125.99166870117188,87.55142974853516
2021-09-28,17.428863525390625,45.08858871459961,162.0500030517578,68.34577178955078,101.18842315673828,64.43897247314453,209.4351348876953,112.24340057373047,350.4627685546875,408.827880859375,124.02915954589844,86.9588394165039
2021-09-29,17.446266174316406,44.66852569580078,161.32000732421875,68.47083282470703,101.2940444946289,64.2577896118164,208.99037170410156,112.21812438964844,349.88818359375,409.51593017578125,124.24431610107422,87.61066436767578
2021-09-30,17.559385299682617,45.02601623535156,164.22000122070312,68.39266204833984,101.41726684570312,64.05935668945312,207.03121948242188,111.92366027832031,348.6027526855469,404.51068115234375,124.22709655761719,86.16305541992188
2021-10-01,17.794321060180664,44.9813346862793,164.58999633789062,68.55659484863281,101.831298828125,64.16290283203125,210.3721160888672,112.73713684082031,350.7646484375,409.31805419921875,125.2725601196289,87.38211822509766
2021-10-04,18.081466674804688,44.31997299194336,165.36000061035156,68.3134536743164,101.70797729492188,63.55034255981445,208.4603271484375,112.55167388916016,343.4023132324219,404.0393981933594,124.95372009277344,87.3990478515625
2021-10-05,18.30770492553711,44.632774353027344,164.58999633789062,68.28211975097656,101.39087677001953,63.91269302368164,209.17965698242188,112.08805847167969,348.0379638671875,408.2434387207031,123.74703979492188,86.79798126220703
2021-10-06,18.003156661987305,44.38254165649414,165.02999877929688,68.24287414550781,101.41726684570312,63.464054107666016,208.0912322998047,112.12174987792969,350.2679748535156,409.94012451171875,124.44519805908203,87.62762451171875
2021-10-07,18.22939109802246,45.24945068359375,164.16000366210938,68.25070190429688,101.01211547851562,63.92133331298828,211.29962158203125,111.62440490722656,353.4817810058594,413.484375,123.14378356933594,87.86466217041016
2021-10-08,18.290302276611328,45.41926574707031,164.22999572753906,68.04678344726562,100.79191589355469,63.904056549072266,209.7096710205078,111.11021423339844,351.7190856933594,412.7302551269531,122.2818832397461,87.0350341796875
2021-10-11,18.412120819091797,45.32988357543945,163.9199981689453,67.83502197265625,100.54528045654297,63.69701385498047,208.5076446533203,110.89946746826172,349.02154541015625,409.74224853515625,121.97160339355469,87.255126953125
2021-10-12,18.412120819091797,45.09751892089844,164.66000366210938,67.96050262451172,101.0032958984375,63.740142822265625,209.65283203125,111.60752868652344,347.8041687011719,408.7335510253906,124.05734252929688,88.39799499511719
2021-10-13,18.51653480529785,45.7231330871582,167.58999633789062,68.14090728759766,101.19708251953125,64.41309356689453,210.6466064453125,112.1723403930664,350.58941650390625,410.2040710449219,125.2638931274414,89.04138946533203
2021-10-14,18.707965850830078,45.866127014160156,168.0,68.52522277832031,101.43489837646484,65.08604431152344,213.76979064941406,112.7033920288086,357.0460510253906,417.10400390625,125.72933959960938,90.12496948242188
2021-10-15,18.864591598510742,46.420230865478516,165.3300018310547,68.40755462646484,100.932861328125,65.58642578125,213.09783935546875,112.2988052368164,359.2957458496094,420.280517578125,124.99679565429688,90.05723571777344
2021-10-18,18.75147247314453,46.304054260253906,164.9199981689453,68.37617492675781,100.79191589355469,65.32760620117188,212.97479248046875,112.2060546875,362.90863037109375,421.5247802734375,125.5828628540039,90.28582000732422
2021-10-19,18.79498291015625,46.920719146728516,165.4499969482422,68.4232406616211,100.43079376220703,65.75035095214844,213.76979064941406,111.59071350097656,365.6549987792969,424.77679443359375,123.85044860839844,90.32815551757812
2021-10-20,19.003812789916992,46.91178512573242,166.89999389648438,68.44676971435547,100.38675689697266,65.9401626586914,215.18943786621094,111.3209457397461,365.17779541015625,426.4451599121094,123.01445007324219,91.7503662109375
2021-10-21,18.7166690826416,46.60791778564453,166.75,68.27423095703125,100.12249755859375,65.63819122314453,215.7384033203125,111.0849380493164,367.407958984375,427.5575256347656,122.867919921875,91.87734985351562
2021-10-22,18.803680419921875,46.509613037109375,167.77000427246094,68.10952758789062,100.3779296875,65.9832992553711,215.22731018066406,111.53167724609375,364.32080078125,427.1144714355469,124.2210693359375,92.30911254882812
2021-10-25,18.899394989013672,46.750919342041016,168.92999267578125,68.22718048095703,100.50125122070312,65.86251068115234,217.2716064453125,111.58228302001953,368.0506896972656,429.405029296875,124.03145599365234,92.60540771484375
2021-10-26,18.92550277709961,46.509613037109375,167.67999267578125,68.24287414550781,100.62457275390625,66.00919342041016,215.63426208496094,112.06271362304688,369.2096252441406,429.7914733886719,125.05709838867188,92.85936737060547
2021-10-27,18.57744598388672,46.13424301147461,168.1199951171875,68.18798065185547,101.18827056884766,65.70722198486328,211.66871643066406,112.7455825805664,370.0665588378906,427.8873596191406,127.33243560791016,92.07206726074219
2021-10-28,18.673158645629883,46.17892837524414,168.0800018310547,68.36051177978516,100.92402648925781,66.39742279052734,215.88978576660156,112.57698822021484,374.17626953125,432.01605224609375,126.90142059326172,93.35885620117188
2021-10-29,18.57744598388672,45.50863265991211,166.64999389648438,68.18011474609375,100.96807098388672,66.00919342041016,215.83302307128906,112.5179672241211,376.016845703125,432.8926696777344,127.28934478759766,92.30911254882812
2021-11-01,18.7166690826416,45.866127014160156,167.52000427246094,68.10692596435547,100.96013641357422,66.63899230957031,221.42640686035156,112.31693267822266,377.3022766113281,433.6373291015625,126.37284088134766,92.7662582397461
2021-11-02,18.768875122070312,45.45500946044922,167.16000366210938,68.27217864990234,101.20693969726562,66.44055938720703,221.89013671875,112.74769592285156,378.88006591796875,435.3905334472656,126.9337387084961,93.20646667480469
2021-11-03,18.290302276611328,45.66950225830078,165.77000427246094,68.40595245361328,100.88961791992188,66.98408508300781,225.85568237304688,112.46049499511719,382.9020080566406,438.0486755371094,125.62210845947266,93.51969909667969
2021-11-04,18.177181243896484,45.562255859375,167.64999389648438,68.58689880371094,101.43611145019531,66.93233489990234,225.77052307128906,113.05175018310547,387.8102722167969,440.1130676269531,126.94242095947266,92.63079071044922
2021-11-05,18.429523468017578,45.50863265991211,169.83999633789062,68.8465576171875,101.9914321899414,67.04449462890625,228.85589599609375,113.87947845458984,388.1803894042969,441.6400451660156,128.84091186523438,93.10487365722656
2021-11-08,18.542638778686523,45.928688049316406,170.4499969482422,68.760009765625,101.55069732666016,67.08763885498047,229.56570434570312,113.61762237548828,387.65447998046875,442.01708984375,128.5992889404297,93.02867889404297
2021-11-09,18.690563201904297,45.749935150146484,171.2899932861328,68.81510162353516,102.01786804199219,66.89781951904297,228.23123168945312,113.92170715332031,384.986083984375,440.5560302734375,130.27342224121094,93.18952178955078
2021-11-10,18.455625534057617,45.562255859375,173.14999389648438,68.42955017089844,101.14524841308594,66.06095123291016,224.6348114013672,112.75611877441406,379.3279724121094,437.0118103027344,127.89169311523438,92.75778198242188
2021-11-11,18.58614730834961,46.3487434387207,174.1199951171875,68.3115234375,100.81910705566406,66.28526306152344,226.44244384765625,112.43518829345703,380.3797912597656,437.1531982421875,127.7017593383789,92.91017150878906
2021-11-12,18.560043334960938,46.47385787963867,174.4499969482422,68.33512115478516,101.03065490722656,66.6907730102539,226.66966247558594,112.31693267822266,384.3823547363281,440.4522705078125,127.14087677001953,92.84242248535156
2021-11-15,18.568744659423828,46.32192611694336,174.17999267578125,68.25643157958984,100.634033203125,66.53546142578125,225.77052307128906,111.46388244628906,384.2945861816406,440.6031799316406,125.54439544677734,93.4942855834961
2021-11-16,18.542638778686523,46.38448715209961,172.9199981689453,68.28789520263672,100.54584503173828,66.35428619384766,226.18695068359375,111.27806854248047,387.03125,442.34698486328125,125.22508239746094,92.87629699707031
2021-11-17,18.3773136138916,46.1431770324707,174.5,68.21711730957031,100.90727233886719,66.29389190673828,223.22462463378906,111.72572326660156,387.2357482910156,441.2723693847656,126.217529296875,93.16413879394531
2021-11-18,18.438222885131836,45.580135345458984,173.94000244140625,68.16203308105469,100.9689712524414,66.38016510009766,222.27821350097656,111.97908782958984,391.2480163574219,442.7711486816406,126.69214630126953,93.18106842041016
2021-11-19,18.142377853393555,45.50863265991211,172.61000061035156,68.10692596435547,101.24223327636719,65.78485870361328,220.25282287597656,112.40142059326172,393.429443359375,441.9793701171875,128.02967834472656,92.63079071044922
2021-11-22,18.272897720336914,45.14219665527344,168.74000549316406,67.84729766845703,100.50178527832031,65.3707504272461,219.3158721923828,111.421630859375,388.862060546875,440.735107421875,126.5281982421875,92.17363739013672
2021-11-23,18.60354995727539,45.09751892089844,167.27999877929688,67.75288391113281,100.08753967285156,65.2758560180664,218.9373016357422,110.62769317626953,387.089599609375,441.3195495605469,124.69874572753906,92.91864013671875
2021-11-24,18.533939361572266,45.03496170043945,167.1199951171875,67.73713684082031,100.39602661132812,64.79268646240234,219.17393493652344,111.1597900390625,388.3361511230469,442.497802734375,126.70079040527344,94.04454040527344
2021-11-26,17.428863525390625,43.52455520629883,166.85000610351562,67.2492904663086,101.69174194335938,63.11034393310547,210.91159057617188,112.06352996826172,380.9737854003906,432.6286926269531,129.9023895263672,91.42866516113281
2021-11-29,17.428863525390625,43.69437026977539,166.6199951171875,67.66630554199219,101.46256256103516,63.43817901611328,210.7791290283203,112.13959503173828,389.24176025390625,437.935546875,128.85821533203125,92.10594177246094
2021-11-30,16.950286865234375,43.649681091308594,165.5,67.38307189941406,102.07075500488281,62.96366882324219,206.4822998046875,112.38450622558594,383.52532958984375,429.41436767578125,130.81712341308594,90.36200714111328
2021-12-01,16.8023624420166,43.81055450439453,166.16000366210938,67.39254760742188,102.2630615234375,62.52366256713867,201.83534240722656,112.40059661865234,377.00042724609375,424.6448059082031,131.6240997314453,88.8720703125
2021-12-02,16.950286865234375,44.34678649902344,165.24000549316406,67.88985443115234,102.04254913330078,63.2915153503418,207.46661376953125,112.66289520263672,379.7175598144531,431.1488037109375,131.7882843017578,91.53874969482422
2021-12-03,16.967689514160156,43.72117614746094,166.6300048828125,67.88985443115234,102.64234924316406,63.006805419921875,203.20770263671875,113.60208892822266,373.11474609375,427.3972473144531,133.36082458496094,91.23396301269531
2021-12-06,17.263538360595703,44.060794830322266,166.22000122070312,68.18985748291016,102.13072204589844,63.55896759033203,207.2867889404297,113.0267333984375,376.10455322265625,432.45904541015625,131.529052734375,92.83399963378906
2021-12-07,17.524578094482422,44.75790023803711,166.80999755859375,68.55297088623047,101.74263000488281,64.90486907958984,212.0946502685547,113.07750701904297,387.4304504394531,441.4044189453125,130.46636962890625,94.1715316772461
2021-12-08,17.7595157623291,44.936649322509766,166.89999389648438,68.53719329833984,101.41624450683594,65.0256576538086,213.54269409179688,112.32447052001953,389.1639099121094,442.5732421875,128.2112579345703,94.84878540039062
2021-12-09,17.489774703979492,44.72215270996094,165.8800048828125,68.22933197021484,101.67204284667969,64.49937438964844,208.70643615722656,112.23136138916016,383.4376525878906,439.5851745605469,128.92837524414062,93.47735595703125
2021-12-10,17.689905166625977,44.75790023803711,166.5800018310547,68.3872299194336,101.74263000488281,64.61151123046875,208.1291046142578,112.35828399658203,387.6058349609375,443.7231750488281,128.61732482910156,93.76519775390625
2021-12-13,17.602890014648438,44.048091888427734,167.0,68.3872299194336,102.22776794433594,63.94181823730469,205.08755493164062,112.865966796875,382.0061340332031,439.7925109863281,130.51817321777344,94.64561462402344
2021-12-14,17.446266174316406,43.9483757019043,165.44000244140625,68.268798828125,102.0513687133789,63.599510192871094,203.32180786132812,112.35828399658203,378.05224609375,436.76666259765625,130.2071533203125,93.43502807617188
2021-12-15,17.533279418945312,43.82146072387695,166.14999389648438,68.52931213378906,101.90139770507812,64.4421157836914,206.54945373535156,112.50214385986328,386.67083740234375,443.5912170410156,128.95431518554688,94.74720001220703
2021-12-16,17.637699127197266,43.87584686279297,168.16000366210938,68.47860717773438,102.19805145263672,64.46845245361328,202.3725128173828,112.49872589111328,376.72772216796875,439.679443359375,129.00442504882812,94.71333312988281
2021-12-17,17.428863525390625,43.658287048339844,167.8000030517578,68.41523742675781,102.42762756347656,63.652191162109375,204.23316955566406,112.76152038574219,374.8482360839844,434.99993896484375,130.46627807617188,94.59481048583984
2021-12-20,17.307043075561523,43.005584716796875,167.08999633789062,68.29643249511719,102.33932495117188,63.51174545288086,201.3662567138672,112.26980590820312,371.21209716796875,430.3743896484375,129.48895263671875,93.85830688476562
2021-12-21,17.672502517700195,43.730812072753906,167.02000427246094,68.66082000732422,101.93315124511719,64.20514678955078,207.11904907226562,112.49024200439453,379.51995849609375,438.01739501953125,128.99586486816406,94.91651916503906
2021-12-22,17.881336212158203,43.939308166503906,168.58999633789062,68.8429946899414,102.03031158447266,64.84587097167969,209.11257934570312,112.66829681396484,384.1419372558594,442.3970947265625,129.59271240234375,95.89006805419922
2021-12-23,17.97705078125,44.16594314575195,168.97000122070312,69.04100799560547,101.81838989257812,65.2232894897461,210.78335571289062,112.49872589111328,387.0379943847656,445.1496887207031,128.46824645996094,95.78848266601562
2021-12-27,18.20328712463379,44.36537551879883,169.3699951171875,69.11229705810547,101.85371398925781,65.70603942871094,212.75790405273438,112.82933807373047,393.4346008300781,451.4494934082031,128.77964782714844,97.41462707519531
2021-12-28,18.168479919433594,44.22032928466797,168.63999938964844,69.08063507080078,101.83607482910156,65.79380798339844,211.45733642578125,112.68524169921875,391.6111755371094,451.0805358886719,128.26925659179688,97.77350616455078
2021-12-29,18.2554931640625,44.02090072631836,168.58999633789062,68.96974182128906,101.31514739990234,65.8025894165039,211.6851806640625,112.0663833618164,391.5526123046875,451.6575927734375,126.86797332763672,98.4314956665039
2021-12-30,18.168479919433594,44.52519607543945,169.8000030517578,68.93806457519531,101.65066528320312,65.63558197021484,211.62820434570312,112.51569366455078,390.3825988769531,450.40899658203125,127.93193054199219,98.8587417602539
2021-12-31,18.081466674804688,44.30751037597656,170.9600067138672,68.92220306396484,101.53588104248047,65.60919952392578,211.1725616455078,112.34613800048828,387.94488525390625,449.27386474609375,128.18275451660156,99.13218688964844
2022-01-03,18.151077270507812,44.62496566772461,168.3300018310547,68.89051818847656,100.59114074707031,65.9783935546875,213.8970489501953,111.15076446533203,391.6794738769531,451.8751525878906,124.81796264648438,98.35458374023438
2022-01-04,18.368610382080078,44.47077560424805,169.57000732421875,68.71623229980469,100.53816223144531,66.34757232666016,213.57431030273438,111.24403381347656,386.59918212890625,451.7237854003906,124.29895782470703,98.23494720458984
2022-01-05,18.290302276611328,43.74516296386719,169.05999755859375,68.185546875,100.11437225341797,65.81138610839844,206.3406524658203,110.5912857055664,374.72247314453125,443.0496520996094,123.62423706054688,95.42359161376953
2022-01-06,18.446924209594727,43.94470977783203,166.99000549316406,68.19344329833984,99.86714172363281,65.38945007324219,207.51773071289062,110.44712829589844,374.4591369628906,442.6335754394531,123.94430541992188,95.50904846191406
2022-01-07,18.48172950744629,44.34379577636719,167.75,68.01917266845703,99.54048919677734,65.58283996582031,205.1160125732422,109.97237396240234,370.40264892578125,440.883544921875,123.0533218383789,94.87670135498047
2022-01-10,18.403419494628906,44.34379577636719,168.25999450683594,68.0746078491211,99.51396179199219,64.91478729248047,204.404052734375,109.87065887451172,370.64642333984375,440.3349304199219,123.35611724853516,94.32982635498047
2022-01-11,18.76017189025879,45.36871337890625,170.2899932861328,68.39147186279297,99.75236511230469,65.62679290771484,206.5779266357422,110.2012710571289,376.2142639160156,444.345703125,124.1778564453125,94.47508239746094
2022-01-12,18.908098220825195,46.12153244018555,170.74000549316406,68.50239562988281,99.77001953125,66.32999420166016,205.0400848388672,110.12494659423828,377.7062072753906,445.5469665527344,123.70210266113281,94.586181640625
2022-01-13,18.707965850830078,45.46848678588867,170.16000366210938,68.25682067871094,100.08788299560547,65.82017517089844,203.16043090820312,110.47258758544922,368.2574768066406,439.407958984375,124.8006591796875,94.39817810058594
2022-01-14,18.951602935791016,45.450340270996094,169.6699981689453,68.19344329833984,99.39923858642578,65.7410659790039,203.44522094726562,109.49763488769531,370.5489196777344,439.587646484375,122.91500091552734,93.54366302490234
2022-01-18,19.09952735900879,44.643104553222656,169.38999938964844,67.86076354980469,98.64874267578125,64.7389907836914,197.2937469482422,108.45487213134766,361.3244323730469,431.8027038574219,121.18499755859375,92.56097412109375
2022-01-19,19.20394515991211,44.83357238769531,172.0800018310547,67.79740142822266,98.88711547851562,64.63349914550781,194.08511352539062,108.62444305419922,357.3558654785156,427.3190612792969,122.02401733398438,91.31340026855469
2022-01-20,19.134334564208984,45.096614837646484,171.64999389648438,67.67064666748047,99.09900665283203,64.28189086914062,190.57266235351562,108.5650863647461,352.71435546875,422.5894470214844,122.77655792236328,90.1427001953125
2022-01-21,19.151737213134766,44.44356918334961,171.08999633789062,67.6785659790039,99.67290496826172,63.43804931640625,187.00332641601562,109.27719116210938,342.93402099609375,414.2938232421875,124.2384033203125,89.92052459716797
2022-01-24,19.10822868347168,43.81772994995117,172.02999877929688,67.6072769165039,99.58462524414062,62.752437591552734,191.31314086914062,108.93810272216797,344.5039367675781,416.05316162109375,123.2176513671875,90.09142303466797
2022-01-25,19.282257080078125,43.73609161376953,172.5800018310547,67.40925598144531,99.45217895507812,62.38324737548828,188.75949096679688,108.63291931152344,336.517822265625,410.97357177734375,123.018798828125,89.7325439453125
2022-01-26,19.325763702392578,43.18281555175781,169.7899932861328,67.1795425415039,98.745849609375,62.21622848510742,186.0349884033203,107.89535522460938,335.9913024902344,409.9425964355469,121.531005859375,88.33113861083984
2022-01-27,19.421480178833008,42.683963775634766,167.60000610351562,66.88646697998047,99.16082763671875,61.76793670654297,181.8106231689453,108.14122772216797,332.60772705078125,407.91815185546875,123.7625961303711,86.86992645263672
2022-01-28,19.43888282775879,42.89257049560547,167.10000610351562,67.0765609741211,99.3903579711914,62.01406478881836,185.3515167236328,108.25990295410156,343.04132080078125,418.0491027832031,123.8059310913086,89.68125915527344
2022-01-31,19.508493423461914,44.298439025878906,168.08999633789062,67.0923843383789,99.3903579711914,62.94580841064453,191.03785705566406,108.3107681274414,354.01123046875,425.57861328125,123.16583251953125,90.78358459472656
2022-02-01,19.58680534362793,44.5705451965332,168.22999572753906,67.35873413085938,99.25605010986328,63.569915771484375,193.05035400390625,108.49083709716797,356.4197692871094,428.4542236328125,122.75698852539062,90.45886993408203
2022-02-02,19.665119171142578,44.497982025146484,168.83999633789062,67.46206665039062,99.45931243896484,64.10610961914062,191.1327362060547,108.49932098388672,359.31585693359375,432.6163024902344,123.1727066040039,91.61247253417969
2022-02-03,19.70862579345703,44.026336669921875,168.60000610351562,66.85787963867188,99.03511047363281,63.05128479003906,187.5159149169922,107.62445831298828,344.74774169921875,422.4476318359375,122.21125030517578,90.63832092285156
2022-02-04,19.865249633789062,44.13517761230469,168.86000061035156,66.59552764892578,98.27505493164062,63.165557861328125,188.3228302001953,106.55426788330078,349.0967102050781,424.4340515136719,120.4095687866211,89.74107360839844
2022-02-07,19.908756256103516,44.04448318481445,170.11000061035156,66.54784393310547,98.30159759521484,63.25345993041992,189.25315856933594,106.74959564208984,346.2884216308594,423.0719299316406,120.48756408691406,89.6129150390625
2022-02-08,19.734729766845703,44.47077560424805,170.6300048828125,66.47631072998047,97.98342895507812,63.58748245239258,192.48077392578125,106.35039520263672,350.1790466308594,426.5528869628906,119.68197631835938,89.1941909790039
2022-02-09,19.93486213684082,45.16917037963867,171.2100067138672,66.82608795166016,98.11598205566406,64.61593627929688,196.13558959960938,106.7071304321289,357.599609375,432.79595947265625,119.90718078613281,91.21084594726562
2022-02-10,19.8304443359375,44.86985778808594,170.55999755859375,65.94363403320312,97.21450805664062,63.80724334716797,193.12628173828125,105.25473022460938,349.5063171386719,425.0204772949219,118.00154113769531,89.05746459960938
2022-02-11,20.12628936767578,44.189605712890625,173.80999755859375,65.71311950683594,98.22205352783203,62.8579216003418,191.1707763671875,106.03612518310547,338.4193420410156,416.6396789550781,119.75130462646484,88.24567413330078
2022-02-14,20.230709075927734,43.88121795654297,174.74000549316406,65.60179901123047,97.54154968261719,62.45357131958008,190.5062255859375,105.09330749511719,338.8386535644531,415.2775573730469,118.26141357421875,87.44243621826172
2022-02-15,19.900054931640625,44.83357238769531,173.0800018310547,65.71311950683594,97.24989318847656,63.631439208984375,195.6134796142578,104.56670379638672,347.26348876953125,421.9746398925781,116.9188232421875,88.22858428955078
2022-02-16,19.926158905029297,45.16010284423828,174.86000061035156,66.07880401611328,97.45313262939453,63.8511962890625,196.0216827392578,104.71958923339844,347.1758117675781,422.4476318359375,117.61177825927734,88.63876342773438
2022-02-17,20.09148597717285,44.634037017822266,177.25,65.80057525634766,97.97459411621094,62.8579216003418,190.99986267089844,104.7960433959961,336.84942626953125,413.42352294921875,118.48660278320312,87.69878387451172
2022-02-18,20.169797897338867,44.189605712890625,177.1199951171875,65.8959732055664,98.29277038574219,62.523887634277344,189.35755920410156,105.05084228515625,333.0075378417969,410.74658203125,119.73392486572266,87.16897583007812
2022-02-22,20.45694351196289,43.563758850097656,177.49000549316406,65.74491119384766,98.28390502929688,61.76793670654297,186.69004821777344,104.91493225097656,329.6629333496094,406.338623046875,120.04576110839844,86.85282135009766
2022-02-23,20.648372650146484,43.05583953857422,178.2899932861328,65.62564849853516,97.77131652832031,61.284481048583984,183.19659423828125,103.96366119384766,321.2185363769531,399.1307373046875,118.39134216308594,85.41722869873047
2022-02-24,20.735389709472656,42.166961669921875,177.13999938964844,66.0947036743164,98.00109100341797,60.449424743652344,188.0000457763672,104.45629119873047,332.0129089355469,405.13726806640625,118.46931457519531,86.85282135009766
2022-02-25,20.422136306762695,42.946990966796875,176.5500030517578,66.46835327148438,97.97459411621094,61.97010803222656,192.2339630126953,104.88097381591797,337.16143798828125,414.0762023925781,118.555908203125,88.94637298583984
2022-02-28,20.77019500732422,42.384647369384766,178.3800048828125,66.51602935791016,99.08815002441406,60.9065055847168,193.01239013671875,106.00214385986328,338.165771484375,413.01678466796875,121.15450286865234,87.62187957763672
2022-03-01,21.605527877807617,41.822303771972656,181.6199951171875,66.33013153076172,100.0531997680664,59.60557174682617,189.37660217285156,106.36473846435547,332.9878845214844,406.7264099121094,122.55525207519531,87.16043853759766
2022-03-02,22.31033706665039,41.894859313964844,179.72999572753906,66.48971557617188,98.54944610595703,60.32635498046875,193.88575744628906,104.74761962890625,338.57537841796875,414.2086486816406,118.36602783203125,88.79257202148438
2022-03-03,22.553974151611328,41.3053092956543,180.8000030517578,66.29023742675781,98.9739990234375,59.201236724853516,191.5884552001953,105.13060760498047,333.73883056640625,412.14654541015625,119.57160949707031,89.5188980102539
2022-03-04,23.502426147460938,40.470848083496094,183.67999267578125,65.85936737060547,99.95587921142578,57.4783821105957,188.58863830566406,105.23273468017578,328.9022521972656,408.7980651855469,121.63587951660156,89.92908477783203
2022-03-07,24.01580810546875,38.956146240234375,186.41000366210938,65.28486633300781,99.53128051757812,55.60608673095703,183.8990936279297,103.9560546875,316.77203369140625,396.74700927734375,120.70782470703125,88.15168762207031
2022-03-08,24.424772262573242,39.083126068115234,191.50999450683594,65.05347442626953,98.88558197021484,56.15107727050781,184.91482543945312,103.3347396850586,315.2996520996094,393.7388916015625,119.49354553222656,87.72442626953125
2022-03-09,22.484363555908203,40.18968200683594,185.82000732421875,65.59605407714844,98.27521514892578,58.47165298461914,190.1265106201172,103.51350402832031,326.6498107910156,404.29541015625,118.32263946533203,89.07454681396484
2022-03-10,22.214622497558594,39.43686294555664,186.39999389648438,65.04548645019531,97.8240966796875,57.71571731567383,189.78477478027344,102.33040618896484,323.02239990234375,402.4698486328125,116.62267303466797,89.29672241210938
2022-03-11,22.597482681274414,38.611473083496094,185.08999633789062,64.57475280761719,97.79754638671875,57.16193389892578,186.75645446777344,102.28784942626953,316.3235168457031,397.3523864746094,117.01294708251953,88.58748626708984
2022-03-14,21.936176300048828,37.67726135253906,182.3000030517578,63.80873489379883,96.55915832519531,57.70691680908203,182.9402618408203,100.80690002441406,310.2485656738281,394.4483947753906,114.28083038330078,87.89532470703125
2022-03-15,21.396692276000977,37.731685638427734,178.88999938964844,64.2874984741211,96.51493072509766,58.25190353393555,185.85464477539062,101.59844207763672,319.9801330566406,403.1224670410156,114.0813217163086,88.48493194580078
2022-03-16,21.21396255493164,40.770164489746094,180.00999450683594,65.18910217285156,96.38223266601562,60.27362823486328,191.70236206054688,102.4665756225586,331.8471374511719,412.0613098144531,115.20021057128906,89.5359878540039
2022-03-17,22.232027053833008,40.56155776977539,180.88999938964844,65.63597106933594,96.19647216796875,60.73069763183594,194.71160888671875,103.47088623046875,335.8645324707031,417.2166748046875,114.34154510498047,90.92032623291016
2022-03-18,22.336441040039062,41.14204406738281,179.3000030517578,65.85138702392578,96.47954559326172,61.36360168457031,196.76211547851562,103.6751708984375,342.739013671875,421.7863464355469,115.73798370361328,90.92032623291016
2022-03-21,23.171772003173828,40.50712966918945,180.6699981689453,65.09339141845703,95.22346496582031,60.95925521850586,195.02491760253906,102.23680877685547,341.7861633300781,421.6631164550781,113.05791473388672,90.36488342285156
2022-03-22,23.119565963745117,41.24181365966797,179.36000061035156,65.42849731445312,94.70154571533203,61.58334732055664,196.98046875,101.98997497558594,348.503173828125,426.5970764160156,111.6093978881836,90.59558868408203
2022-03-23,23.69385528564453,40.96970748901367,181.80999755859375,65.22103118896484,95.33845520019531,60.713138580322266,193.56292724609375,102.27933502197266,343.49468994140625,421.10321044921875,114.0553207397461,89.57917785644531
2022-03-24,23.458919525146484,41.18739318847656,183.1300048828125,65.356689453125,94.80770111083984,61.21415710449219,195.78871154785156,102.32191467285156,351.12939453125,427.4510803222656,113.16197967529297,90.146240234375
2022-03-25,23.63294792175293,40.86086654663086,182.3800048828125,64.88593292236328,93.83470153808594,61.266902923583984,196.05503845214844,101.51334381103516,350.8365478515625,429.53851318359375,111.59205627441406,91.27178955078125
2022-03-28,22.606184005737305,40.99692153930664,179.05999755859375,65.29286193847656,94.04698181152344,61.099891662597656,196.1216583251953,102.07508087158203,356.2648010253906,432.5939636230469,112.54613494873047,92.24267578125
2022-03-29,22.693199157714844,41.695316314697266,179.13999938964844,66.09874725341797,94.51580810546875,62.42719268798828,201.37210083007812,102.9346923828125,362.39605712890625,437.94537353515625,113.39614868164062,94.9491195678711
2022-03-30,23.102163314819336,41.57740783691406,180.5800018310547,65.8992691040039,94.8873519897461,62.13713073730469,197.32960510253906,103.17303466796875,358.3931579589844,435.2411804199219,114.28083038330078,94.26177215576172
2022-03-31,22.67579460144043,40.951568603515625,180.64999389648438,65.65987396240234,95.0642318725586,61.099891662597656,195.24656677246094,102.9346923828125,353.9509582519531,428.54229736328125,114.55838012695312,93.11044311523438
2022-04-01,22.823719024658203,41.63182830810547,179.5,65.65509033203125,94.4452133178711,61.70640182495117,197.43426513671875,103.28016662597656,353.27734375,429.75677490234375,114.99449157714844,94.92332458496094
2022-04-04,23.2587890625,42.36650466918945,180.3699951171875,66.15178680419922,94.38324737548828,61.93495178222656,197.75765991210938,103.63838195800781,360.5508117675781,433.43829345703125,114.19527435302734,94.4593734741211
2022-04-05,23.06735610961914,41.58647918701172,179.24000549316406,65.29457092285156,93.2585678100586,61.16142272949219,193.07791137695312,101.82162475585938,352.5451354980469,427.96337890625,111.6153564453125,93.99540710449219
2022-04-06,22.884628295898438,41.042266845703125,179.66000366210938,64.78179931640625,92.93093872070312,60.34395217895508,190.33851623535156,101.224609375,344.890869140625,423.68408203125,110.71192169189453,95.11236572265625
2022-04-07,22.962940216064453,40.71574401855469,180.33999633789062,64.67766571044922,92.70068359375,60.467002868652344,189.7202606201172,100.75550079345703,345.71087646484375,425.81903076171875,109.87798309326172,94.16725158691406
2022-04-08,23.25008773803711,40.75202941894531,181.47000122070312,64.28512573242188,92.2313232421875,60.431846618652344,188.20790100097656,99.96226501464844,340.8781433105469,424.6803894042969,108.6878890991211,94.32190704345703
2022-04-11,23.058656692504883,40.24409866333008,182.3699951171875,63.844459533691406,91.78853607177734,59.79016876220703,186.9428253173828,98.98994445800781,332.81390380859375,417.4216003417969,106.96793365478516,93.30804443359375
2022-04-12,23.746065139770508,40.11711883544922,183.77000427246094,64.33313751220703,92.2313232421875,59.35066223144531,187.53257751464844,99.05814361572266,331.4079895019531,415.87493896484375,106.82030487060547,93.17059326171875
2022-04-13,24.268150329589844,40.643192291259766,184.64999389648438,64.71773529052734,92.43500518798828,60.05387878417969,191.09947204589844,99.5699234008789,338.14453125,420.63824462890625,107.03744506835938,93.83216094970703
2022-04-14,24.450878143310547,40.11711883544922,184.0399932861328,64.28512573242188,91.60256958007812,59.8165397644043,189.2447052001953,98.40996551513672,330.4121398925781,415.4005432128906,104.891845703125,93.42835235595703
2022-04-18,24.729320526123047,39.9810676574707,184.61000061035156,64.18092346191406,91.33690643310547,59.45615005493164,187.97006225585938,97.6594009399414,330.6660461425781,415.5713806152344,104.3706283569336,93.05030822753906
2022-04-19,24.094120025634766,39.78152847290039,181.82000732421875,64.12488555908203,90.7347412109375,59.719852447509766,191.71771240234375,96.88323974609375,338.056640625,422.2797546386719,103.58883666992188,95.07799530029297
2022-04-20,24.120223999023438,39.54570007324219,182.7100067138672,64.32514953613281,91.44319915771484,60.08903503417969,192.45013427734375,97.88968658447266,333.1262512207031,421.9666442871094,105.67363739013672,96.6589126586914
2022-04-21,24.085418701171875,38.7838134765625,182.05999755859375,63.8845329284668,90.93839263916016,59.500099182128906,188.1413116455078,96.84912109375,326.2335510253906,415.6567687988281,104.891845703125,95.9887466430664
2022-04-22,23.62424659729004,38.43914794921875,180.2899932861328,63.499969482421875,90.98267364501953,58.489234924316406,183.27133178710938,96.73824310302734,317.69085693359375,404.25152587890625,104.23163604736328,94.30471801757812
2022-04-25,23.450218200683594,38.1579704284668,177.0500030517578,64.03672790527344,91.56714630126953,58.20794677734375,184.3842315673828,97.81290435791016,321.771728515625,406.59515380859375,105.27403259277344,94.06414794921875
2022-04-26,23.772171020507812,37.323524475097656,177.32000732421875,63.66016387939453,92.17817687988281,56.59937286376953,178.57257080078125,97.76177978515625,309.6266174316406,394.81982421875,106.33380126953125,92.51760864257812
2022-04-27,23.9374942779541,37.75888442993164,175.97999572753906,63.347747802734375,91.66455078125,56.83670425415039,177.83065795898438,96.82353210449219,309.25555419921875,395.9300231933594,104.97000122070312,91.90758514404297
2022-04-28,24.13762664794922,38.303096771240234,176.92999267578125,63.70028305053711,91.53173065185547,57.6981315612793,181.1502227783203,97.11351776123047,320.2390441894531,405.93096923828125,105.12637329101562,93.60018157958984
2022-04-29,23.954898834228516,38.43914794921875,176.91000366210938,62.91511535644531,91.0446548461914,56.96854782104492,175.9187774658203,96.03885650634766,305.8287658691406,390.92950439453125,103.76255798339844,89.30422973632812
2022-05-02,24.320356369018555,38.384727478027344,173.6300048828125,62.91913986206055,90.36640930175781,56.775169372558594,177.7640380859375,95.46951293945312,310.934814453125,393.2826843261719,101.96395111083984,87.14765930175781
2022-05-03,23.981002807617188,38.66590118408203,174.08999633789062,63.24888610839844,90.47277069091797,57.21467208862305,179.2859344482422,96.08500671386719,311.2666931152344,395.0855712890625,102.65135192871094,88.2302474975586
2022-05-04,24.729320526123047,39.083126068115234,175.8000030517578,63.89231872558594,91.0579605102539,58.14642333984375,184.07028198242188,97.02537536621094,321.7913818359375,407.1170654296875,103.21698760986328,89.24409484863281
2022-05-05,24.598800659179688,37.64098358154297,175.1300048828125,62.75828170776367,90.14471435546875,56.291717529296875,176.60365295410156,95.53790283203125,305.58453369140625,392.6469421386719,100.38898468017578,86.86412811279297
2022-05-06,24.624902725219727,37.123985290527344,175.4199981689453,62.40437698364258,89.63044738769531,55.70277786254883,173.66453552246094,94.72578430175781,301.9234924316406,390.30328369140625,98.90974426269531,85.83311462402344
2022-05-09,23.511127471923828,36.05370330810547,172.8800048828125,61.74489212036133,90.29547882080078,53.997501373291016,166.3595428466797,95.05921173095703,290.1101379394531,377.80682373046875,99.77991485595703,82.05267333984375
2022-05-10,23.371904373168945,36.22603988647461,171.4199981689453,62.0987548828125,90.596923828125,54.37548065185547,166.40711975097656,95.4609603881836,293.6346130371094,378.67974853515625,100.6848373413086,80.55767822265625
2022-05-11,23.946197509765625,35.972076416015625,172.82000732421875,61.72879409790039,91.15550231933594,54.05903244018555,162.26951599121094,95.90547180175781,284.92596435546875,372.6640319824219,102.62527465820312,80.38583374023438
2022-05-12,24.059316635131836,35.73625564575195,170.1699981689453,61.70465087890625,91.45697021484375,53.927181243896484,164.171875,95.9482192993164,284.2522888183594,372.27490234375,102.43385314941406,81.01303100585938
2022-05-13,24.389968872070312,36.72489547729492,168.7899932861328,61.77703094482422,90.97814178466797,55.4478645324707,169.374755859375,95.4438705444336,294.7866516113281,381.1751708984375,100.91980743408203,83.15242767333984
2022-05-16,24.790231704711914,36.579776763916016,170.39999389648438,61.688575744628906,91.35940551757812,55.483028411865234,168.56626892089844,95.57209014892578,291.3695983886719,379.6285400390625,100.81536865234375,82.62830352783203
2022-05-17,24.52048683166504,37.47771453857422,169.3300018310547,61.63227081298828,90.6678466796875,56.537837982177734,173.72161865234375,95.02498626708984,298.91644287109375,387.4377136230469,99.59712982177734,83.75386047363281
2022-05-18,23.989702224731445,36.579776763916016,169.4199981689453,61.12559127807617,91.31510162353516,55.228118896484375,167.63409423828125,95.37549591064453,284.2425231933594,371.81951904296875,101.72028350830078,81.32234954833984
2022-05-19,24.29425048828125,37.1602668762207,171.91000366210938,61.535762786865234,91.64315032958984,55.77309799194336,167.9099578857422,95.63194274902344,282.7195129394531,369.542236328125,101.96395111083984,80.96150207519531
2022-05-20,24.329055786132812,37.314453125,172.02999877929688,61.49556350708008,92.0687255859375,56.13349533081055,167.48191833496094,96.10211181640625,281.8407897949219,369.7034912109375,103.12125396728516,81.47700500488281
2022-05-23,24.51178550720215,37.59563064575195,172.8300018310547,61.736839294433594,91.5101547241211,57.07403564453125,169.5078887939453,95.76016998291016,286.527099609375,376.6207275390625,101.4244384765625,82.422119140625
2022-05-24,24.494384765625,36.94257354736328,174.1300048828125,62.10679626464844,92.29926300048828,56.933387756347656,166.99684143066406,97.01679229736328,280.4349060058594,373.7456970214844,103.4258041381836,83.11805725097656
2022-05-25,24.668411254882812,37.123985290527344,173.0800018310547,63.047813415527344,92.4854507446289,56.933387756347656,170.0025177001953,98.01693725585938,284.3596496582031,377.0477294921875,103.83476257324219,83.82259368896484
2022-05-26,24.938154220581055,37.7044677734375,172.75999450683594,63.92448043823242,92.44111633300781,57.60143280029297,173.79769897460938,98.04258728027344,292.2384948730469,384.58160400390625,103.3648910522461,83.92570495605469
2022-05-27,25.23400115966797,38.139827728271484,172.85000610351562,64.49554443359375,92.57413482666016,58.26069259643555,178.47744750976562,98.5555419921875,301.7770080566406,394.0227966308594,103.61725616455078,86.17677307128906
2022-05-31,25.059972763061523,38.67496871948242,171.13999938964844,63.9405632019043,91.6076889038086,57.926666259765625,176.26124572753906,97.82891082763672,300.9764404296875,391.8119201660156,101.4244384765625,85.11996459960938
2022-06-01,25.181795120239258,38.40286636352539,172.22999572753906,63.704002380371094,91.09190368652344,57.346519470214844,175.26248168945312,97.25823974609375,298.75042724609375,388.64276123046875,101.30853271484375,84.41545104980469
2022-06-02,25.756084442138672,39.06498718261719,174.35000610351562,63.97045135498047,91.22504425048828,58.53318405151367,179.54275512695312,97.30107879638672,306.9319763183594,396.0438537597656,101.36082458496094,85.57534790039062
2022-06-03,25.999723434448242,38.43007278442383,172.5800018310547,63.49409103393555,91.04751586914062,57.6453857421875,177.92575073242188,96.99259185791016,298.9458312988281,389.5441589355469,101.14291381835938,84.43262481689453
2022-06-06,26.11284065246582,38.63869094848633,171.82000732421875,63.0177116394043,90.36393737792969,57.91788864135742,178.6962127685547,96.30705261230469,299.94158935546875,390.7302551269531,99.27748107910156,84.1662826538086
2022-06-07,26.286867141723633,38.75659942626953,172.94000244140625,63.163047790527344,90.7279052734375,58.04973220825195,181.57821655273438,96.82119750976562,302.52880859375,394.47821044921875,100.34967803955078,85.32617950439453
2022-06-08,26.521804809570312,38.965213775634766,172.77999877929688,62.6220588684082,90.39057159423828,57.24983215332031,178.77227783203125,96.2641830444336,300.35162353515625,390.1893310546875,99.46056365966797,83.35863494873047
2022-06-09,26.565311431884766,38.043182373046875,172.22999572753906,62.12150573730469,90.31069946289062,56.058143615722656,175.06631469726562,95.63006591796875,292.3067932128906,380.9095458984375,99.79176330566406,81.38250732421875
2022-06-10,26.304269790649414,37.622406005859375,174.5399932861328,61.06380081176758,89.42291259765625,54.69415283203125,170.3170166015625,94.70463562011719,281.99700927734375,369.8648986816406,99.17288208007812,79.57819366455078
2022-06-13,26.008424758911133,36.30521011352539,169.92999267578125,59.02107238769531,87.8338623046875,52.86354064941406,162.3156280517578,92.51953125,268.88519287109375,355.82177734375,96.06092071533203,75.60014343261719
2022-06-14,25.72127914428711,36.808311462402344,168.57000732421875,59.40864181518555,87.13251495361328,52.33409118652344,161.53366088867188,92.03968811035156,269.3733825683594,354.7494812011719,94.84927368164062,75.02447509765625
2022-06-15,25.738679885864258,37.29310607910156,170.77000427246094,60.56321716308594,88.34873962402344,53.321189880371094,163.89877319335938,93.47928619384766,276.10009765625,359.8070068359375,96.61881256103516,76.80300903320312
2022-06-16,25.85179901123047,36.14971160888672,172.69000244140625,59.6024055480957,88.92579650878906,52.17256164550781,156.30751037597656,93.58209991455078,264.9604797363281,347.8987731933594,97.38589477539062,74.78392791748047
2022-06-17,24.929452896118164,36.28691864013672,171.27000427246094,59.788116455078125,88.9524154663086,51.9661750793457,157.5281982421875,93.77062225341797,268.1822509765625,348.6487731933594,97.69970703125,75.3509750366211
2022-06-21,24.868541717529297,36.872337341308594,170.6300048828125,59.74772644042969,88.49079895019531,52.74687576293945,160.3511199951172,92.82804107666016,274.9483947753906,357.425537109375,96.04348754882812,76.39918518066406
2022-06-22,24.424772262573242,36.21373748779297,171.30999755859375,59.73160171508789,89.60935974121094,52.43280029296875,160.04591369628906,93.5049819946289,274.5473327636719,356.77752685546875,98.68472290039062,77.3700942993164
2022-06-23,23.8765869140625,36.32350540161133,170.25999450683594,60.15951156616211,90.11536407470703,52.3520393371582,161.9628143310547,94.22477722167969,278.6361389160156,360.2748718261719,99.4953842163086,78.83999633789062
2022-06-24,24.102821350097656,37.18334197998047,170.08999633789062,60.58745193481445,89.7957763671875,53.86857986450195,166.97915649414062,94.3361587524414,288.1831970214844,371.7294006347656,98.11811828613281,80.51746368408203
2022-06-27,24.050613403320312,37.22907638549805,169.89999389648438,60.216064453125,89.28977966308594,53.65321350097656,167.5990447998047,93.47069549560547,286.0703430175781,370.3094787597656,97.28128814697266,80.39639282226562
2022-06-28,24.337759017944336,37.00040054321289,169.6199951171875,59.5539436340332,89.40516662597656,53.27632141113281,164.45191955566406,93.44500732421875,277.3547058105469,362.7430419921875,97.73456573486328,79.41934204101562
2022-06-29,23.920093536376953,36.854042053222656,169.49000549316406,59.46516036987305,90.1242446899414,53.03403091430664,162.78298950195312,94.00198364257812,277.6090087890625,362.4476318359375,99.2600326538086,78.92647552490234
2022-06-30,23.18047523498535,36.680240631103516,168.4600067138672,59.43286895751953,90.81671142578125,52.8096923828125,161.51458740234375,94.28478240966797,274.165771484375,359.5029602050781,100.13172149658203,78.77948760986328
2022-07-01,23.293594360351562,36.451560974121094,168.32000732421875,59.99977493286133,91.79025268554688,52.8814811706543,163.46963500976562,95.47650146484375,275.97540283203125,363.30523681640625,101.15973663330078,80.1975326538086
2022-07-05,21.727344512939453,36.16800308227539,164.75,59.9429817199707,92.12810516357422,51.77772903442383,164.8238525390625,95.45073699951172,280.7001037597656,363.99139404296875,101.95458984375,79.97270202636719
2022-07-06,21.4053955078125,35.94846725463867,162.13999938964844,59.71588897705078,91.3457260131836,51.83156967163086,163.60316467285156,94.97816467285156,282.4998779296875,365.2206726074219,100.24266052246094,79.82573699951172
2022-07-07,22.29293441772461,36.67109680175781,162.22999572753906,60.68912124633789,90.78558349609375,52.612274169921875,167.4750518798828,94.96956634521484,288.5451354980469,370.6906433105469,99.36051940917969,80.04188537597656
2022-07-08,22.68449592590332,36.67109680175781,162.3000030517578,60.7378044128418,90.23432159423828,52.7379035949707,167.4560089111328,94.81488037109375,288.9071044921875,370.3857116699219,98.260009765625,79.61820983886719
2022-07-11,22.6409912109375,35.69234848022461,161.42999267578125,60.39714050292969,90.94559478759766,51.84054183959961,164.08949279785156,95.08126831054688,282.7347106933594,366.15460205078125,99.95442962646484,79.44527435302734
2022-07-12,21.614227294921875,35.55514144897461,160.8300018310547,60.640464782714844,91.15902709960938,51.84054183959961,163.5268096923828,95.21871948242188,279.99578857421875,362.91448974609375,100.54833984375,79.1340103149414
2022-07-13,21.736045837402344,35.472816467285156,161.60000610351562,60.57560348510742,91.55020141601562,51.81362533569336,163.3837890625,95.9318618774414,279.41864013671875,361.008544921875,101.70130157470703,78.75355529785156
2022-07-14,21.53591537475586,35.15266418457031,159.3300018310547,60.4620361328125,91.04341888427734,51.086761474609375,161.70530700683594,95.32185363769531,280.4164123535156,360.1319274902344,100.87152862548828,78.04451751708984
2022-07-15,21.814359664916992,35.33560562133789,159.00999450683594,61.232521057128906,91.35459899902344,51.88541793823242,165.07179260253906,96.08654022216797,285.50299072265625,367.01226806640625,101.43927001953125,79.3674545288086
2022-07-18,22.223325729370117,35.58258056640625,159.16000366210938,60.640464782714844,91.0878677368164,52.17256164550781,164.60450744628906,95.41636657714844,283.08685302734375,363.9818420410156,100.38240051269531,78.805419921875
2022-07-19,22.31033706665039,36.16800308227539,159.5399932861328,61.443397521972656,90.66999053955078,53.51860809326172,170.4123992919922,95.68269348144531,291.79266357421875,373.81634521484375,99.84088134765625,80.84603881835938
2022-07-20,22.29293441772461,36.01249313354492,158.0399932861328,61.71102523803711,90.58109283447266,53.195556640625,173.0826873779297,95.57962036132812,296.4195251464844,376.1987609863281,100.1029281616211,80.65580749511719
2022-07-21,21.91877555847168,36.42412185668945,160.27000427246094,62.44096374511719,91.61243438720703,53.85062789916992,173.96958923339844,96.88561248779297,300.67462158203125,380.02960205078125,101.832275390625,81.29564666748047
2022-07-22,21.657733917236328,36.058231353759766,160.6699981689453,62.359832763671875,92.66157531738281,53.724998474121094,171.1943817138672,97.6331558227539,295.40228271484375,376.5036926269531,103.5442123413086,81.71932220458984
2022-07-25,22.049293518066406,36.18629837036133,160.22999572753906,62.34362030029297,92.33258819580078,54.101898193359375,172.08132934570312,96.80826568603516,293.7197570800781,376.96112060546875,102.53104400634766,81.85768127441406
2022-07-26,22.092802047729492,35.902732849121094,160.0399932861328,61.90567398071289,92.36817932128906,53.36605453491211,171.02273559570312,96.79109954833984,287.9484558105469,372.5012512207031,102.60964965820312,81.94413757324219
2022-07-27,22.597482681274414,36.57048034667969,161.6699981689453,62.5869140625,92.55487823486328,54.58646774291992,174.9137420654297,97.4355239868164,300.11712646484375,382.1737976074219,102.03321075439453,82.43700408935547
2022-07-28,22.614887237548828,36.72598648071289,163.63999938964844,63.2276611328125,93.47063446044922,54.945411682128906,177.3169708251953,98.24319458007812,303.0516357421875,386.9671630859375,102.84544372558594,85.10880279541016
2022-07-29,22.719303131103516,36.55218505859375,164.10000610351562,63.41419219970703,93.50621795654297,55.681251525878906,178.57582092285156,98.47518920898438,308.57830810546875,392.6086730957031,102.56594848632812,85.56710052490234
2022-08-01,22.258129119873047,36.241180419921875,165.02999877929688,63.433753967285156,94.05308532714844,55.74406051635742,178.5090789794922,98.66981506347656,308.39251708984375,391.446044921875,105.0361099243164,84.87535095214844
2022-08-02,22.145009994506836,36.0673828125,164.0500030517578,63.14060592651367,92.75271606445312,54.846702575683594,178.33741760253906,97.46402740478516,307.4730224609375,388.8634948730469,102.81359100341797,83.78588104248047
2022-08-03,21.95357894897461,36.35094451904297,164.4499969482422,63.69427490234375,93.13567352294922,55.223594665527344,180.9600372314453,98.5234146118164,315.8463134765625,394.95294189453125,104.43235778808594,84.05392456054688
2022-08-04,21.718643188476562,36.6070671081543,167.1699981689453,63.865264892578125,93.6077651977539,55.5286979675293,180.57855224609375,98.6784439086914,317.3233642578125,394.6860656738281,104.3973617553711,83.92420959472656
2022-08-05,21.640331268310547,36.64365768432617,165.2899932861328,63.5395622253418,92.25395965576172,55.088993072509766,181.96141052246094,97.34346008300781,314.7312316894531,394.0190734863281,101.91233825683594,84.15768432617188
2022-08-08,21.9013729095459,36.689388275146484,166.69000244140625,63.59654998779297,92.7972412109375,55.23257064819336,183.8878631591797,97.73101043701172,313.71380615234375,393.56158447265625,103.5573501586914,84.90994262695312
2022-08-09,22.0841007232666,36.55218505859375,167.1999969482422,63.12433624267578,92.52114868164062,54.92746353149414,181.37966918945312,97.2917709350586,310.1630859375,391.9988098144531,103.15485382080078,85.3768539428711
2022-08-10,22.388648986816406,37.009544372558594,166.77999877929688,64.06880187988281,92.57460021972656,56.210689544677734,186.55809020996094,98.21332550048828,318.82000732421875,400.2322692871094,102.48108673095703,86.67386627197266
2022-08-11,22.823719024658203,37.15589904785156,166.33999633789062,63.70238494873047,91.96005249023438,56.210689544677734,187.2543182373047,97.26592254638672,317.0103454589844,400.2322692871094,100.09232330322266,86.46633911132812
2022-08-12,22.7018985748291,37.549224853515625,167.8699951171875,64.27233123779297,92.32521057128906,56.62347412109375,191.0785369873047,98.39421081542969,323.1827087402344,407.0078430175781,101.10733032226562,87.95355224609375
2022-08-15,22.4234561920166,37.37543487548828,165.7100067138672,64.15835571289062,92.6191177368164,56.255558013916016,191.7556610107422,98.3253173828125,325.79443359375,408.6850280761719,101.01982116699219,88.30809020996094
2022-08-16,22.17111587524414,37.36628723144531,165.4199981689453,63.85712432861328,92.51225280761719,56.255558013916016,191.6793670654297,97.94634246826172,325.0314636230469,409.48553466796875,101.43982696533203,88.07461547851562
2022-08-17,22.258129119873047,37.210777282714844,164.35000610351562,63.19761276245117,91.8887939453125,55.76201248168945,188.45590209960938,97.0247573852539,321.3241271972656,406.5790100097656,100.38105010986328,87.54718017578125
2022-08-18,22.597482681274414,37.00040054321289,163.9199981689453,63.295291900634766,92.06692504882812,55.57356262207031,189.7052459716797,97.27452850341797,322.096923828125,407.76068115234375,100.52981567382812,86.96784973144531
2022-08-19,22.58877944946289,36.49729537963867,162.72000122070312,62.65208435058594,91.27423095703125,54.78388595581055,185.633056640625,96.12036895751953,315.81695556640625,402.28125,98.91105651855469,86.05130767822266
2022-08-22,22.78891372680664,36.177146911621094,161.63999938964844,61.94374465942383,90.8734359741211,53.81473922729492,181.808837890625,95.47442626953125,307.5023498535156,393.9046630859375,98.57854461669922,84.17498016357422
2022-08-23,23.16307258605957,36.369239807128906,162.77000427246094,62.09844207763672,90.65077209472656,53.86857986450195,182.10443115234375,95.57777404785156,307.2480773925781,392.9517822265625,98.0360336303711,83.09415435791016
2022-08-24,23.40671157836914,36.36009216308594,163.25,62.171722412109375,90.34795379638672,53.95831298828125,183.49684143066406,95.29354858398438,308.13818359375,394.2096252441406,97.31854248046875,83.56971740722656
2022-08-25,23.07605743408203,37.14675521850586,163.75,62.7579460144043,90.92688751220703,54.54159927368164,186.3483123779297,96.27543640136719,313.5867004394531,399.7748718261719,98.67478942871094,84.8148422241211
2022-08-26,23.171772003173828,36.59791564941406,161.75999450683594,61.72391891479492,90.81999969482422,53.08787536621094,180.2257080078125,95.6983642578125,300.7333984375,386.2428894042969,99.4185791015625,82.67911529541016
2022-08-29,23.511127471923828,36.369239807128906,161.86000061035156,61.48777770996094,90.30342102050781,52.998138427734375,178.56629943847656,94.9920883178711,297.7694396972656,383.68902587890625,98.5960693359375,81.93550872802734
2022-08-30,22.858524322509766,35.9393196105957,160.50999450683594,61.015567779541016,90.2767105102539,52.666114807128906,176.06768798828125,95.11267852783203,294.453369140625,379.4769592285156,98.84103393554688,80.80280303955078
2022-08-31,22.37994956970215,36.0673828125,159.27000427246094,60.681758880615234,89.90263366699219,52.30717086791992,174.99954223632812,94.11356353759766,292.7415771484375,376.5894775390625,97.89602661132812,80.4223403930664
2022-09-01,21.9013729095459,35.783817291259766,157.8699951171875,60.84211730957031,89.18793487548828,51.57133865356445,173.09219360351562,93.54698181152344,292.8686828613281,377.7711486816406,96.10372161865234,80.5693588256836
2022-09-02,22.049293518066406,35.45451736450195,159.25999450683594,60.80120849609375,89.68763732910156,51.221370697021484,171.74752807617188,93.6160888671875,288.7309875488281,373.78778076171875,96.64739990234375,79.44527435302734
2022-09-06,21.91877555847168,35.033748626708984,158.3300018310547,60.63755798339844,88.68830871582031,51.06881332397461,170.0500030517578,92.34646606445312,286.6572265625,372.37738037109375,94.25357818603516,80.16294860839844
2022-09-07,21.396692276000977,35.344749450683594,159.94000244140625,61.513023376464844,89.26824188232422,51.508522033691406,173.75025939941406,93.6074447631836,292.4481506347656,379.0671691894531,95.74425506591797,81.72798156738281
2022-09-08,21.483707427978516,35.15266418457031,158.97999572753906,61.78306579589844,88.9381103515625,51.589290618896484,175.1998291015625,93.39153289794922,293.96429443359375,381.5447692871094,94.76216125488281,81.95278930664062
2022-09-09,22.092802047729492,35.67405319213867,159.82000732421875,62.028533935546875,88.94703674316406,52.92634963989258,178.7188720703125,93.6074447631836,300.3909912109375,387.4721984863281,94.97258758544922,82.84339904785156
2022-09-12,22.39735221862793,36.204593658447266,160.6300048828125,62.21670913696289,88.73290252685547,53.61731719970703,180.8837432861328,93.40016174316406,303.9613952636719,391.63665771484375,94.19217681884766,83.64752960205078
2022-09-13,22.28423500061035,35.0886344909668,158.5399932861328,60.80120849609375,88.23326873779297,51.75978088378906,173.80747985839844,92.72650146484375,287.29302978515625,374.6073913574219,94.41139221191406,80.4482650756836
2022-09-14,22.37994956970215,35.262428283691406,157.92999267578125,60.89122009277344,88.27786254882812,51.93926239013672,174.4845733642578,93.16697692871094,289.5722351074219,376.03668212890625,94.73585510253906,79.53174591064453
2022-09-15,21.727344512939453,34.88739776611328,154.97999572753906,60.50663757324219,87.97449493408203,51.472625732421875,173.21620178222656,92.71786499023438,284.7497863769531,371.76751708984375,94.67445373535156,78.06181335449219
2022-09-16,21.649032592773438,34.5672492980957,155.83999633789062,60.71123123168945,88.04585266113281,51.18547439575195,170.69850158691406,92.50190734863281,283.0085754394531,368.93133544921875,93.88528442382812,78.07044982910156
2022-09-19,21.718643188476562,34.677005767822266,155.9600067138672,60.94029235839844,87.79606628417969,51.320072174072266,172.1576385498047,92.65740966796875,285.2124328613281,371.7923889160156,94.10447692871094,77.95806121826172
2022-09-20,21.69253921508789,34.48491668701172,155.07000732421875,60.318458557128906,87.25181579589844,50.43168640136719,169.81153869628906,91.73322296142578,282.93902587890625,367.52471923828125,93.16626739501953,76.064453125
2022-09-21,21.5620174407959,33.90864181518555,155.7899932861328,60.13846206665039,87.59974670410156,49.794559478759766,167.21755981445312,92.07872009277344,277.87274169921875,361.11370849609375,94.72705841064453,74.86256408691406
2022-09-22,21.622926712036133,33.74399948120117,155.6999969482422,59.778446197509766,86.27926635742188,49.642005920410156,163.4505615234375,90.78314208984375,274.45269775390625,358.0804443359375,92.30693054199219,73.91143035888672
2022-09-23,20.892011642456055,32.91160202026367,153.00999450683594,59.017520904541016,86.38633728027344,48.01778030395508,159.55955505371094,90.52405548095703,269.984130859375,352.080810546875,92.68399047851562,72.92900848388672
2022-09-26,20.404733657836914,32.50912857055664,151.22999572753906,58.322044372558594,84.9498291015625,47.272979736328125,157.37486267089844,88.95214080810547,268.8670349121094,348.5978088378906,90.91275024414062,70.88380432128906
2022-09-27,20.622270584106445,32.4725341796875,151.5399932861328,58.19929504394531,84.36984252929688,46.94992446899414,157.9116973876953,87.61337280273438,268.974853515625,347.7079162597656,88.51889038085938,69.93983459472656
2022-09-28,21.196561813354492,32.75609588623047,154.69000244140625,59.23842239379883,86.27033233642578,48.05367660522461,162.9060821533203,89.37532806396484,274.3252868652344,354.5495910644531,91.48269653320312,71.39073944091797
2022-09-29,21.0660400390625,32.024330139160156,154.66000366210938,58.682064056396484,85.86883544921875,47.41655731201172,159.2537384033203,88.71028137207031,266.417236328125,347.1434020996094,91.00920104980469,69.29307556152344
2022-09-30,20.80499839782715,31.90540885925293,154.6699981689453,58.412017822265625,85.6457748413086,47.26399612426758,158.09384155273438,88.48572540283203,261.899658203125,341.7752685546875,89.83422088623047,70.0709457397461
2022-10-03,21.274873733520508,32.42679977416992,158.42999267578125,59.17756271362305,86.6622314453125,48.224178314208984,162.282958984375,90.1226806640625,268.0438232421875,350.7986755371094,91.26161193847656,71.32080078125
2022-10-04,21.849164962768555,33.487876892089844,160.6999969482422,60.45201873779297,86.84101867675781,50.20735168457031,168.7152099609375,90.53864288330078,276.47137451171875,361.66864013671875,91.0067138671875,72.76295471191406
2022-10-05,22.240724563598633,33.50617218017578,159.80999755859375,60.213592529296875,86.0185775756836,49.570220947265625,167.4690704345703,89.85404205322266,276.324462890625,360.8266296386719,90.13655090332031,71.33828735351562
2022-10-06,22.37994956970215,33.304927825927734,159.6300048828125,60.03268814086914,85.5447769165039,48.744651794433594,166.5296173095703,89.64606475830078,274.1489562988281,357.1043701171875,89.63558197021484,69.35424041748047
2022-10-07,22.614887237548828,32.609745025634766,157.8800048828125,59.300880432128906,85.12455749511719,47.990867614746094,161.631103515625,88.75350189208984,263.7027587890625,347.1434020996094,88.765380859375,67.6848373413086
2022-10-10,22.362546920776367,32.152381896972656,155.47999572753906,58.57731628417969,84.62397003173828,47.67679214477539,160.72999572753906,87.95626831054688,261.0666809082031,344.4928283691406,87.38545227050781,67.04679870605469
2022-10-11,22.04059600830078,31.640140533447266,155.16000366210938,58.75819396972656,84.83848571777344,47.15631866455078,160.77793884277344,87.7742919921875,257.4801025390625,342.3111572265625,87.77218627929688,67.7285385131836
2022-10-12,22.04059600830078,31.676733016967773,155.99000549316406,58.85686111450195,85.11563873291016,46.97684860229492,160.33697509765625,87.67029571533203,257.3919372558594,341.18206787109375,88.20288848876953,67.02056884765625
2022-10-13,22.34514045715332,31.768207550048828,154.91000366210938,58.98843765258789,84.75804138183594,47.97291564941406,164.30563354492188,87.82626342773438,263.4283447265625,350.18621826171875,87.35906219482422,68.24421691894531
2022-10-14,21.9013729095459,31.292545318603516,152.97999572753906,58.79930114746094,84.28424072265625,47.237083435058594,159.9055938720703,86.98571014404297,255.5104522705078,342.2059631347656,86.63829803466797,66.54859924316406
2022-10-17,21.849164962768555,32.152381896972656,153.4199981689453,59.52289581298828,84.37361907958984,48.40364456176758,165.0054168701172,87.40165710449219,263.94775390625,350.99951171875,86.21641540527344,69.05708312988281
2022-10-18,21.614227294921875,32.161529541015625,153.75,59.942256927490234,84.58819580078125,48.75362014770508,166.9609832763672,87.9216079711914,266.0350646972656,355.1236572265625,86.41858673095703,69.80872344970703
2022-10-19,21.605527877807617,31.57611083984375,151.69000244140625,59.366676330566406,83.70317077636719,48.10752487182617,164.12350463867188,86.71707153320312,265.0648498535156,352.60711669921875,84.84527587890625,68.06940460205078
2022-10-20,21.622926712036133,31.777353286743164,151.4499969482422,59.03779602050781,83.0773696899414,48.03573226928711,162.03372192382812,85.96317291259766,263.7125549316406,349.650390625,83.39498138427734,67.7722396850586
2022-10-21,21.649032592773438,32.26215362548828,154.14999389648438,59.60511779785156,83.2651138305664,48.888221740722656,165.5518341064453,86.20580291748047,269.8960266113281,358.1473693847656,81.8919677734375,68.30541229248047
2022-10-24,21.709941864013672,31.036426544189453,153.64999389648438,59.64623260498047,83.1578140258789,48.85232925415039,166.2611846923828,86.16248321533203,272.865234375,362.52984619140625,81.2151870727539,68.29667663574219
2022-10-25,21.83176040649414,31.292545318603516,154.0,60.221805572509766,84.19486999511719,49.96506118774414,170.79541015625,87.31500244140625,278.50970458984375,368.3189392089844,83.57955169677734,70.97991943359375
2022-10-26,22.240724563598633,31.804790496826172,154.97999572753906,60.38627243041992,84.62397003173828,50.44065856933594,171.6389923095703,87.713623046875,272.35565185546875,365.5439758300781,84.78375244140625,70.93624114990234
2022-10-27,22.275531768798828,31.557811737060547,154.74000549316406,60.830299377441406,85.2229232788086,50.00992965698242,171.6773223876953,88.12091827392578,267.39715576171875,363.59197998046875,85.67149353027344,71.04109191894531
2022-10-28,22.014490127563477,31.365724563598633,153.16000366210938,61.298973083496094,84.78486633300781,50.47655487060547,175.578857421875,88.30289459228516,275.57965087890625,372.2420654296875,85.08258819580078,72.60562896728516
2022-10-31,21.857866287231445,31.274253845214844,151.91000366210938,60.37804412841797,84.40045928955078,50.00095748901367,175.74180603027344,87.82626342773438,272.375244140625,369.55328369140625,84.47611236572266,72.52696990966797
2022-11-01,22.188518524169922,31.850528717041016,153.4600067138672,60.74122619628906,84.38520812988281,50.44065856933594,175.98150634765625,88.45818328857422,269.5921630859375,367.9361877441406,85.26557159423828,72.50074768066406
2022-11-02,22.388648986816406,31.585256576538086,152.38999938964844,60.18819808959961,84.24187469482422,49.72277069091797,170.1435546875,88.03227233886719,260.3513488769531,358.702392578125,84.89552307128906,70.5079574584961
2022-11-03,22.371246337890625,31.768207550048828,151.80999755859375,59.75898742675781,83.87457275390625,49.28306198120117,169.0028076171875,87.71936798095703,255.2654571533203,355.0088195800781,84.43732452392578,70.41181945800781
2022-11-04,23.128267288208008,33.11283874511719,156.47000122070312,60.17169952392578,83.69538879394531,51.18547439575195,171.28431701660156,87.89320373535156,259.3714904785156,360.1185302734375,83.01873016357422,71.37325286865234
2022-11-07,22.92813491821289,33.13113784790039,155.85000610351562,60.16344451904297,83.39971923828125,51.40083694458008,172.060791015625,87.57157897949219,262.2230224609375,363.56329345703125,82.19047546386719,71.37325286865234
2022-11-08,22.649690628051758,33.36895751953125,159.4499969482422,60.10566329956055,83.95521545410156,52.02001953125,172.12783813476562,87.9366455078125,264.1339111328125,365.52484130859375,83.08924102783203,71.59175872802734
2022-11-09,22.127609252929688,32.79268264770508,158.64999389648438,59.38755798339844,84.24187469482422,51.266231536865234,167.40194702148438,87.71067810058594,258.03863525390625,357.9942932128906,83.36238098144531,70.85755920410156
2022-11-10,22.327741622924805,33.9818229675293,163.47999572753906,61.2364616394043,86.13224029541016,54.155731201171875,177.7069549560547,90.6485595703125,277.07891845703125,377.66754150390625,86.56964111328125,76.0405502319336
2022-11-11,22.754108428955078,34.90569305419922,164.55999755859375,61.4510498046875,85.95306396484375,55.25051498413086,179.1640625,90.89191436767578,282.1844482421875,381.32281494140625,86.25242614746094,76.03182220458984
2022-11-14,22.41475486755371,34.69530487060547,164.9199981689453,60.99708938598633,85.74697875976562,54.6313362121582,177.16055297851562,90.43128967285156,279.7149658203125,378.0789794921875,86.04096984863281,74.17888641357422
2022-11-15,22.67579460144043,35.491111755371094,165.5,61.53361511230469,86.3830795288086,54.9992561340332,179.7871856689453,91.69160461425781,283.5858459472656,381.3037109375,87.43312072753906,74.98297882080078
2022-11-16,22.4234561920166,34.92398452758789,165.1199951171875,61.40155029296875,87.01918029785156,54.846702575683594,176.6237335205078,92.47386932373047,279.7149658203125,378.394775390625,89.34516906738281,74.3012466430664
2022-11-17,22.049293518066406,34.98801803588867,163.9199981689453,61.13741683959961,86.42789459228516,54.81978225708008,174.9845428466797,91.97843933105469,279.09765625,377.2369689941406,88.40234375,73.79430389404297
2022-11-18,21.89267349243164,34.78676986694336,162.7899932861328,61.269474029541016,86.1232681274414,54.918495178222656,176.11569213867188,91.96974182128906,279.1074523925781,378.9497985839844,87.79442596435547,74.72950744628906
2022-11-21,21.814359664916992,34.34770965576172,161.8800048828125,61.244728088378906,86.06952667236328,54.523658752441406,175.19544982910156,91.83068084716797,276.236328125,377.5718688964844,88.16445922851562,75.12283325195312
2022-11-22,22.04059600830078,34.430030822753906,162.07000732421875,61.6904411315918,86.56227111816406,55.27743911743164,177.06472778320312,92.647705078125,280.21478271484375,382.65289306640625,89.41564178466797,75.53363037109375
2022-11-23,21.736045837402344,34.713600158691406,163.0800018310547,62.037105560302734,87.02816009521484,55.9145622253418,177.5248260498047,93.5777816772461,283.0272216796875,385.0641784667969,90.97523498535156,75.59481048583984
2022-11-25,21.544614791870117,34.5489501953125,163.22000122070312,61.913291931152344,87.00125885009766,56.219669342041016,177.898681640625,93.67333984375,281.1653747558594,384.9780578613281,90.66683197021484,76.07552337646484
2022-11-28,21.41409683227539,34.39344787597656,161.92999267578125,61.2612190246582,87.03710174560547,55.4569091796875,174.31350708007812,92.9953842163086,277.0397644042969,378.83489990234375,90.92235565185547,74.03903198242188
2022-11-29,21.69253921508789,35.134368896484375,162.72999572753906,61.525352478027344,86.66978454589844,55.609458923339844,174.82154846191406,92.53475952148438,274.9427185058594,378.18426513671875,89.85621643066406,75.26268005371094
2022-11-30,22.17981719970703,36.14971160888672,164.80999755859375,62.44981384277344,87.44921875,56.578609466552734,179.6146240234375,93.6646728515625,287.4761657714844,390.09735107421875,90.51705169677734,76.98451232910156
2022-12-01,22.06669807434082,36.030792236328125,167.83999633789062,62.681060791015625,88.40437316894531,57.10805130004883,179.22161865234375,94.83662414550781,287.8289794921875,389.8102722167969,93.40865325927734,76.81844329833984
2022-12-02,21.83176040649414,36.16800308227539,167.25999450683594,62.63132095336914,88.58386993408203,57.117027282714844,180.26649475097656,95.41211700439453,286.6824035644531,389.36053466796875,94.5833511352539,76.5911865234375
2022-12-05,21.266172409057617,35.756378173828125,164.38999938964844,62.034515380859375,87.68621063232422,56.336326599121094,175.3008575439453,94.60116577148438,281.8709411621094,382.35626220703125,93.25851440429688,75.19275665283203
2022-12-06,20.926816940307617,35.71064376831055,164.83999633789062,61.81074523925781,88.22480010986328,56.04916763305664,172.6167755126953,94.888916015625,276.0304260253906,376.8446350097656,94.4596939086914,74.48479461669922
2022-12-07,20.82240104675293,35.5002555847168,166.3300018310547,62.15056228637695,88.996826171875,56.040191650390625,172.1086883544922,95.94400024414062,274.9035339355469,376.20355224609375,96.68541717529297,74.63339233398438
2022-12-08,20.787595748901367,35.930171966552734,166.47000122070312,62.20030975341797,88.49414825439453,56.336326599121094,173.35488891601562,95.6388168334961,278.15692138671875,379.15069580078125,96.42045593261719,75.15778350830078
2022-12-09,20.81369972229004,35.69234848022461,167.05999755859375,62.20030975341797,87.83882904052734,56.399131774902344,171.22677612304688,94.923828125,276.3832092285156,376.31829833984375,93.91210174560547,75.01795196533203
2022-12-12,21.039934158325195,35.58258056640625,165.67999267578125,62.4406852722168,87.71312713623047,56.497840881347656,173.23985290527344,94.8017578125,279.85223388671875,381.74383544921875,94.21239471435547,75.59481048583984
2022-12-13,21.38799285888672,35.8370361328125,168.50999450683594,63.08722686767578,88.50311279296875,57.359413146972656,174.67478942871094,95.63013458251953,282.86065673828125,384.63360595703125,95.12211608886719,76.99325561523438
2022-12-14,21.55331802368164,35.85560989379883,168.10000610351562,62.73077392578125,88.7455062866211,57.296260833740234,173.52879333496094,95.71729278564453,280.7635192871094,382.1744384765625,95.52837371826172,76.46883392333984
2022-12-15,21.29227638244629,35.02910232543945,165.35000610351562,62.49414825439453,88.91820526123047,55.85280227661133,169.18548583984375,95.79779815673828,271.3364562988281,372.8257751464844,95.9011459350586,75.44622802734375
2022-12-16,21.022533416748047,35.13125228881836,166.7899932861328,62.16085433959961,88.6933364868164,55.41073989868164,167.92391967773438,95.38672637939453,268.7493591308594,368.4241638183594,94.8298568725586,73.49712371826172
2022-12-19,20.98314094543457,35.159114837646484,166.32000732421875,61.84419250488281,87.9737548828125,55.26639938354492,165.65115356445312,94.42461395263672,264.9725646972656,365.29998779296875,93.23621368408203,72.56193542480469
2022-12-20,21.079435348510742,35.14982604980469,169.0800018310547,61.68589782714844,87.33517456054688,55.46487045288086,166.52749633789062,93.3138427734375,264.7662658691406,365.7999267578125,91.58061218261719,72.37837219238281
2022-12-21,21.35080337524414,35.46556854248047,168.8000030517578,62.21084213256836,87.4430923461914,56.00617218017578,169.3973388671875,93.95232391357422,268.6070556640625,371.2695617675781,91.81077575683594,72.99895477294922
2022-12-22,21.079435348510742,35.14982604980469,166.75999450683594,61.82754135131836,87.4161605834961,55.600196838378906,167.18240356445312,93.92608642578125,262.0355224609375,365.97296142578125,91.79309844970703,72.69225311279297
2022-12-23,21.4646053314209,35.103389739990234,167.25999450683594,61.98586654663086,87.0203628540039,55.80769348144531,167.9431610107422,93.637451171875,262.6249084472656,368.0780944824219,90.44738006591797,73.33931732177734
2022-12-27,21.657190322875977,35.62343978881836,168.6699981689453,61.34428405761719,86.29182434082031,55.888893127441406,166.8164520263672,92.43046569824219,258.91180419921875,366.6266174316406,88.6589584350586,73.3127212524414
2022-12-28,21.412080764770508,35.103389739990234,167.91000366210938,60.51933670043945,86.0849609375,55.28443908691406,164.225830078125,92.14185333251953,255.4934844970703,362.0701904296875,88.13661193847656,72.06293487548828
2022-12-29,21.385820388793945,35.68844985961914,168.85000610351562,61.3026008605957,86.50769805908203,56.18659973144531,168.3861846923828,92.7978286743164,261.72119140625,368.58758544921875,89.13705444335938,73.64067077636719
2022-12-30,21.578407287597656,35.196258544921875,169.63999938964844,61.35260009765625,86.14794158935547,55.609222412109375,167.91429138183594,92.21183013916016,261.56402587890625,367.61669921875,88.14545440673828,73.10884857177734
2023-01-03,21.061925888061523,35.49343490600586,171.05999755859375,61.46924591064453,86.82247924804688,56.087364196777344,166.9897918701172,92.85030364990234,259.7958984375,366.0691223144531,89.82762908935547,73.17975616455078
2023-01-04,20.685508728027344,36.5613899230957,172.6699981689453,62.177486419677734,87.48808288574219,56.80909729003906,169.06993103027344,93.52376556396484,261.0335693359375,368.89520263671875,91.0582504272461,74.83729553222656
2023-01-05,20.580459594726562,36.449954986572266,170.52000427246094,62.052528381347656,87.36215209960938,56.21366500854492,167.25941467285156,93.45376586914062,256.947265625,364.68487548828125,91.43896484375,72.82521057128906
2023-01-06,20.694259643554688,37.211456298828125,173.7100067138672,62.93576431274414,88.48645782470703,57.657127380371094,171.01528930664062,94.98436737060547,264.0393981933594,373.0478820800781,93.12113952636719,74.78411865234375
2023-01-09,20.93937110900879,37.490047454833984,174.10000610351562,63.16075134277344,88.71131134033203,57.90973663330078,171.30418395996094,95.3604736328125,265.7485656738281,372.8363037109375,93.61692810058594,74.81069946289062
2023-01-10,20.93937110900879,37.75935745239258,174.74000549316406,63.08575439453125,88.15364837646484,58.03603744506836,173.83692932128906,95.036865234375,267.9980163574219,375.45098876953125,92.06756591796875,74.9791259765625
2023-01-11,21.31578826904297,37.917240142822266,174.6199951171875,63.50239181518555,88.72029876708984,58.505149841308594,176.0037841796875,95.85027313232422,272.6344299316406,380.19964599609375,93.5638198852539,77.66485595703125
2023-01-12,21.490867614746094,38.102970123291016,176.63999938964844,63.8607063293457,89.51179504394531,59.380252838134766,178.9602813720703,96.9347915649414,274.10784912109375,381.5838928222656,95.40533447265625,78.64873504638672
2023-01-13,21.700963973999023,38.35370635986328,178.75999450683594,63.8607063293457,89.03511047363281,59.65090560913086,180.1351776123047,96.61994171142578,275.9938049316406,383.0643005371094,94.51113891601562,78.1612319946289
2023-01-17,21.84977912902832,38.14011001586914,177.58999633789062,63.644065856933594,88.7562484741211,59.8674201965332,179.91366577148438,96.27007293701172,276.5538024902344,382.36248779296875,93.90023803710938,78.3828353881836
2023-01-18,21.613422393798828,37.880096435546875,177.0800018310547,63.71902847290039,89.9615249633789,59.65991973876953,177.0053253173828,97.39835357666016,272.9585876464844,376.3258361816406,96.17558288574219,77.2394027709961
2023-01-19,21.832271575927734,38.16797637939453,179.88999938964844,63.34407043457031,89.7906265258789,59.53361892700195,175.31036376953125,97.19719696044922,270.2768859863281,373.586181640625,95.57356262207031,76.81392669677734
2023-01-20,21.963579177856445,38.753028869628906,179.2899932861328,63.46908187866211,89.1969985961914,60.092960357666016,178.19944763183594,96.68990325927734,277.673583984375,380.5457458496094,94.024169921875,77.7269058227539
2023-01-23,22.016103744506836,39.03162384033203,179.6300048828125,63.460750579833984,88.90917205810547,60.31850051879883,180.40481567382812,96.4100341796875,283.8424072265625,385.1117248535156,93.58150482177734,78.08145141601562
2023-01-24,21.8935489654541,39.059486389160156,180.27999877929688,63.50239181518555,89.421875,60.30046463012695,180.0196075439453,96.91729736328125,283.2627868652344,384.6983642578125,94.92723846435547,78.2764663696289
2023-01-25,21.832271575927734,39.09663009643555,181.11000061035156,63.49404525756836,89.52079772949219,60.670345306396484,180.5203857421875,96.96102905273438,282.63409423828125,384.8425598144531,95.15746307373047,78.3119125366211
2023-01-26,21.92856216430664,39.468101501464844,179.47000122070312,63.65239334106445,89.1969985961914,60.70642852783203,181.58932495117188,96.92607879638672,288.144775390625,389.0721740722656,94.71475982666016,79.18942260742188
2023-01-27,21.683454513549805,39.28236770629883,179.22000122070312,63.460750579833984,89.06209564208984,60.59817123413086,182.57164001464844,96.64618682861328,291.0130310058594,389.96612548828125,94.4757308959961,80.07581329345703
2023-01-30,21.403329849243164,38.49300765991211,178.75999450683594,63.11076354980469,88.78324890136719,60.19219970703125,180.0292510986328,96.27882385253906,285.1291198730469,385.0732727050781,94.13042449951172,79.05648040771484
2023-01-31,21.770994186401367,38.409420013427734,179.41000366210938,63.602386474609375,89.23296356201172,60.50795364379883,184.40139770507812,96.96980285644531,289.40203857421875,390.73516845703125,94.88298034667969,80.7140121459961
2023-02-01,21.359560012817383,38.8830451965332,181.6699981689453,64.27054595947266,89.874755859375,61.07630920410156,187.30014038085938,97.95413970947266,295.5905456542969,394.8877868652344,96.02359008789062,81.21039581298828
2023-02-02,21.201988220214844,38.650875091552734,177.89999389648438,64.63895416259766,89.83868408203125,61.07630920410156,190.98855590820312,98.09452056884766,306.1992492675781,400.6361999511719,96.14783477783203,83.0540542602539
2023-02-03,20.668001174926758,37.96367263793945,173.4600067138672,63.96073913574219,88.87423706054688,60.41774368286133,189.70773315429688,96.9803237915039,300.7573547363281,396.3777770996094,94.70989227294922,81.49403381347656
2023-02-06,20.729276657104492,37.40646743774414,173.82000732421875,63.55048751831055,88.10806274414062,59.79524612426758,186.9630584716797,96.23458099365234,298.2132263183594,393.95538330078125,94.00868225097656,80.90015411376953
2023-02-07,21.12320327758789,37.5550537109375,173.97999572753906,63.776554107666016,87.89175415039062,60.29143524169922,188.349853515625,95.91874694824219,304.3918151855469,399.1077575683594,93.25418090820312,80.7228775024414
2023-02-08,21.16697120666504,37.50862121582031,174.41000366210938,63.50862503051758,88.21624755859375,59.93057632446289,185.59556579589844,96.01528930664062,298.9794616699219,394.7436828613281,93.69798278808594,80.34172821044922
2023-02-09,21.000646591186523,37.6850700378418,173.02999877929688,63.09833526611328,87.81965637207031,60.05687713623047,182.90872192382812,95.20811462402344,296.33709716796875,391.32147216796875,92.81035614013672,79.46422576904297
2023-02-10,21.298282623291016,37.32289123535156,173.36000061035156,62.61269760131836,87.39598846435547,59.732093811035156,183.27464294433594,94.54134368896484,294.3921813964844,392.2347106933594,91.77184295654297,79.73899841308594
2023-02-13,21.254512786865234,37.62935256958008,172.47999572753906,62.77177810668945,87.60336303710938,60.32752227783203,185.4800262451172,94.89225769042969,299.1071472167969,396.83917236328125,92.54408264160156,80.44808959960938
2023-02-14,21.324542999267578,37.56435012817383,172.61000061035156,62.78852844238281,87.20671081542969,60.4357795715332,185.393310546875,94.65538787841797,301.3172912597656,396.65655517578125,92.3310546875,79.80990600585938
2023-02-15,21.096942901611328,37.248600006103516,170.88999938964844,62.688053131103516,86.9453353881836,60.1470832824707,187.271240234375,94.29569244384766,303.62567138671875,397.94464111328125,91.4700927734375,80.12899780273438
2023-02-16,21.035663604736328,37.25788879394531,170.75,62.185691833496094,86.65689849853516,59.885459899902344,185.4800262451172,93.54117584228516,297.9283447265625,392.4654235839844,90.17411804199219,79.3489761352539
2023-02-17,20.878093719482422,36.84927749633789,171.25999450683594,62.42849349975586,86.9002685546875,60.03883361816406,185.99041748046875,93.90963745117188,295.8262634277344,391.48492431640625,90.8753433227539,79.03874206542969
2023-02-21,20.904354095458984,36.384944915771484,170.6199951171875,61.46561050415039,85.9538345336914,59.362213134765625,180.5010986328125,92.57609558105469,288.822509765625,383.63140869140625,89.10895538330078,77.4521255493164
2023-02-22,20.632984161376953,36.208499908447266,169.66000366210938,61.867515563964844,86.10704040527344,59.019386291503906,180.99227905273438,92.83930969238281,289.0386047363281,383.10272216796875,89.92556762695312,76.75186157226562
2023-02-23,20.79055404663086,36.384944915771484,169.57000732421875,62.47873306274414,86.44054412841797,59.353187561035156,182.28274536132812,93.56751251220703,291.5631103515625,385.14056396484375,90.80430603027344,77.3280258178711
2023-02-24,20.720523834228516,35.56772232055664,168.35000610351562,62.10195541381836,85.91778564453125,58.38787841796875,180.57815551757812,92.86564636230469,286.6811828613281,381.0263366699219,89.62376403808594,75.97187042236328
2023-02-27,20.73802947998047,35.753456115722656,169.00999450683594,62.52059555053711,86.17915344238281,59.1005859375,181.21377563476562,92.8919448852539,288.734130859375,382.3241271972656,89.87232208251953,76.08709716796875
2023-02-28,20.79930877685547,35.50271987915039,169.77999877929688,62.40338134765625,86.31439208984375,58.667545318603516,181.223388671875,92.92703247070312,288.3608703613281,380.9110107421875,90.28063201904297,75.98072052001953
2023-03-01,21.158218383789062,36.264217376708984,170.75999450683594,62.22648620605469,85.62431335449219,59.010372161865234,181.4545135498047,92.34772491455078,286.0427551269531,379.449951171875,89.31071472167969,75.0234375
2023-03-02,21.079435348510742,36.394229888916016,170.66000366210938,62.302303314208984,85.2720718383789,59.08253479003906,181.88790893554688,92.42696380615234,288.4099426269531,382.4009704589844,88.51878356933594,75.90094757080078
2023-03-03,21.412080764770508,36.71926498413086,172.49000549316406,62.942508697509766,85.95848846435547,59.94861602783203,184.420654296875,93.47463989257812,294.37249755859375,388.5338439941406,90.66322326660156,77.05325317382812
2023-03-06,21.307035446166992,36.58925247192383,171.6199951171875,62.942508697509766,85.80496215820312,59.831336975097656,181.7241668701172,93.21934509277344,294.7064514160156,388.8030090332031,89.96025848388672,76.75186157226562
2023-03-07,20.869338989257812,35.97633361816406,168.6199951171875,62.49604415893555,85.81399536132812,58.811893463134766,179.61512756347656,92.95520782470703,291.0915832519531,382.8431701660156,90.5119857788086,74.9614028930664
2023-03-08,20.755537033081055,36.12492370605469,168.5399932861328,62.20119857788086,85.7868881225586,59.11861801147461,179.70181274414062,92.80555725097656,292.5454406738281,383.4680480957031,90.6009521484375,75.8211898803711
2023-03-09,20.501676559448242,35.326271057128906,170.1999969482422,61.85584259033203,86.31978607177734,58.67656707763672,174.7036590576172,92.71749114990234,287.4768371582031,376.3930358886719,90.82340240478516,74.0838623046875
2023-03-10,20.720523834228516,35.140541076660156,173.8699951171875,61.8642692565918,87.90943145751953,58.0630989074707,169.66700744628906,94.04695129394531,283.4395751953125,370.96197509765625,93.95552825927734,71.62858581542969
2023-03-13,20.589214324951172,35.196258544921875,177.86000061035156,61.52732849121094,88.97523498535156,57.63908004760742,166.90309143066406,94.12621307373047,285.5417175292969,370.4332275390625,94.16911315917969,72.56816864013672
2023-03-14,20.326597213745117,35.21482849121094,176.8300018310547,61.97378921508789,88.13521575927734,58.405921936035156,169.99441528320312,93.84443664550781,292.1034240722656,376.5564880371094,92.62084197998047,73.26840209960938
2023-03-15,19.853885650634766,34.611202239990234,178.2100067138672,61.7715950012207,89.40876770019531,56.628662109375,167.19200134277344,94.74250030517578,293.6358337402344,374.20135498046875,94.40937805175781,73.2152099609375
2023-03-16,19.915164947509766,35.140541076660156,178.57000732421875,62.175926208496094,88.60491180419922,57.43158721923828,169.4744110107422,94.60161590576172,301.376220703125,380.76678466796875,93.6707992553711,73.0556640625
2023-03-17,19.853885650634766,34.92694854736328,183.77000427246094,61.80527877807617,89.65264892578125,56.76398468017578,164.89999389648438,95.07704162597656,299.95184326171875,376.3146057128906,95.07674407958984,71.39812469482422
2023-03-20,19.93267059326172,35.05695724487305,183.83999633789062,61.63682174682617,89.2913589477539,57.6661491394043,167.0379180908203,94.79534149169922,301.0163879394531,379.93310546875,94.24031066894531,72.21360778808594
2023-03-21,20.002702713012695,35.37269973754883,180.3699951171875,62.31073760986328,88.51457977294922,58.478092193603516,170.11962890625,95.25313568115234,305.31561279296875,384.921875,93.43058013916016,71.89450073242188
2023-03-22,20.055225372314453,35.51200866699219,183.44000244140625,62.36968994140625,89.67973327636719,58.243526458740234,165.2948455810547,95.80780029296875,301.1639709472656,378.36029052734375,94.67630004882812,69.20877075195312
2023-03-23,20.002702713012695,36.00419616699219,185.74000549316406,62.125389099121094,90.19453430175781,58.306678771972656,164.56117248535156,96.0807113647461,304.7352294921875,379.38311767578125,94.67630004882812,68.77444458007812
2023-03-24,20.0989933013916,35.91132354736328,183.64999389648438,61.99901580810547,90.2216567993164,58.0630989074707,166.0497589111328,96.38008117675781,305.8567199707031,381.8726806640625,95.07674407958984,70.53811645507812
2023-03-27,20.475412368774414,35.71630859375,181.9499969482422,61.847389221191406,89.11071014404297,58.59537124633789,167.89593505859375,95.22671508789062,303.76116943359375,382.586669921875,92.8432846069336,70.45752716064453
2023-03-28,20.571706771850586,36.227073669433594,183.44000244140625,61.81372833251953,89.05651092529297,58.640480041503906,167.65426635742188,95.0682373046875,302.147705078125,381.7279357910156,93.0123519897461,70.28743743896484
2023-03-29,20.440399169921875,36.3292236328125,182.52999877929688,62.58869552612305,88.90296936035156,59.34416198730469,169.5584716796875,95.5084457397461,307.6571044921875,387.2762756347656,92.82550048828125,71.84521484375
2023-03-30,20.589214324951172,36.691402435302734,184.17999267578125,62.95933532714844,89.03845977783203,60.02980422973633,169.3264617919922,95.6405029296875,310.56915283203125,389.54388427734375,93.25260925292969,72.78524780273438
2023-03-31,20.781801223754883,36.64496612548828,183.22000122070312,63.641685485839844,89.52617645263672,60.309471130371094,172.43887329101562,96.50331115722656,315.7341613769531,395.0343322753906,94.64962768554688,74.34300231933594
2023-04-03,21.12320327758789,36.71926498413086,184.5399932861328,63.59260559082031,89.94789123535156,60.805667877197266,172.5161895751953,97.08623504638672,314.96673583984375,396.5396728515625,95.09476470947266,73.7520980834961
2023-04-04,21.096942901611328,36.71926498413086,187.97999572753906,63.40643310546875,90.52713775634766,60.79664993286133,169.49078369140625,97.20987701416016,313.9043273925781,394.3396301269531,95.56755828857422,73.65364074707031
2023-04-05,21.17572784423828,36.43137741088867,187.8300018310547,63.05101013183594,90.90719604492188,60.354591369628906,167.82826232910156,97.52777099609375,310.8052673339844,393.3071594238281,96.56668090820312,73.25972747802734
2023-04-06,21.114450454711914,36.579959869384766,186.49000549316406,63.33026123046875,90.93435668945312,60.59817123413086,168.07955932617188,97.4394760131836,312.90081787109375,394.8413391113281,96.81649017333984,73.76107788085938
2023-04-10,21.114450454711914,36.61711120605469,185.11000061035156,63.271034240722656,90.03842163085938,60.553062438964844,169.87742614746094,96.98905944824219,312.7237243652344,395.24658203125,95.25532531738281,74.10128021240234
2023-04-11,21.22825050354004,36.839988708496094,186.27999877929688,63.40643310546875,90.002197265625,60.760562896728516,171.2209930419922,96.96257781982422,310.71673583984375,395.3528137207031,95.45158386230469,74.41461944580078
2023-04-12,21.394575119018555,36.579959869384766,187.19000244140625,63.38951110839844,90.2646713256836,61.16653060913086,169.96438598632812,96.75943756103516,307.9719543457031,393.7413024902344,95.35346221923828,74.05651092529297
2023-04-13,21.394575119018555,37.08143997192383,189.72000122070312,63.82107925415039,89.96599578857422,61.98749542236328,172.21656799316406,96.92725372314453,314.0027160644531,398.9712829589844,94.6041259765625,73.83269500732422
2023-04-14,21.42083740234375,36.88642120361328,186.36000061035156,63.70259094238281,89.52254486083984,61.707828521728516,170.61203002929688,96.60931396484375,313.4123840332031,397.9966735839844,93.73880004882812,72.68675231933594
2023-04-17,21.333297729492188,37.04429244995117,185.52999877929688,63.53337097167969,88.95240783691406,61.644676208496094,172.80616760253906,95.99989318847656,313.677978515625,399.4248352050781,92.62370300292969,74.19976043701172
2023-04-18,21.37706756591797,36.997859954833984,186.25,63.57566833496094,89.09721374511719,61.93337631225586,172.0715789794922,96.3178482055664,313.6976623535156,399.685302734375,92.95378875732422,74.0296630859375
2023-04-19,21.079435348510742,36.62639236450195,185.36000061035156,63.3217887878418,88.90716552734375,61.707828521728516,172.29388427734375,95.84093475341797,313.55010986328125,399.6177673339844,92.86459350585938,74.46832275390625
2023-04-20,20.89560317993164,36.570674896240234,186.08999633789062,63.262569427490234,89.42300415039062,61.761959075927734,171.40463256835938,96.20304107666016,311.1594543457031,397.43701171875,93.65852355957031,73.73421478271484
2023-04-21,20.851831436157227,36.227073669433594,184.25,63.45720291137695,89.2057876586914,62.023582458496094,171.62693786621094,96.2649154663086,311.4841003417969,397.7458190917969,93.1322021484375,73.74317932128906
2023-04-24,21.018156051635742,36.14349365234375,184.80999755859375,63.634891510009766,89.64021301269531,62.20402145385742,171.51095581054688,96.68878936767578,310.8348083496094,398.1607666015625,94.03318786621094,73.46563720703125
2023-04-25,20.720523834228516,35.46556854248047,185.75,63.53337097167969,90.52713775634766,61.301856994628906,167.27731323242188,97.11272430419922,304.9713134765625,391.8404235839844,95.4159164428711,72.740478515625
2023-04-26,20.40538215637207,35.66987609863281,184.74000549316406,63.287967681884766,90.17414855957031,61.301856994628906,165.66311645507812,96.68878936767578,306.8208923339844,390.18072509765625,94.39896392822266,72.04216003417969
2023-04-27,20.431642532348633,36.15278244018555,184.75,63.49950408935547,89.58592987060547,62.068702697753906,167.8765869140625,96.33553314208984,315.16357421875,397.9483947753906,93.46224975585938,73.67154693603516
2023-04-28,20.624229431152344,36.3385124206543,184.8000030517578,63.77030563354492,90.25560760498047,62.0416259765625,169.34580993652344,97.08623504638672,317.3377380371094,401.34503173828125,94.96986389160156,74.57576751708984
2023-05-01,20.44915199279785,36.2177848815918,183.97000122070312,63.477943420410156,89.19331359863281,61.978477478027344,169.4424285888672,95.51948547363281,316.9737243652344,400.93975830078125,92.23145294189453,74.02071380615234
2023-05-02,19.985193252563477,35.86489486694336,187.52000427246094,63.418426513671875,90.35447692871094,61.34696578979492,165.96273803710938,96.67150115966797,314.20928955078125,396.43353271484375,94.52986907958984,72.76732635498047
2023-05-03,19.731332778930664,35.809173583984375,189.11000061035156,63.38446044921875,90.94417572021484,61.51837921142578,166.57171630859375,96.83100891113281,312.153076171875,393.7123718261719,95.05753326416016,72.48085021972656
2023-05-04,19.81011390686035,36.09706115722656,190.44000244140625,63.19747543334961,90.9260025024414,61.41011428833008,164.7061767578125,96.56514739990234,311.05126953125,390.9237060546875,94.11845397949219,73.08068084716797
2023-05-05,20.25656509399414,36.579959869384766,187.4600067138672,63.53742599487305,90.4361343383789,62.29423904418945,168.62086486816406,96.18409729003906,317.6624755859375,398.1607666015625,93.80545806884766,74.29823303222656
2023-05-08,20.352859497070312,36.59853744506836,187.69000244140625,63.35896301269531,89.88274383544922,62.33934020996094,168.23423767089844,95.4928970336914,318.449462890625,398.2668762207031,92.49080657958984,73.8685073852539
2023-05-09,20.414134979248047,36.37565612792969,189.02000427246094,63.19747543334961,89.77389526367188,62.068702697753906,167.73158264160156,95.45745849609375,316.4327392578125,396.5203552246094,92.15991973876953,73.5551528930664
2023-05-10,20.352859497070312,36.357086181640625,188.75,63.579917907714844,90.44519805908203,61.969459533691406,168.5821990966797,96.2106704711914,319.8760070800781,398.37298583984375,93.05424499511719,74.2624282836914
2023-05-11,20.002702713012695,36.227073669433594,187.1300048828125,63.477943420410156,90.78084564208984,61.78902053833008,167.2869873046875,96.58285522460938,320.9188537597656,397.67822265625,94.0379638671875,73.4477310180664
2023-05-12,19.845130920410156,35.799888610839844,186.80999755859375,63.24847412109375,90.2365493774414,61.680763244628906,166.9486846923828,95.98915100097656,319.7677917480469,397.1571960449219,93.2509765625,73.43878173828125
2023-05-15,20.072734832763672,36.459232330322266,187.2100067138672,63.23147964477539,90.03697967529297,62.16793441772461,168.9881591796875,95.47515869140625,321.4992980957031,398.5273742675781,92.28511047363281,73.31343841552734
2023-05-16,19.853885650634766,36.199214935302734,184.8699951171875,62.789546966552734,89.7466812133789,61.590545654296875,166.5233917236328,94.99665069580078,321.8633117675781,395.8641662597656,92.00788116455078,71.4781494140625
2023-05-17,20.090240478515625,36.36637496948242,184.22999572753906,62.959510803222656,89.45640563964844,61.83413314819336,170.2350616455078,94.9877700805664,325.7592468261719,400.6695556640625,91.73958587646484,72.44503784179688
2023-05-18,19.906408309936523,36.17135238647461,181.83999633789062,62.99351119995117,88.90300750732422,61.71685791015625,171.2693328857422,94.58899688720703,331.8095703125,404.5293273925781,91.05987548828125,72.09587860107422
2023-05-19,19.88014793395996,36.199214935302734,183.63999938964844,63.06148910522461,88.5673828125,62.07770538330078,170.22540283203125,94.47382354736328,331.0618896484375,403.9406433105469,90.41596221923828,71.97949981689453
2023-05-22,19.897655487060547,36.49638366699219,183.2100067138672,63.34194564819336,88.40406799316406,62.08673858642578,172.30355834960938,94.4383544921875,332.1736755371094,404.104736328125,90.09403228759766,72.41818237304688
2023-05-23,19.9764404296875,35.92989730834961,183.42999267578125,63.010501861572266,88.54922485351562,61.193599700927734,171.49160766601562,94.63331604003906,327.9629211425781,399.5695495605469,90.35340118408203,71.73776245117188
2023-05-24,19.985193252563477,35.660587310791016,181.9499969482422,62.56856918334961,88.32242584228516,60.29143524169922,169.6744384765625,94.2611312866211,326.2805480957031,396.67474365234375,89.9062271118164,70.19790649414062
2023-05-25,19.670053482055664,35.58629608154297,180.1999969482422,62.52606964111328,87.76905059814453,60.20122146606445,168.35023498535156,93.95096588134766,334.2200012207031,400.1098327636719,89.68265533447266,70.18896484375
2023-05-26,19.985193252563477,36.2177848815918,180.9199981689453,62.90851593017578,87.9323501586914,60.75154113769531,170.26405334472656,94.34974670410156,342.75933837890625,405.2915954589844,90.40704345703125,70.99470520019531
2023-05-30,19.521236419677734,35.799888610839844,182.0399932861328,63.18047332763672,88.62181091308594,60.165138244628906,169.6357879638672,95.05866241455078,344.3138732910156,405.4460144042969,91.310302734375,71.26327514648438
2023-05-31,19.30238914489746,35.46556854248047,182.32000732421875,62.9849967956543,88.95743560791016,59.5697021484375,167.963623046875,95.36882781982422,342.35601806640625,403.1977233886719,92.10625457763672,71.62138366699219
2023-06-01,19.617530822753906,36.09706115722656,183.75999450683594,63.36330032348633,89.20480346679688,60.44479751586914,169.78074645996094,95.66132354736328,346.3109436035156,407.0284423828125,92.46762084960938,71.63034057617188
2023-06-02,19.87139320373535,36.71926498413086,181.0500030517578,63.68781661987305,88.4955062866211,61.238704681396484,175.93792724609375,95.40350341796875,348.9082336425781,412.91461181640625,91.45435333251953,73.37611389160156
2023-06-05,19.81886863708496,36.7099723815918,182.13999938964844,63.636558532714844,88.46821594238281,60.877838134765625,173.57945251464844,95.19902038574219,349.1541748046875,412.1233215332031,91.28399658203125,72.86580657958984
2023-06-06,19.845130920410156,37.035011291503906,182.33999633789062,63.73904037475586,88.5228042602539,61.401084899902344,178.15139770507812,95.3857192993164,349.0951232910156,413.0207214355469,91.8219985961914,73.56412506103516
2023-06-07,19.923917770385742,36.87590026855469,180.14999389648438,63.38893127441406,87.87715148925781,60.79790115356445,181.4846649169922,94.53224182128906,343.17266845703125,411.5925598144531,90.45901489257812,74.91597747802734
2023-06-08,19.95893096923828,37.137962341308594,182.52999877929688,63.790283203125,88.46821594238281,61.43235397338867,180.80618286132812,95.16346740722656,347.43255615234375,414.0821533203125,91.51712036132812,74.45043182373047
2023-06-09,19.836376190185547,37.30643081665039,182.0399932861328,63.80735397338867,88.14994812011719,61.39557647705078,179.34263610839844,94.9145278930664,348.7607116699219,414.82513427734375,91.39159393310547,74.02071380615234
2023-06-12,19.565006256103516,37.38130187988281,181.8800048828125,63.73904037475586,88.29545593261719,61.70820999145508,180.08895874023438,95.21681213378906,354.6537170410156,418.5884094238281,91.66059875488281,74.0385971069336
2023-06-13,19.82762336730957,37.75568389892578,180.5399932861328,63.8159065246582,87.66802978515625,62.26911544799805,182.15345764160156,94.79004669189453,357.3788146972656,421.3481140136719,90.75491333007812,74.51309967041016
2023-06-14,19.87139320373535,38.036460876464844,180.63999938964844,63.841514587402344,87.78624725341797,62.48059844970703,180.19557189941406,95.08344268798828,359.97607421875,421.84991455078125,91.48124694824219,74.79063415527344
2023-06-15,20.291582107543945,38.39211654663086,181.91000366210938,64.14893341064453,88.46821594238281,63.08747863769531,181.67855834960938,95.91024780273438,364.2655334472656,427.0798034667969,92.36003112792969,75.18455505371094
2023-06-16,20.545442581176758,38.26108932495117,181.6300048828125,63.986690521240234,88.08631896972656,62.96793746948242,180.22463989257812,95.7413558959961,361.9732666015625,425.6250305175781,92.00132751464844,75.13084411621094
2023-06-20,20.36161231994629,37.51233673095703,179.75,63.8159065246582,88.35002136230469,62.13118362426758,179.43959045410156,96.08807373046875,361.4550476074219,423.4169006347656,92.63798522949219,74.24453735351562
2023-06-21,20.65924644470215,37.33450698852539,179.49000549316406,63.65364456176758,88.43185424804688,62.2231330871582,179.02276611328125,95.98138427734375,356.52923583984375,421.2473449707031,92.86217498779297,73.796875
2023-06-22,20.274072647094727,37.20347595214844,177.7100067138672,63.46577835083008,87.93170166015625,61.84614181518555,177.6948699951172,95.48350524902344,360.73590087890625,422.7679443359375,91.74129486083984,72.740478515625
2023-06-23,20.055225372314453,36.6606330871582,178.1999969482422,63.35477066040039,88.29545593261719,60.83468246459961,175.0197296142578,95.75020599365234,357.1597595214844,419.5718078613281,92.65592956542969,71.73776245117188
2023-06-26,20.081485748291016,36.78230667114258,178.50999450683594,63.38893127441406,88.51371002197266,60.8714599609375,175.19419860839844,95.85691833496094,352.37188720703125,417.8575744628906,92.75454711914062,73.39402770996094
2023-06-27,19.757593154907227,37.156681060791016,177.69000244140625,63.60243606567383,88.20455169677734,61.37718200683594,177.72396850585938,95.75020599365234,358.4306335449219,422.4386901855469,92.51244354248047,74.29823303222656
2023-06-28,19.69631576538086,36.93205261230469,177.27999877929688,63.96961975097656,88.55915069580078,61.4599494934082,178.5962677001953,96.1680679321289,359.1300964355469,422.6517639160156,92.90701293945312,74.4056625366211
2023-06-29,19.705068588256836,36.73550796508789,177.08999633789062,63.7988166809082,87.64985656738281,61.35879898071289,180.651123046875,95.43907165527344,358.410888671875,424.3175964355469,91.23014068603516,75.23680114746094
2023-06-30,19.87139320373535,37.02565383911133,178.27000427246094,64.10625457763672,87.84078216552734,62.06681823730469,181.51377868652344,96.14141082763672,363.9376525878906,429.3247985839844,92.30622863769531,75.65327453613281
2023-07-03,19.87139320373535,37.43745803833008,178.47000122070312,64.00579071044922,87.45978546142578,62.103599548339844,181.88209533691406,95.87205505371094,364.7947082519531,429.8188171386719,91.78292846679688,76.39567565917969
2023-07-05,19.993947982788086,37.212833404541016,177.83999633789062,63.808311462402344,87.04048919677734,61.4047737121582,180.069580078125,95.18526458740234,364.784912109375,429.1795959472656,90.91075134277344,76.56769561767578
2023-07-06,19.950178146362305,36.45472717285156,177.30999755859375,63.344722747802734,86.32951354980469,60.356536865234375,177.16177368164062,94.22199249267578,362.0067138671875,425.81878662109375,89.62501525878906,75.97921752929688
2023-07-07,20.116500854492188,36.866539001464844,178.63999938964844,63.404808044433594,86.2201156616211,60.899044036865234,179.032470703125,94.13282775878906,360.80487060546875,424.74371337890625,89.0855484008789,75.80720520019531
2023-07-10,20.160274505615234,36.894615173339844,178.77999877929688,63.722476959228516,86.66679382324219,61.0737419128418,182.09532165527344,94.62336730957031,360.9230041503906,425.81878662109375,89.20243835449219,76.13311767578125
2023-07-11,20.396625518798828,37.26899337768555,179.4499969482422,64.06587219238281,86.84907531738281,61.65304183959961,183.9660186767578,95.06932830810547,362.7061767578125,428.5306396484375,89.6609878540039,77.21958923339844
2023-07-12,20.545442581176758,38.10197067260742,181.8800048828125,64.56385040283203,87.69676971435547,62.83000946044922,185.97238159179688,95.90772247314453,367.2872009277344,431.97857666015625,90.65901947021484,77.63606262207031
2023-07-13,20.834325790405273,38.5980224609375,182.00999450683594,64.95023345947266,88.42597961425781,63.81388854980469,187.4747314453125,96.5855941772461,373.52325439453125,435.4071350097656,91.6120834350586,78.1340103149414
2023-07-14,20.694259643554688,38.382755279541016,181.42999267578125,64.47802734375,87.98844146728516,63.4368896484375,185.642822265625,95.83638000488281,373.4444274902344,435.13592529296875,91.07261657714844,77.98009490966797
2023-07-17,20.527938842773438,38.4295539855957,181.55999755859375,64.59820556640625,88.13429260253906,63.381717681884766,187.6298065185547,95.9969253540039,376.931884765625,436.64678955078125,91.11756896972656,77.47307586669922
2023-07-18,20.79930877685547,38.14876937866211,183.63999938964844,64.77849578857422,88.2345962524414,63.78629684448242,189.94635009765625,96.23775482177734,380.0155029296875,439.8913879394531,91.53118133544922,77.04756164550781
2023-07-19,20.913108825683594,38.07389831542969,183.6699981689453,64.83002471923828,88.53533172607422,63.82307815551758,190.7508544921875,96.78180694580078,379.9267578125,440.86956787109375,92.56517028808594,77.91671752929688
2023-07-20,20.97438621520996,37.79311752319336,182.74000549316406,64.54668426513672,87.83350372314453,63.46446990966797,189.0836944580078,96.1307144165039,371.168701171875,437.9446716308594,91.4412841796875,77.6632080078125
2023-07-21,21.08818817138672,37.736961364746094,182.17999267578125,64.70980072021484,87.90642547607422,63.54723358154297,188.48277282714844,96.3001937866211,370.05548095703125,437.9446716308594,91.46822357177734,78.02536010742188
2023-07-24,21.4646053314209,38.25172805786133,181.39999389648438,64.59820556640625,87.69676971435547,63.381717681884766,188.94801330566406,96.18423461914062,370.6466064453125,439.9010925292969,91.13556671142578,78.66817474365234
2023-07-25,21.543392181396484,38.5699462890625,182.41000366210938,64.55529022216797,87.53267669677734,63.51964569091797,188.92860412597656,96.03260803222656,373.15875244140625,441.10205078125,90.9647216796875,78.10685729980469
2023-07-26,21.438344955444336,38.79457092285156,183.3000030517578,64.81285095214844,87.83350372314453,63.70354461669922,190.42129516601562,96.47854614257812,371.9174499511719,441.1697998046875,91.05463409423828,78.45994567871094
2023-07-27,21.385820388793945,38.31724166870117,180.4199981689453,64.2977066040039,86.87640380859375,63.556427001953125,187.9593505859375,95.30123901367188,371.0308532714844,438.2449035644531,89.2833480834961,76.7578353881836
2023-07-28,21.51712989807129,39.24381637573242,181.86000061035156,64.66691589355469,87.15898132324219,63.97939682006836,190.3922119140625,95.92556762695312,377.7890625,442.5354309082031,89.74189758300781,76.69445037841797
2023-07-31,21.60466957092285,39.26253890991211,182.35000610351562,64.82144927978516,87.26835632324219,63.95181655883789,192.60214233398438,96.1931381225586,377.9859924316406,443.3780212402344,89.95771026611328,77.19242095947266
2023-08-01,21.490867614746094,38.76648712158203,180.4600067138672,64.50053405761719,86.75846099853516,63.225399017333984,191.72010803222656,95.23461151123047,377.1092834472656,442.1092224121094,88.48357391357422,77.06566619873047
2023-08-02,21.16697120666504,37.83991622924805,179.60000610351562,64.2244873046875,86.58479309082031,62.06681823730469,189.11279296875,94.65288543701172,368.83392333984375,435.9591979980469,87.5368881225586,76.62203216552734
2023-08-03,21.36831283569336,37.989662170410156,179.5399932861328,64.0174331665039,85.94514465332031,61.88291931152344,188.5796661376953,93.80265045166016,368.2428283691406,434.7098388671875,85.51730346679688,75.78907775878906
2023-08-04,21.403329849243164,37.942867279052734,180.19000244140625,64.39701080322266,86.85897827148438,62.085205078125,188.20166015625,94.77819061279297,366.51873779296875,432.74371337890625,87.03201293945312,75.17342376708984
2023-08-07,21.412080764770508,37.88671112060547,179.77999877929688,64.5177993774414,86.64878845214844,62.600135803222656,188.32769775390625,94.54547882080078,369.6220397949219,436.52093505859375,86.17546844482422,76.1150131225586
2023-08-08,21.385820388793945,37.4281005859375,178.63999938964844,64.65579986572266,87.08743286132812,62.195552825927734,187.1451873779297,94.92137908935547,366.47930908203125,434.62261962890625,87.1762466430664,75.62611389160156
2023-08-09,21.534637451171875,37.52169418334961,177.7899932861328,64.66442108154297,87.14226531982422,62.20474624633789,185.68161010742188,95.01087951660156,362.4500732421875,431.7170715332031,87.62705993652344,75.61705780029297
2023-08-10,21.42083740234375,37.577857971191406,177.60000610351562,64.64717864990234,86.47515869140625,62.416229248046875,184.85772705078125,94.33963012695312,363.1199645996094,431.8720397949219,86.18445587158203,75.32734680175781
2023-08-11,21.385820388793945,37.02565383911133,177.60000610351562,64.55227661132812,86.01826477050781,61.993255615234375,185.1194305419922,94.01747131347656,360.80487060546875,431.6201477050781,85.98611450195312,75.44503784179688
2023-08-14,21.280773162841797,36.847816467285156,177.05999755859375,64.54365539550781,85.88117980957031,61.75418472290039,184.799560546875,93.98165130615234,364.85382080078125,434.00274658203125,85.79679870605469,74.94708251953125
2023-08-15,21.02691078186035,36.42665100097656,176.58999633789062,64.33661651611328,85.7166976928711,60.972599029541016,182.3570098876953,93.48943328857422,360.982177734375,428.94708251953125,85.27388000488281,74.10508728027344
2023-08-16,20.93937110900879,36.09907150268555,175.57000732421875,64.1382064819336,85.3876953125,60.512847900390625,180.12771606445312,93.06877899169922,357.1597595214844,425.7994689941406,84.60668182373047,73.19064331054688
2023-08-17,20.99189567565918,36.18330383300781,175.3000030517578,63.87078094482422,85.2780532836914,60.089874267578125,178.0050506591797,92.81816864013672,353.2585144042969,422.55487060546875,84.24602508544922,72.60216522216797
2023-08-18,21.14071273803711,35.939964294433594,175.3300018310547,63.913936614990234,85.53392028808594,60.04390335083008,178.9742889404297,93.167236328125,352.8151550292969,422.75823974609375,84.54356384277344,72.82850646972656
2023-08-21,21.08818817138672,36.024200439453125,175.80999755859375,63.89665222167969,85.00390625,60.25537872314453,178.7126007080078,92.61235046386719,358.4996032714844,425.5089111328125,83.4165267944336,72.15852355957031
2023-08-22,21.096942901611328,35.94932174682617,176.10000610351562,63.93118667602539,85.04045104980469,60.16343688964844,178.17953491210938,92.89875030517578,357.9873046875,424.3563537597656,84.05669403076172,72.36676025390625
2023-08-23,21.14071273803711,36.52024459838867,177.88999938964844,64.4487533569336,85.96340942382812,60.79790115356445,180.07923889160156,94.20540618896484,363.6322326660156,429.08270263671875,86.13937377929688,73.50753021240234
2023-08-24,21.158218383789062,36.37985610961914,177.85000610351562,64.09507751464844,85.6435546875,59.9703369140625,177.5882568359375,93.88321685791016,355.859375,423.13604736328125,85.57138061523438,73.22686004638672
2023-08-25,21.36831283569336,36.41728973388672,177.6199951171875,64.36251068115234,85.61615753173828,60.37492752075195,178.34429931640625,93.93690490722656,358.6178283691406,426.11895751953125,85.85089111328125,73.28119659423828
2023-08-28,21.333297729492188,36.772945404052734,178.1300048828125,64.60406494140625,85.85377502441406,61.000179290771484,179.93386840820312,94.23224639892578,361.3171081542969,428.8211975097656,85.94102478027344,73.96927642822266
2023-08-29,21.412080764770508,37.24091720581055,179.8699951171875,65.0094985961914,86.46603393554688,61.76338195800781,182.4442596435547,94.98404693603516,369.2082824707031,435.0196838378906,86.83365631103516,74.8656005859375
2023-08-30,21.438344955444336,37.11924362182617,180.32000732421875,64.98361206054688,86.4568862915039,61.744991302490234,183.1324462890625,94.84977722167969,371.26727294921875,436.8115234375,86.74347686767578,75.13720703125
2023-08-31,21.525882720947266,36.6606330871582,180.02000427246094,64.94049072265625,86.6305160522461,61.5243034362793,182.81259155273438,95.01087951660156,372.3804931640625,436.1722717285156,87.13117980957031,74.58492279052734
2023-09-01,21.77974510192871,37.091163635253906,180.11000061035156,65.06266784667969,86.1009750366211,61.51511764526367,184.9837188720703,94.33456420898438,371.98638916015625,436.98577880859375,85.77381896972656,74.7116928100586
2023-09-05,21.884796142578125,36.79166793823242,178.63999938964844,64.63801574707031,85.57876586914062,60.972599029541016,181.08731079101562,93.66092681884766,372.45928955078125,435.0971984863281,84.571044921875,73.842529296875
2023-09-06,21.937314987182617,36.585758209228516,177.8300018310547,64.48200988769531,85.35885620117188,60.82548141479492,180.40879821777344,93.57110595703125,369.1787109375,432.1722717285156,84.77904510498047,73.68861389160156
2023-09-07,21.8935489654541,36.15522766113281,178.02000427246094,64.69866180419922,85.65204620361328,60.61398696899414,178.6641387939453,93.98426055908203,366.5384826660156,430.8454284667969,85.01419830322266,74.15035247802734
2023-09-08,21.937314987182617,36.2301025390625,178.0800018310547,64.67266082763672,85.67036437988281,60.512847900390625,178.26673889160156,94.05610656738281,367.0507507324219,431.4942626953125,85.33971405029297,73.86063385009766
2023-09-11,22.06862449645996,36.679351806640625,178.41000366210938,64.78533935546875,85.52381134033203,61.15651321411133,178.69320678710938,93.8764877319336,371.37567138671875,434.3321228027344,84.72481536865234,73.86968994140625
2023-09-12,22.147411346435547,36.567039489746094,177.49000549316406,64.68134307861328,85.64289855957031,60.88984298706055,178.51873779296875,93.84954833984375,367.25762939453125,431.94952392578125,85.21312713623047,73.83345794677734
2023-09-13,22.217443466186523,36.52024459838867,177.0800018310547,64.85466766357422,85.74365997314453,60.67835998535156,177.34593200683594,94.05610656738281,368.65655517578125,432.4531555175781,85.19505310058594,73.0276870727539
2023-09-14,22.401275634765625,36.76358413696289,177.1699981689453,64.93266296386719,85.55126190185547,61.47833251953125,179.84661865234375,93.88548278808594,371.67120361328125,436.1819152832031,84.5801010131836,74.34953308105469
2023-09-15,22.348752975463867,36.62319564819336,178.33999633789062,64.69001770019531,85.28556823730469,61.303619384765625,177.9662628173828,93.74176025390625,365.3069763183594,430.92669677734375,84.06464385986328,74.06886291503906
2023-09-18,22.34000015258789,36.57639694213867,179.38999938964844,64.73334503173828,85.36803436279297,61.046165466308594,176.78378295898438,93.92140197753906,365.6878356933594,431.179443359375,84.5439453125,73.40795135498047
2023-09-19,22.357507705688477,36.36113357543945,179.22000122070312,64.53400421142578,85.05655670166016,61.12892150878906,176.0955810546875,93.6070327758789,364.9084167480469,430.2851867675781,83.91996765136719,73.07295989990234
2023-09-20,22.173673629760742,36.21138000488281,179.35000610351562,64.48200988769531,84.9924087524414,60.963409423828125,174.33152770996094,93.64298248291016,359.64996337890625,426.3294677734375,84.18220520019531,73.13632202148438
2023-09-21,22.103641510009766,35.58430480957031,178.0500030517578,64.02266693115234,84.3602523803711,60.01631164550781,171.6273193359375,92.69990539550781,353.05950927734375,419.2829284667969,82.0208969116211,70.64654541015625
2023-09-22,22.12114906311035,36.00547409057617,178.6199951171875,64.13531494140625,84.6900634765625,60.04390335083008,171.2395782470703,93.26576232910156,353.10888671875,418.340087890625,82.68104553222656,70.11237335205078
2023-09-25,22.016103744506836,35.84636688232422,177.6999969482422,64.04864501953125,84.06710815429688,59.777244567871094,172.0053253173828,92.35858917236328,354.7861022949219,420.0993957519531,80.64636993408203,70.04900360107422
2023-09-26,21.98984146118164,35.34096145629883,176.27999877929688,63.77130126953125,84.03958892822266,58.98646545410156,169.7937774658203,92.09813690185547,349.45849609375,413.9275207519531,80.36601257324219,68.77241516113281
2023-09-27,22.112396240234375,35.39711380004883,174.10000610351562,63.68465042114258,83.6639633178711,58.88532257080078,171.38111877441406,91.66699981689453,350.27740478515625,414.0927429199219,79.95002746582031,68.3106689453125
2023-09-28,22.086132049560547,35.4907112121582,173.22999572753906,63.987979888916016,83.89302062988281,59.363460540771484,172.929443359375,91.82865905761719,353.2075500488281,416.4934387207031,80.19422149658203,68.96615600585938
2023-09-29,21.84977912902832,35.51879119873047,171.4499969482422,63.89265441894531,83.91133117675781,59.17036819458008,172.1114501953125,91.63107299804688,353.46405029296875,415.4826354980469,80.20326232910156,69.1672592163086
2023-10-02,21.683454513549805,35.34096145629883,169.64999389648438,63.50494384765625,83.2306900024414,58.296836853027344,169.51138305664062,90.79159545898438,356.4139404296875,415.3174133300781,78.86062622070312,67.89654541015625
2023-10-03,21.587162017822266,34.87299346923828,169.16000366210938,62.86021041870117,82.5417709350586,57.55202865600586,166.65811157226562,89.74562072753906,350.15899658203125,409.7579040527344,77.16421508789062,66.57096862792969
2023-10-04,20.98314094543457,34.770042419433594,169.13999938964844,63.18256759643555,83.06532287597656,57.61639404296875,166.73602294921875,90.53012084960938,354.9242248535156,412.7418212890625,78.25281524658203,67.38460540771484
2023-10-05,20.860584259033203,34.90107345581055,168.8300018310547,63.24356460571289,83.22151184082031,58.17729949951172,166.86260986328125,90.42188262939453,353.8783874511719,412.5862731933594,77.86276245117188,67.7594223022461
2023-10-06,20.93937110900879,35.40647888183594,169.6999969482422,63.3306884765625,82.73465728759766,58.80256652832031,168.46942138671875,90.1513900756836,359.807861328125,417.48480224609375,76.91927337646484,67.9422607421875
2023-10-09,21.37706756591797,35.23801040649414,172.82000732421875,63.80116653442383,83.79100799560547,58.646244049072266,169.44320678710938,91.26949310302734,361.642822265625,420.1576232910156,78.72455596923828,68.6827392578125
2023-10-10,21.324542999267578,35.74341583251953,172.52999877929688,63.78374099731445,83.62565612792969,59.50139236450195,171.3616180419922,91.30557250976562,363.6455993652344,422.344482421875,78.61569213867188,69.01185607910156
2023-10-11,21.201988220214844,35.968040466308594,173.7899932861328,63.77500534057617,84.0849380493164,59.69448471069336,171.06947326660156,91.86460876464844,366.2403259277344,424.0745544433594,80.25767517089844,70.20943450927734
2023-10-12,21.193233489990234,35.565582275390625,173.25999450683594,63.43523025512695,83.27664184570312,59.179561614990234,167.2034454345703,90.90882110595703,364.9676208496094,421.4892272949219,78.08045959472656,69.18555450439453
2023-10-13,21.75348663330078,35.4345588684082,178.8300018310547,63.3829460144043,83.80939483642578,58.60027313232422,165.81088256835938,91.41377258300781,360.3799743652344,419.3898010253906,79.47750091552734,69.01185607910156
2023-10-16,21.683454513549805,35.69662094116211,177.9600067138672,63.365543365478516,83.31333923339844,59.032440185546875,168.48886108398438,90.78258514404297,364.4546203613281,423.80242919921875,78.19839477539062,69.8346176147461
2023-10-17,21.744731903076172,35.603023529052734,178.2899932861328,63.06932067871094,82.4958267211914,59.06003189086914,170.3683319091797,90.06121826171875,363.2608642578125,423.7829895019531,77.33658599853516,69.73406219482422
2023-10-18,21.937314987182617,35.0601806640625,180.8699951171875,62.764400482177734,82.11002349853516,58.02097702026367,166.86260986328125,89.33988189697266,358.4956359863281,418.13604736328125,76.65621185302734,68.25308990478516
2023-10-19,22.164918899536133,34.854278564453125,183.08999633789062,62.537872314453125,81.70587921142578,57.54283905029297,164.20408630371094,88.61849975585938,355.1412658691406,414.46209716796875,75.08678436279297,66.63496398925781
2023-10-20,21.998594284057617,34.43310546875,183.58999633789062,62.66853713989258,82.18353271484375,57.00033187866211,162.08119201660156,88.97015380859375,349.84332275390625,409.3691711425781,75.51315307617188,66.18701934814453
2023-10-23,21.858531951904297,34.405025482177734,182.97000122070312,62.921207427978516,82.56932067871094,57.02791213989258,160.70811462402344,89.66448974609375,350.8989562988281,408.65960693359375,76.42034149169922,65.53794860839844
2023-10-24,21.622177124023438,34.84491729736328,182.9499969482422,63.24356460571289,82.71632385253906,57.37732696533203,162.11041259765625,90.16942596435547,354.3125305175781,411.74066162109375,77.42728424072266,66.37899017333984
2023-10-25,21.77974510192871,34.38631057739258,183.72000122070312,62.90375900268555,81.9906234741211,56.8715934753418,159.4324493408203,89.34888458251953,345.6404113769531,405.8313293457031,75.7036361694336,64.95287322998047
2023-10-26,21.595914840698242,34.217838287353516,184.00999450683594,63.12159729003906,82.61526489257812,56.52218246459961,159.84146118164062,89.99810028076172,339.0500183105469,400.97161865234375,76.86485290527344,66.1961669921875
2023-10-27,21.884796142578125,34.189762115478516,186.14999389648438,63.043174743652344,82.74385070800781,56.36586380004883,157.96197509765625,89.8177719116211,340.6778869628906,399.1541442871094,76.53826141357422,65.13571166992188
2023-10-30,21.534637451171875,34.54541778564453,185.10000610351562,63.06059646606445,82.4682846069336,57.11066818237305,158.83839416503906,89.54727172851562,344.5157775878906,403.9263610839844,76.19351959228516,65.5470962524414
2023-10-31,21.455852508544922,34.34886932373047,184.08999633789062,63.22614669799805,82.29376220703125,57.340545654296875,160.2114715576172,89.42102813720703,346.1633605957031,406.46307373046875,75.82160186767578,66.66239166259766
2023-11-01,21.490867614746094,34.66708755493164,183.50999450683594,63.828765869140625,83.24158477783203,57.87385940551758,161.12686157226562,90.70072174072266,352.1716003417969,410.79791259765625,77.465576171875,67.07379150390625
2023-11-02,21.718469619750977,35.275447845458984,184.1199951171875,64.54704284667969,83.75741577148438,59.069217681884766,165.4213409423828,91.7776870727539,358.5647277832031,418.6706237792969,79.23151397705078,69.27696228027344
2023-11-03,21.60466957092285,35.996116638183594,184.7899932861328,65.1777114868164,84.40219116210938,59.76804733276367,169.9203643798828,92.23018646240234,362.7774353027344,422.4903259277344,79.76861572265625,70.93163299560547
2023-11-06,21.69220733642578,36.286258697509766,183.35000610351562,64.9149398803711,83.91400909423828,59.45541763305664,167.7974395751953,91.74150848388672,364.25732421875,423.4621887207031,78.994873046875,69.90775299072266
2023-11-07,21.22825050354004,36.22074508666992,182.58999633789062,64.9236831665039,84.39298248291016,59.06003189086914,167.2034454345703,92.47456359863281,367.70050048828125,424.66741943359375,80.1600341796875,69.33180236816406
2023-11-08,20.99189567565918,35.97740173339844,180.77000427246094,64.95872497558594,84.7337875366211,58.95888137817383,165.4213409423828,92.94513702392578,367.93731689453125,424.9784240722656,81.52546691894531,69.56036376953125
2023-11-09,20.93937110900879,35.640464782714844,181.49000549316406,64.5558090209961,83.89559173583984,58.95888137817383,162.8602294921875,92.00394439697266,365.1057434082031,421.6641540527344,79.6502456665039,68.46334838867188
2023-11-10,21.044418334960938,35.89316940307617,179.50999450683594,64.87113189697266,83.98767852783203,59.25312423706055,164.6812744140625,92.46548461914062,373.31414794921875,428.244140625,80.0963134765625,69.10325622558594
2023-11-13,21.35080337524414,35.88380813598633,180.50999450683594,64.80979919433594,83.94163513183594,59.40024185180664,164.73968505859375,92.47456359863281,372.1499328613281,427.8359375,79.91426086425781,68.52732849121094
2023-11-14,21.31578826904297,36.83845901489258,182.1199951171875,65.46675872802734,85.20355987548828,60.963409423828125,173.7864227294922,93.92256927490234,380.16107177734375,436.1362609863281,81.72572326660156,72.33035278320312
2023-11-15,21.17572784423828,37.14732360839844,181.63999938964844,65.25655364990234,84.54037475585938,60.90823745727539,174.08828735351562,93.43386840820312,380.44720458984375,437.0595397949219,80.57878112792969,72.54061126708984
2023-11-16,20.668001174926758,36.79166793823242,183.69000244140625,65.34413146972656,85.17595672607422,60.751922607421875,171.27398681640625,94.20313262939453,380.7727966308594,437.59417724609375,81.58009338378906,72.38520812988281
2023-11-17,20.965635299682617,36.83845901489258,183.6699981689453,65.4930419921875,85.23119354248047,61.59786605834961,173.620849609375,94.4746322631836,380.86151123046875,438.1384582519531,81.96240997314453,72.33035278320312
2023-11-20,21.22825050354004,37.29706954956055,183.3699951171875,65.56310272216797,85.35095977783203,61.836944580078125,174.6336212158203,94.85472869873047,385.4985046386719,441.5110778808594,82.46306610107422,72.8605728149414
2023-11-21,21.35080337524414,37.063087463378906,185.35000610351562,65.65068817138672,85.46147918701172,61.59786605834961,172.3841094970703,94.88188171386719,383.2590026855469,440.5487976074219,82.42665100097656,72.34862518310547
2023-11-22,21.16697120666504,36.988216400146484,184.55999755859375,65.76457977294922,85.43384552001953,61.73579788208008,173.46505737304688,95.26199340820312,384.8276062011719,442.24969482421875,82.71794128417969,72.70514678955078
2023-11-24,21.02691078186035,37.00693130493164,185.52000427246094,65.69450378417969,84.99169921875,62.2231330871582,174.6336212158203,94.77327728271484,384.2850036621094,442.52178955078125,81.74393463134766,72.9154281616211
2023-11-27,20.8868465423584,36.857177734375,186.77000427246094,65.79084014892578,85.6364974975586,62.01165008544922,174.04931640625,95.54255676269531,383.9495544433594,441.7248840332031,83.10939025878906,73.1805419921875
2023-11-28,21.14071273803711,37.166038513183594,189.25999450683594,66.07989501953125,86.01414489746094,62.048423767089844,173.3773956298828,95.92266845703125,384.95587158203125,442.1622009277344,83.27322387695312,73.6650619506836
2023-11-29,21.289527893066406,36.95077896118164,189.5399932861328,66.43903350830078,86.46550750732422,62.195552825927734,174.2927703857422,96.70097351074219,384.5809631347656,441.8511962890625,84.32003784179688,74.17699432373047
2023-11-30,20.930618286132812,37.02565383911133,188.75,66.31640625,86.0417709350586,62.112796783447266,174.9550018310547,96.19416809082031,383.6141662597656,443.5909729003906,83.34603118896484,74.71636962890625
2023-12-01,20.834325790405273,37.184757232666016,192.00999450683594,66.86544799804688,86.85359954833984,62.76564025878906,180.06748962402344,97.35235595703125,384.709228515625,446.2151794433594,84.91580963134766,76.55387878417969
2023-12-04,20.694259643554688,36.76358413696289,187.86000061035156,66.69830322265625,86.49342346191406,62.25991439819336,181.9956512451172,96.9072494506836,381.13775634765625,443.8728942871094,84.57792663574219,77.11153411865234
2023-12-05,20.51042938232422,36.538963317871094,187.14999389648438,66.7598876953125,87.10298919677734,62.076011657714844,179.5611114501953,97.67938232421875,382.09478759765625,443.785400390625,86.3951187133789,76.5995864868164
2023-12-06,20.011457443237305,36.492164611816406,187.83999633789062,66.76868438720703,87.46318817138672,62.26911544799805,179.23976135253906,98.04273986816406,379.8847961425781,441.9970703125,87.54573822021484,76.37104797363281
2023-12-07,20.046472549438477,36.66999435424805,188.14999389648438,66.8830795288086,87.33387756347656,62.572547912597656,180.53492736816406,98.05183410644531,385.1926574707031,445.3695983886719,87.0434799194336,76.5904541015625
2023-12-08,20.134010314941406,36.51088333129883,185.63999938964844,66.75108337402344,86.77049255371094,62.75645065307617,181.9080047607422,97.52494812011719,386.90936279296875,447.28436279296875,86.33120727539062,76.46244812011719
2023-12-11,20.063980102539062,36.72615051269531,183.58999633789062,66.70709991455078,86.77971649169922,62.8484001159668,182.28781127929688,97.49773406982422,390.21435546875,449.0240173339844,86.14855194091797,76.67273712158203
2023-12-12,19.757593154907227,36.73550796508789,183.49000549316406,66.85668182373047,86.96443939208984,62.931148529052734,182.10276794433594,98.05183410644531,393.3221130371094,451.0748596191406,86.40426635742188,76.62701416015625
2023-12-13,19.985193252563477,37.100521087646484,187.6300048828125,67.87738800048828,88.25747680664062,63.887451171875,188.26698303222656,99.69600677490234,398.3241271972656,457.2952575683594,88.43148803710938,79.5615463256836
2023-12-14,20.317842483520508,37.64337158203125,188.72999572753906,68.17716217041016,88.99109649658203,64.43914794921875,193.50607299804688,100.75627136230469,397.9788513183594,458.7629089355469,90.73185729980469,81.85614013671875
2023-12-15,20.352859497070312,37.41874313354492,187.0,68.02682495117188,88.91700744628906,63.8046875,191.87982177734375,100.61040496826172,399.90264892578125,458.0075378417969,90.8326416015625,80.70429229736328
2023-12-18,20.498884201049805,37.4000244140625,187.85000610351562,68.07105255126953,88.72245788574219,63.97019958496094,191.947998046875,100.19103240966797,402.4214782714844,460.5838317871094,90.10889434814453,80.52143859863281
2023-12-19,20.655014038085938,37.71824264526367,189.1300048828125,68.26560974121094,88.88920593261719,64.5403060913086,195.66793823242188,100.31867980957031,404.4776916503906,463.3846130371094,90.59444427490234,81.13395690917969
2023-12-20,20.416229248046875,37.03925323486328,188.10000610351562,68.27442932128906,89.3245849609375,63.90442657470703,191.8404998779297,100.58303833007812,398.46722412109375,456.96337890625,91.20821380615234,80.1466293334961
2023-12-21,20.452964782714844,37.735408782958984,189.42999267578125,68.58394622802734,89.18562316894531,65.0139389038086,195.10496520996094,100.54660034179688,403.1036071777344,461.2962951660156,90.63109588623047,80.85738372802734
2023-12-22,20.416229248046875,37.55421447753906,190.27000427246094,68.50433349609375,89.10224914550781,65.0792007446289,196.9228973388672,100.37338256835938,403.70660400390625,462.22332763671875,90.21881866455078,81.17203521728516
2023-12-26,20.61827850341797,37.8498420715332,191.72000122070312,68.63699340820312,89.15784454345703,65.34027099609375,199.48365783691406,100.58303833007812,406.1780090332031,464.1750793457031,90.47535705566406,81.77359771728516
2023-12-27,20.526437759399414,38.069175720214844,192.58999633789062,68.91991424560547,89.85255432128906,65.7038803100586,200.1873779296875,101.52205657958984,407.0048522949219,465.01434326171875,92.07854461669922,82.1715316772461
2023-12-28,20.351940155029297,38.364810943603516,191.47000122070312,68.6988754272461,89.50984191894531,65.57335662841797,199.4250030517578,101.25767517089844,406.80706787109375,465.18994140625,91.4097900390625,82.75457763671875
2023-12-29,20.241731643676758,38.345733642578125,191.1699981689453,68.43360137939453,89.28750610351562,65.59200286865234,196.1703338623047,100.88389587402344,405.0464782714844,463.84326171875,90.58528900146484,81.77359771728516
2024-01-02,20.076417922973633,37.897525787353516,190.72000122070312,68.20368957519531,88.95404815673828,64.87407684326172,195.00723266601562,100.20016479492188,398.1921691894531,461.2474365234375,90.0631103515625,82.47694396972656
2024-01-03,20.33357048034668,37.68772506713867,189.1300048828125,68.01798248291016,89.16708374023438,64.3426284790039,189.80755615234375,99.97223663330078,393.9787292480469,457.48052978515625,90.43869018554688,80.50570678710938
2024-01-04,20.223363876342773,37.563751220703125,189.32000732421875,67.7527084350586,88.62984466552734,64.51045989990234,189.43618774414062,99.4161376953125,391.95111083984375,456.0069580078125,89.06452941894531,80.35763549804688
2024-01-05,20.324386596679688,37.61143493652344,189.35000610351562,67.80577087402344,88.30562591552734,64.51978302001953,188.8790740966797,99.06059265136719,392.4159851074219,456.6316223144531,88.2125473022461,80.15403747558594
2024-01-08,20.03049659729004,37.716339111328125,187.8699951171875,68.18600463867188,88.60203552246094,65.22837829589844,192.2803497314453,99.81727600097656,400.5264587402344,463.1504211425781,89.08284759521484,81.30159759521484
2024-01-09,20.177440643310547,37.18230056762695,187.92999267578125,68.29212188720703,88.56500244140625,64.6875991821289,190.56015014648438,99.99049377441406,401.31768798828125,462.44781494140625,88.51486206054688,80.75557708740234
2024-01-10,20.03968048095703,37.096473693847656,187.5,68.4159164428711,88.4260482788086,65.05123138427734,190.66766357421875,99.86284637451172,404.0376281738281,465.0631103515625,88.10262298583984,80.8481216430664
2024-01-11,20.186626434326172,37.249053955078125,187.8699951171875,68.63699340820312,88.8984603881836,65.02326202392578,189.17227172851562,100.46454620361328,404.8783874511719,464.85821533203125,88.5973129272461,80.0985107421875
2024-01-12,20.260099411010742,37.38256072998047,189.7100067138672,68.70772552490234,89.13931274414062,65.29364013671875,188.85951232910156,100.68334197998047,405.0860900878906,465.18017578125,88.42326354980469,80.57975006103516
2024-01-16,20.085603713989258,36.47660446166992,187.91000366210938,68.27442932128906,88.41678619384766,64.14684295654297,186.5235595703125,99.66228485107422,405.0464782714844,463.472412109375,86.8658676147461,79.9874496459961
2024-01-17,20.05805015563965,35.93303298950195,185.83999633789062,67.98261260986328,88.1296157836914,63.53147888183594,185.19430541992188,99.4526138305664,402.76171875,460.8961181640625,86.72842407226562,78.52523040771484
2024-01-18,20.186626434326172,36.22866439819336,187.3699951171875,68.12409973144531,87.9350814819336,64.10021209716797,186.2889862060547,99.26116943359375,408.4786376953125,464.9947814941406,85.9222640991211,78.0995101928711
2024-01-19,20.149890899658203,36.61011505126953,187.92999267578125,68.23905944824219,87.94436645507812,64.23074340820312,188.0775909423828,99.36143493652344,416.5791320800781,470.7914733886719,86.19710540771484,79.03423309326172
2024-01-22,20.232547760009766,36.2858772277832,187.22000122070312,68.29212188720703,88.21298217773438,64.45451354980469,192.09463500976562,99.63494110107422,417.1231689453125,471.7869873046875,86.71012878417969,79.50621795654297
2024-01-23,20.342756271362305,36.600582122802734,187.9499969482422,68.21253204345703,87.99069213867188,64.28668975830078,191.53753662109375,99.270263671875,418.8540344238281,473.16290283203125,86.02299499511719,78.96017456054688
2024-01-24,20.517253875732422,37.01064682006836,186.39999389648438,68.17716217041016,87.74057006835938,64.75286865234375,189.96397399902344,99.07881164550781,421.1783752441406,473.68011474609375,85.51915740966797,77.83111572265625
2024-01-25,20.673383712768555,37.058326721191406,187.13999938964844,68.6988754272461,88.12037658691406,64.92069244384766,191.53753662109375,99.7352066040039,421.6926574707031,476.2564392089844,86.07799530029297,78.83061981201172
2024-01-26,20.76522445678711,37.08693313598633,187.00999450683594,68.64582061767578,87.962890625,65.20974731445312,191.5473175048828,99.4526138305664,419.1803894042969,475.6513671875,85.91310119628906,78.60851287841797
2024-01-29,20.59072494506836,37.10600662231445,188.3300018310547,68.796142578125,88.49087524414062,65.56404113769531,194.8997344970703,99.86284637451172,423.4729919433594,479.4182434082031,86.90249633789062,79.12677764892578
2024-01-30,20.72848892211914,36.81037521362305,188.58999633789062,68.70772552490234,88.61131286621094,65.46147155761719,193.23818969726562,100.18191528320312,420.65411376953125,479.04742431640625,87.69036865234375,78.38641357421875
2024-01-31,20.50806999206543,36.61011505126953,188.4499969482422,68.51319122314453,89.35234832763672,65.14447784423828,188.51744079589844,100.43719482421875,412.4151306152344,471.2306823730469,88.55150604248047,77.63677978515625
2024-02-01,20.260099411010742,36.96296310424805,190.41000366210938,68.90774536132812,89.90579986572266,65.77848052978516,191.01951599121094,101.21392059326172,417.2714538574219,477.398193359375,90.28854370117188,79.04348754882812
2024-02-02,20.03049659729004,36.85805892944336,188.61000061035156,68.59671020507812,88.73578643798828,65.24703216552734,190.01280212402344,100.28988647460938,424.3235778808594,482.4239807128906,88.2941665649414,78.06248474121094
2024-02-05,20.11315155029297,36.90574264526367,187.57000732421875,68.27680969238281,87.87220001220703,64.86475372314453,187.5986785888672,99.32926177978516,423.7697448730469,480.6673889160156,86.51119995117188,76.42443084716797
2024-02-06,20.186626434326172,37.74494552612305,188.5500030517578,68.52565002441406,88.34576416015625,65.26567840576172,189.28956604003906,99.88735961914062,422.9190979003906,482.0628356933594,87.35671997070312,77.45169067382812
2024-02-07,20.278467178344727,37.792625427246094,188.5,68.64114379882812,88.18791198730469,65.22837829589844,188.8497314453125,99.5945816040039,427.2710876464844,486.08349609375,86.9339828491211,77.34063720703125
2024-02-08,20.3886775970459,37.58282470703125,188.3300018310547,68.60560607910156,87.9000473022461,65.12582397460938,191.71343994140625,99.0822525024414,428.06231689453125,486.29815673828125,86.428466796875,77.96996307373047
2024-02-09,20.44378089904785,37.74494552612305,187.60000610351562,68.74779510498047,87.7422103881836,65.36824035644531,194.831298828125,98.95413970947266,432.2757568359375,489.10870361328125,86.25385284423828,78.09026336669922
2024-02-12,20.452964782714844,38.04056930541992,187.11000061035156,68.59671020507812,87.82576751708984,65.47079467773438,198.3694305419922,98.96329498291016,430.58441162109375,488.8940124511719,86.35493469238281,78.1087646484375
2024-02-13,20.33357048034668,37.325340270996094,184.52999877929688,68.04574584960938,86.86004638671875,64.4451904296875,190.2082977294922,97.87459564208984,423.86859130859375,482.1604919433594,84.8752670288086,76.49846649169922
2024-02-14,20.140705108642578,37.859378814697266,184.4199981689453,68.31232452392578,87.1850357055664,65.18177032470703,194.62608337402344,98.33204650878906,428.48760986328125,486.5421447753906,85.3072280883789,77.10000610351562
2024-02-15,20.186626434326172,38.04056930541992,185.66000366210938,68.55228424072266,87.42646789550781,65.8996810913086,199.8159637451172,98.68883514404297,429.76348876953125,489.899169921875,85.74838256835938,78.8954086303711
2024-02-16,20.232547760009766,38.22175979614258,186.33999633789062,68.34790802001953,87.04574584960938,65.98358917236328,197.09886169433594,98.33204650878906,425.8665466308594,487.4594421386719,85.2520751953125,78.08100891113281
2024-02-20,20.122337341308594,38.27898025512695,187.47000122070312,68.49008178710938,87.19432830810547,66.24466705322266,194.3817138671875,98.66140747070312,422.6520690917969,484.77581787109375,85.32561492919922,77.94218444824219
2024-02-21,20.204994201660156,38.345733642578125,187.47999572753906,68.36566162109375,86.9157485961914,66.27263641357422,193.4629669189453,98.41436767578125,420.960693359375,485.2149963378906,84.71902465820312,78.37714385986328
2024-02-22,20.260099411010742,38.736724853515625,187.55999755859375,68.6944580078125,86.92503356933594,66.99055480957031,194.92904663085938,98.56990051269531,433.2846374511719,495.2567138671875,85.13259887695312,78.52523040771484
2024-02-23,19.96620750427246,38.7176513671875,188.6199951171875,68.73889923095703,87.32431030273438,67.06514739990234,195.36886596679688,98.86266326904297,432.0086975097656,495.5982666015625,86.27224731445312,78.48820495605469
2024-02-26,20.149890899658203,38.545997619628906,188.1999969482422,68.51673889160156,87.19432830810547,66.9812240600586,196.600341796875,98.55162048339844,431.7812194824219,493.7830810546875,86.014892578125,77.62752532958984
2024-02-27,20.306018829345703,38.62228775024414,188.0,68.60560607910156,86.99931335449219,67.15837860107422,199.38589477539062,98.41436767578125,432.8197326660156,494.7004699707031,85.40831756591797,77.72008514404297
2024-02-28,20.223363876342773,38.116859436035156,188.33999633789062,68.59671020507812,87.3150405883789,66.75745391845703,197.74391174316406,98.40521240234375,430.51519775390625,494.046630859375,85.95055389404297,78.5067138671875
2024-02-29,20.195810317993164,38.13593673706055,189.30999755859375,68.72115325927734,87.49148559570312,66.94393920898438,199.12200927734375,98.4967269897461,434.20452880859375,495.82269287109375,86.55716705322266,79.17306518554688
2024-03-01,20.29683494567871,38.603214263916016,192.88999938964844,68.97852325439453,87.89090728759766,67.59659576416016,201.23316955566406,99.09630584716797,440.7421875,500.4776306152344,87.09648132324219,80.11700439453125
2024-03-04,20.36112403869629,38.51738739013672,196.00999450683594,68.96067810058594,87.69537353515625,67.41944122314453,201.04745483398438,98.9126968383789,439.16961669921875,499.9408874511719,86.74615478515625,80.86663818359375
2024-03-05,20.204994201660156,38.174076080322266,197.19000244140625,68.90702056884766,88.23539733886719,67.27958679199219,199.12200927734375,99.45443725585938,431.2867126464844,494.9444580078125,87.98155212402344,79.8856430053711
2024-03-06,20.37030792236328,38.7271842956543,198.80999755859375,69.07684326171875,88.44950866699219,68.1280517578125,200.60765075683594,99.72073364257812,433.9967956542969,497.45245361328125,88.49785614013672,80.28360748291016
2024-03-07,20.425413131713867,38.96560287475586,199.94000244140625,69.15727996826172,88.5984878540039,68.90190887451172,202.2789764404297,99.96865844726562,440.58404541015625,502.39031982421875,88.41487121582031,80.26508331298828
2024-03-08,20.36112403869629,38.927452087402344,201.6300048828125,69.17516326904297,88.66366577148438,68.69678497314453,202.15188598632812,100.10638427734375,434.22430419921875,499.37493896484375,88.25814056396484,81.1905517578125
2024-03-11,20.53562355041504,39.01327896118164,202.0,69.16622161865234,88.55192565917969,68.27722930908203,200.5489959716797,100.124755859375,432.6120910644531,498.9455261230469,88.2120590209961,80.80184173583984
2024-03-12,20.48051643371582,39.442413330078125,199.7899932861328,69.22879791259766,88.18883514404297,68.8179931640625,200.2753448486328,99.80339050292969,438.8135986328125,504.3128662109375,87.4744873046875,80.62602233886719
2024-03-13,20.76522445678711,39.318443298339844,201.19000244140625,69.25559997558594,87.9933090209961,68.7900161743164,201.05723571777344,99.7023696899414,435.4408264160156,503.5223388671875,87.0503921508789,80.21882629394531
2024-03-14,20.829513549804688,39.11818313598633,200.35000610351562,68.92491149902344,87.34156799316406,68.3051986694336,197.46046447753906,98.96778106689453,434.34295654296875,502.5270080566406,85.71353912353516,79.01570892333984
2024-03-15,20.902986526489258,38.8797721862793,199.7100067138672,68.88023376464844,87.19261169433594,68.34249114990234,197.83187866210938,98.99530792236328,429.17999267578125,499.0763244628906,85.6859130859375,78.83988189697266
2024-03-18,21.095849990844727,38.94652557373047,200.02999877929688,69.04109191894531,87.09020233154297,68.33316802978516,196.6981201171875,98.83004760742188,433.27325439453125,502.04241943359375,85.42777252197266,78.87691497802734
2024-03-19,21.086666107177734,38.75579833984375,199.8000030517578,69.3181381225586,87.34156799316406,68.43572998046875,197.5288848876953,99.11470794677734,434.35272216796875,504.8323059082031,85.66747283935547,78.84913635253906
2024-03-20,21.03156280517578,39.1944694519043,202.17999267578125,69.55052947998047,87.5464096069336,69.16297149658203,201.4384307861328,99.29833221435547,439.50274658203125,509.50164794921875,85.63980865478516,79.36739349365234
2024-03-21,21.004011154174805,39.24215316772461,201.97000122070312,69.5147705078125,87.55571746826172,69.15364837646484,203.7528533935547,99.44526672363281,441.58251953125,511.1854248046875,85.82418060302734,79.94117736816406
2024-03-22,20.857065200805664,38.96560287475586,200.35000610351562,69.44326782226562,87.9840087890625,68.97650146484375,200.94065856933594,99.78499603271484,442.087646484375,510.2162780761719,86.64472198486328,78.93499755859375
2024-03-25,21.03156280517578,38.994205474853516,200.99000549316406,69.33604431152344,87.7512435913086,68.84596252441406,201.40118408203125,99.44526672363281,440.48321533203125,508.806640625,86.2114028930664,78.44966125488281
2024-03-26,20.866249084472656,38.96560287475586,201.63999938964844,69.25559997558594,87.881591796875,68.95785522460938,201.0386505126953,99.41770935058594,439.05706787109375,507.8669738769531,86.45111846923828,78.13230895996094
2024-03-27,20.847881317138672,39.032352447509766,203.10000610351562,69.62202453613281,88.21675872802734,69.39604949951172,205.41864013671875,100.10638427734375,440.5525207519531,512.1349487304688,87.30851745605469,80.14838409423828
2024-03-28,21.095849990844727,39.17539978027344,205.72000122070312,69.47010040283203,88.13294982910156,69.20026397705078,206.06533813476562,100.0145492553711,439.7404479980469,512.037109375,87.23477172851562,80.71774291992188
2024-04-01,21.196876525878906,39.24215316772461,207.82000732421875,69.18712615966797,87.33553314208984,68.89258575439453,204.1251983642578,99.0569076538086,440.6714172363281,511.146240234375,85.60863494873047,79.3643569946289
2024-04-02,21.389741897583008,39.366127014160156,210.88999938964844,69.0703353881836,87.14877319335938,68.40775299072266,200.372314453125,98.90941619873047,436.86834716796875,507.8963317871094,85.13688659667969,78.36564636230469
2024-04-03,21.646896362304688,39.39473342895508,212.74000549316406,69.1242446899414,87.25149536132812,68.80867004394531,201.68533325195312,98.97396087646484,437.84881591796875,508.4542541503906,85.11837768554688,78.44966125488281
2024-04-04,21.702001571655273,39.25168991088867,211.52000427246094,69.0703353881836,87.55030059814453,68.23059844970703,199.6668243408203,99.08456420898438,431.15380859375,502.2480163574219,85.7288589477539,77.94563293457031
2024-04-05,21.812210083007812,39.33751678466797,215.13999938964844,69.00747680664062,86.97136688232422,68.4730224609375,200.33311462402344,98.65133666992188,436.2344970703125,507.49493408203125,84.53562927246094,78.34698486328125
2024-04-08,21.80302619934082,39.595001220703125,216.47999572753906,69.16915893554688,86.7752685546875,68.83663940429688,201.43057250976562,98.64212799072266,436.3632507324219,507.77880859375,84.5263900756836,79.18699645996094
2024-04-09,21.68363380432129,39.86201477050781,217.6699981689453,69.31288146972656,87.12078857421875,68.82731628417969,202.22425842285156,99.14906311035156,437.9775390625,508.3661804199219,85.31265258789062,80.2417221069336
2024-04-10,21.793842315673828,39.318443298339844,215.61000061035156,68.7020492553711,85.96287536621094,67.91360473632812,196.88400268554688,97.73885345458984,434.1546936035156,503.2759094238281,83.4533920288086,76.91893768310547
2024-04-11,21.757104873657227,39.556854248046875,219.8000030517578,68.63916778564453,85.84148406982422,68.11872100830078,198.21661376953125,97.53607940673828,441.0873718261719,507.0740051269531,83.07413482666016,77.18026733398438
2024-04-12,21.784656524658203,38.65089797973633,216.88999938964844,68.60323333740234,86.1963119506836,66.9998779296875,194.6890869140625,97.75726318359375,434.0556335449219,500.0748596191406,83.51812744140625,76.26557159423828
2024-04-15,21.812210083007812,38.4029541015625,220.9499969482422,68.20797729492188,85.6453857421875,66.79476165771484,191.83770751953125,96.67887878417969,426.91497802734375,493.8097839355469,82.22313690185547,74.96819305419922
2024-04-16,21.77547264099121,37.897525787353516,221.22000122070312,67.98341369628906,85.30926513671875,66.11412811279297,191.1322021484375,96.35629272460938,426.9545593261719,492.9091796875,81.6773910522461,73.9134750366211
2024-04-17,21.43566131591797,37.86891555786133,219.58999633789062,68.0732421875,85.85082244873047,66.15142059326172,189.11370849609375,96.88164520263672,421.74517822265625,489.9920959472656,82.58387756347656,73.37213134765625
2024-04-18,21.426477432250977,38.02149963378906,220.33999633789062,68.12713623046875,85.55201721191406,65.98358917236328,188.9569091796875,96.68807983398438,419.3385314941406,488.9837951660156,82.16763305664062,73.3814697265625
2024-04-19,21.527503967285156,37.86891555786133,221.02999877929688,68.25289154052734,85.6640853881836,65.992919921875,189.25088500976562,96.78946685791016,410.6627502441406,484.7157897949219,82.4636459350586,73.73613739013672
2024-04-22,21.527503967285156,38.27898025512695,215.57000732421875,68.63018798828125,85.67341613769531,66.7294921875,191.36737060546875,97.02912139892578,414.79266357421875,489.1795959472656,82.32486724853516,74.38948822021484
2024-04-23,21.61934471130371,38.59368133544922,215.0399932861328,68.90865325927734,85.78547668457031,67.42876434326172,194.571533203125,97.19503784179688,420.9825439453125,494.9844970703125,82.35263061523438,75.07085418701172
2024-04-24,21.5917911529541,38.7271842956543,214.63999938964844,68.75593566894531,85.52400207519531,67.27958679199219,193.699462890625,96.817138671875,422.40869140625,494.7496032714844,81.7698745727539,75.21086883544922
2024-04-25,21.711183547973633,38.81301498413086,215.9199981689453,68.6122055053711,85.19719696044922,66.94393920898438,192.5236053466797,96.5313949584961,420.3685302734375,492.8700866699219,81.19640350341797,74.7815170288086
2024-04-26,21.72955322265625,39.26122283935547,216.6199951171875,68.82781219482422,85.43062591552734,67.466064453125,194.36575317382812,96.90007781982422,426.8555603027344,497.5394287109375,81.62187194824219,74.81885528564453
2024-04-29,21.711183547973633,39.64268112182617,216.17999267578125,69.03440856933594,85.77613067626953,67.82035827636719,195.9335479736328,97.30563354492188,428.5887145996094,499.30145263671875,82.30638885498047,75.58421325683594
2024-04-30,21.43566131591797,39.08957290649414,211.8699951171875,68.5313720703125,85.37459564208984,66.94393920898438,191.95529174804688,96.77104187011719,420.50714111328125,491.3919372558594,81.60337829589844,74.30549621582031
2024-05-01,21.123403549194336,39.12771224975586,213.7899932861328,68.89258575439453,85.71269989013672,66.79476165771484,192.3570556640625,97.17357635498047,417.4667053222656,489.7963562011719,82.20487976074219,74.33348083496094
2024-05-02,21.196876525878906,40.13856887817383,213.1300048828125,69.31700897216797,86.11541748046875,67.7364501953125,195.8943328857422,97.77506256103516,422.7949523925781,494.3775634765625,82.55762481689453,75.37887573242188
2024-05-03,21.224430084228516,40.50095748901367,212.9600067138672,69.60596466064453,86.5930404663086,68.40775299072266,197.83445739746094,98.4598388671875,431.2924499511719,500.50555419921875,83.39303588867188,75.88290405273438
2024-05-06,21.463214874267578,40.53909683227539,215.1999969482422,69.68724822998047,86.66797637939453,68.89258575439453,200.3919219970703,98.73746490478516,436.0166320800781,505.6741027832031,83.7179183959961,75.94822692871094
2024-05-07,21.444847106933594,40.31022644042969,214.2100067138672,69.69625854492188,86.89276123046875,69.04176330566406,200.84268188476562,98.7837142944336,436.0859069824219,506.232177734375,84.22845458984375,76.66691589355469
2024-05-08,21.334636688232422,40.31976318359375,213.5800018310547,69.53372955322266,86.64925384521484,68.97650146484375,199.67660522460938,98.53387451171875,435.82843017578125,506.2811279296875,83.7179183959961,76.02289581298828
2024-05-09,21.417293548583984,40.44373321533203,216.9499969482422,69.55179595947266,86.9114761352539,69.50794982910156,201.71473693847656,98.69120025634766,436.7791442871094,509.19818115234375,84.1263198852539,77.58162689208984
2024-05-10,21.38055992126465,40.52956008911133,218.7100067138672,69.44343566894531,86.6305160522461,69.61982727050781,200.1959686279297,98.37655639648438,437.8092041015625,509.8541564941406,83.65293884277344,77.366943359375
2024-05-13,21.518320083618164,40.8347282409668,216.25999450683594,69.42536163330078,86.73353576660156,69.61982727050781,200.61729431152344,98.4135513305664,438.8193359375,509.9226379394531,83.8664321899414,77.61894989013672
2024-05-14,21.426477432250977,41.05406188964844,218.08999633789062,69.53372955322266,86.98639678955078,70.11398315429688,202.69461059570312,98.70044708251953,441.6419982910156,512.2622680664062,84.33983612060547,78.21630096435547
2024-05-15,21.499950408935547,41.492733001708984,220.88999938964844,69.94010162353516,87.64199829101562,70.85055541992188,205.22264099121094,99.57955932617188,448.5449523925781,518.6055908203125,85.4908447265625,79.29902648925781
2024-05-16,21.5550537109375,41.57855987548828,220.02999877929688,69.7775650024414,87.47341918945312,70.48693084716797,203.74305725097656,99.42223358154297,447.63385009765625,517.5385131835938,85.4073257446289,79.2430191040039
2024-05-17,21.77547264099121,41.7597541809082,223.66000366210938,69.78659057617188,87.20182037353516,70.72002410888672,203.89004516601562,99.19088745117188,447.4159240722656,518.2824096679688,84.8318099975586,79.2336654663086
2024-05-20,21.968339920043945,41.607173919677734,224.55999755859375,69.82268524169922,87.0706787109375,70.75731658935547,204.34075927734375,99.14462280273438,450.5356140136719,518.879638671875,84.5811767578125,78.76699829101562
2024-05-21,21.876497268676758,41.34968948364258,224.22999572753906,69.76851654052734,87.29545593261719,70.65475463867188,204.144775390625,99.31121063232422,451.4170227050781,520.1522216796875,85.01744842529297,78.73899841308594
2024-05-22,21.564237594604492,41.216182708740234,220.11000061035156,69.6150131225586,87.18306732177734,69.97413635253906,202.4202423095703,99.16311645507812,451.32794189453125,518.6544799804688,85.11955261230469,78.0296401977539
2024-05-23,21.454030990600586,40.9110221862793,215.72000122070312,69.37117004394531,86.87403106689453,69.62915802001953,199.0985107421875,98.72821044921875,449.2976379394531,514.8662109375,84.5718994140625,76.34957122802734
2024-05-24,21.600976943969727,41.025455474853516,215.9199981689453,69.6150131225586,86.98639678955078,70.1978988647461,201.30320739746094,98.9965591430664,453.54644775390625,518.2728271484375,84.82252502441406,76.40557861328125
2024-05-28,21.986709594726562,40.96823501586914,218.19000244140625,69.33506774902344,86.4994125366211,70.21653747558594,201.02883911132812,98.40434265136719,455.2597961425781,518.6348876953125,83.60651397705078,75.90155029296875
2024-05-29,21.757104873657227,40.357906341552734,216.16000366210938,69.12737274169922,86.07794189453125,69.04176330566406,198.0598602294922,97.87683868408203,452.0509338378906,515.0030517578125,82.59473419189453,75.16419219970703
2024-05-30,21.47239875793457,40.243473052978516,216.57000732421875,69.40728759765625,86.5087661743164,69.70375061035156,199.94119262695312,98.47835540771484,447.20794677734375,511.5867614746094,83.39303588867188,76.26557159423828
2024-05-31,21.371374130249023,39.852481842041016,215.3000030517578,69.6511459350586,86.9114761352539,70.3470687866211,201.6265411376953,98.91326141357422,446.3759765625,516.2463989257812,83.95923614501953,77.69361877441406
2024-06-03,21.06829833984375,40.27207946777344,217.22000122070312,69.86705780029297,87.48072814941406,70.57085418701172,200.4899139404297,99.59600830078125,448.7727355957031,516.6674194335938,85.31725311279297,77.51628112792969
2024-06-04,20.857065200805664,39.709434509277344,215.27000427246094,69.83078002929688,87.95977020263672,70.43098449707031,197.903076171875,99.98616790771484,450.0008239746094,517.244873046875,86.3138656616211,78.11363983154297
2024-06-05,20.930538177490234,40.34836959838867,217.82000732421875,70.05757141113281,88.2791519165039,70.84123229980469,200.9308319091797,100.320556640625,459.07275390625,523.3923950195312,86.94722747802734,78.02029418945312
2024-06-06,21.2060604095459,40.54863357543945,219.42999267578125,69.93962860107422,88.24159240722656,71.03702545166016,199.4904327392578,100.25552368164062,458.9142761230469,523.382568359375,86.81683349609375,78.16963958740234
2024-06-07,20.902986526489258,40.09088897705078,211.60000610351562,69.75817108154297,87.31163787841797,70.23519134521484,197.1485595703125,99.35449981689453,458.5082092285156,522.7462768554688,85.22412109375,77.43228149414062
2024-06-10,21.2060604095459,40.32929992675781,213.5399932861328,69.82169342041016,87.123779296875,70.23519134521484,197.82467651367188,99.150146484375,460.3601989746094,524.3615112304688,84.65596008300781,77.69361877441406
2024-06-11,21.178508758544922,40.19486618041992,214.14999389648438,69.91240692138672,87.58404541015625,69.40968322753906,197.14865112304688,99.57743072509766,463.5195007324219,525.6243896484375,85.5314712524414,77.41361236572266
2024-06-12,21.25197982788086,40.59815979003906,214.72000122070312,70.19364929199219,88.07251739501953,70.29212188720703,200.175048828125,100.19050598144531,469.59063720703125,529.9412841796875,86.17414093017578,78.10430145263672
2024-06-13,21.270347595214844,40.502140045166016,212.97000122070312,70.1845932006836,88.65487670898438,69.25785827636719,198.42604064941406,100.66424560546875,472.1359558105469,531.0082397460938,87.4408950805664,78.42164611816406
2024-06-14,21.187692642211914,40.550148010253906,215.72999572753906,69.91240692138672,88.8615493774414,68.55570220947266,195.2718963623047,100.74784088134766,474.5821838378906,531.3313598632812,88.17669677734375,78.40298461914062
2024-06-17,21.26116371154785,40.809410095214844,214.61000061035156,69.957763671875,88.4482421875,68.83086395263672,196.91282653808594,100.27410888671875,480.39569091796875,535.5601806640625,87.3011474609375,78.094970703125
2024-06-18,21.43566131591797,41.18389892578125,215.47000122070312,70.17550659179688,88.83336639404297,69.07756805419922,197.25674438476562,100.73854064941406,480.54425048828125,536.9208984375,88.1021728515625,78.40298461914062
2024-06-20,21.481582641601562,41.11668014526367,218.16000366210938,70.1301498413086,88.60792541503906,69.10604095458984,196.42153930664062,100.4041519165039,476.8402404785156,535.4623413085938,87.51538848876953,78.17898559570312
2024-06-21,21.307085037231445,40.9726448059082,214.77999877929688,70.21179962158203,88.62669372558594,68.5936508178711,196.86370849609375,100.43202209472656,475.5626525878906,534.744384765625,87.51538848876953,78.3749771118164
2024-06-24,21.481582641601562,40.9726448059082,215.6300048828125,70.13922119140625,88.70185852050781,69.18196105957031,197.71856689453125,100.5342025756836,470.14849853515625,533.006103515625,87.86931610107422,78.98167419433594
2024-06-25,21.27953338623047,40.876625061035156,214.55999755859375,70.2299575805664,88.77701568603516,69.3052978515625,197.07005310058594,100.49703979492188,475.52496337890625,535.0587768554688,88.01835632324219,78.01097106933594
2024-06-26,21.316268920898438,40.79020309448242,212.5800018310547,70.07571411132812,88.24159240722656,68.76444244384766,196.54925537109375,99.9489974975586,476.5069580078125,535.7265014648438,86.76094055175781,77.76829528808594
2024-06-27,21.426477432250977,40.819007873535156,214.99000549316406,70.15737915039062,88.4388427734375,68.85932922363281,198.5439453125,100.1440658569336,477.7369689941406,536.571044921875,87.1055679321289,78.52432250976562
2024-06-28,21.334636688232422,40.89582824707031,215.00999450683594,69.98500061035156,87.96916961669922,68.92575073242188,199.35952758789062,99.50313568115234,475.2571105957031,534.4596557617188,85.48490142822266,79.15083312988281
2024-07-01,21.61016082763672,40.99184799194336,215.57000732421875,69.97132110595703,87.3143310546875,69.02063751220703,197.68910217285156,98.9121322631836,478.0445251464844,535.5596313476562,84.00955963134766,78.40430450439453
2024-07-02,21.637712478637695,41.11668014526367,215.55999755859375,70.162841796875,87.64411163330078,69.19143676757812,198.36708068847656,99.5459976196289,483.0638427734375,539.163818359375,84.6635971069336,78.7728500366211
2024-07-03,21.757104873657227,41.72161865234375,217.99000549316406,70.40910339355469,88.22826385498047,70.00746154785156,198.31796264648438,100.28243255615234,487.0912170410156,541.5697631835938,85.77550506591797,78.69725036621094
2024-07-05,21.839763641357422,41.89445877075195,220.92999267578125,70.61885833740234,88.71823120117188,70.46292114257812,197.3746337890625,100.8044204711914,492.1700134277344,544.6928100585938,86.48562622070312,78.91460418701172
2024-07-08,21.54587173461914,41.9040641784668,218.19000244140625,70.60062408447266,88.74650573730469,70.12133026123047,198.7601318359375,100.79508972167969,493.3405456542969,545.3212890625,86.67251586914062,79.16973876953125
2024-07-09,21.398923873901367,42.076900482177734,218.55999755859375,70.51853942871094,88.6240005493164,69.8651351928711,197.89541625976562,100.60867309570312,493.76702880859375,545.8516845703125,86.28939819335938,79.15083312988281
2024-07-10,21.398923873901367,42.31695556640625,219.36000061035156,70.68269348144531,88.70880126953125,70.80451202392578,199.8311309814453,100.85103607177734,498.91534423828125,551.2529296875,86.56034851074219,79.7367172241211
2024-07-11,21.47239875793457,42.56661605834961,223.25,70.93807983398438,89.27411651611328,71.06069946289062,207.01394653320312,101.39168548583984,487.9739990234375,546.499755859375,87.40131378173828,82.0235595703125
2024-07-12,21.389741897583008,42.73945236206055,223.11000061035156,71.12046813964844,89.46255493164062,71.8482666015625,209.43113708496094,101.76456451416016,490.8407897949219,549.9467163085938,87.77506256103516,82.64723205566406
2024-07-15,21.233612060546875,42.28814697265625,223.8300018310547,71.12957763671875,89.1799087524414,71.26946258544922,213.41065979003906,101.20524597167969,492.1600646972656,551.4591674804688,86.76592254638672,83.20476531982422
2024-07-16,21.178508758544922,42.5282096862793,228.2899932861328,71.40321350097656,89.57562255859375,71.6300277709961,220.6917266845703,101.79251098632812,492.3485412597656,554.7294311523438,87.9899673461914,84.22532653808594
2024-07-17,21.178508758544922,41.83684539794922,227.22999572753906,71.32113647460938,89.65100860595703,71.26946258544922,218.3826141357422,101.8391342163086,477.8957214355469,546.9515380859375,88.00865936279297,84.80176544189453
2024-07-18,21.02237892150879,41.443153381347656,225.77999877929688,71.17521667480469,89.39659118652344,70.59576416015625,214.15744018554688,101.4010238647461,475.6340637207031,542.7482299804688,87.3359146118164,84.05524444580078
2024-07-19,20.737672805786133,41.039859771728516,221.72999572753906,71.12046813964844,89.11396789550781,70.1972427368164,213.06674194335938,101.02813720703125,471.418212890625,539.1441650390625,86.82199096679688,83.90404510498047
2024-07-22,20.792776107788086,41.38554382324219,221.8000030517578,71.38495635986328,89.0291519165039,70.89939880371094,216.4567108154297,100.97221374511719,478.4412841796875,544.7025756835938,86.5697250366211,84.7734146118164
2024-07-23,20.599910736083984,41.02065658569336,222.5800018310547,71.39408111572266,89.0951156616211,70.49139404296875,218.75601196289062,100.89765167236328,476.7549743652344,543.8482666015625,86.44823455810547,84.707275390625
2024-07-24,20.59072494506836,40.425315856933594,221.8000030517578,71.16606903076172,88.8972396850586,69.6279067993164,214.05917358398438,100.28243255615234,459.65362548828125,531.523193359375,85.51387023925781,83.45990753173828
2024-07-25,20.636646270751953,40.2620849609375,218.3300018310547,71.17521667480469,89.0951156616211,69.19143676757812,216.73187255859375,100.6832504272461,454.584716796875,528.7537841796875,86.21466827392578,83.18586730957031
2024-07-26,20.425413131713867,40.67498016357422,220.6300048828125,71.40321350097656,89.51910400390625,70.10234832763672,220.31834411621094,101.2425537109375,459.2469177246094,534.6757202148438,86.88740539550781,84.64112854003906
2024-07-29,20.33357048034668,40.54054641723633,220.32000732421875,71.33936309814453,89.66986846923828,69.77973175048828,217.8716583251953,101.4569320678711,460.1694641113281,534.9899291992188,87.35459899902344,85.07581329345703
2024-07-30,20.2692813873291,40.35810470581055,222.52000427246094,71.37583923339844,89.85831451416016,69.9695053100586,218.69705200195312,101.54083251953125,453.85064697265625,532.2794799804688,87.69096374511719,85.73729705810547
2024-07-31,20.737672805786133,41.24150848388672,226.5500030517578,71.6312255859375,90.5178451538086,70.95632934570312,219.964599609375,102.12808990478516,467.28179931640625,540.9315795898438,88.58795928955078,85.43489837646484
2024-08-01,20.489700317382812,40.52134323120117,225.77000427246094,71.47444152832031,90.90438079833984,69.09654998779297,212.811279296875,102.46675109863281,455.9635314941406,533.2713623046875,89.35200500488281,86.29483032226562
2024-08-02,20.11315155029297,39.94520950317383,225.33999633789062,71.2360610961914,92.31248474121094,67.99586486816406,205.28456115722656,103.4677734375,445.1412048339844,523.3426513671875,92.13634490966797,86.2475814819336
2024-08-05,20.076417922973633,38.81214904785156,222.47999572753906,70.79600524902344,92.4070053100586,66.50613403320312,198.68150329589844,103.2058334350586,431.86883544921875,508.1010437011719,92.62384796142578,83.78119659423828
2024-08-06,19.911104202270508,39.03300094604492,220.6999969482422,71.06187438964844,91.58480834960938,66.62000274658203,200.8432159423828,102.5322494506836,435.99542236328125,512.7854614257812,90.55199432373047,85.43489837646484
2024-08-07,20.094785690307617,39.27305603027344,220.5500030517578,71.19937896728516,91.25403594970703,66.90467071533203,198.46533203125,102.06448364257812,431.2736511230469,509.3580017089844,89.91450500488281,84.84901428222656
2024-08-08,20.278467178344727,40.16606140136719,224.00999450683594,71.49276733398438,90.97996520996094,68.06228637695312,203.28988647460938,102.11126708984375,444.46673583984375,521.1329345703125,89.36139678955078,85.68058776855469
2024-08-09,20.397859573364258,40.38691329956055,224.55999755859375,71.48361206054688,91.34854888916016,68.31847381591797,202.8673858642578,102.63514709472656,446.7879333496094,523.4310302734375,90.24264526367188,86.07746887207031
2024-08-12,20.682567596435547,40.52134323120117,228.41000366210938,71.52942657470703,91.60370635986328,68.27103424072266,201.0397491455078,102.85030364990234,447.7500915527344,523.7060546875,90.57076263427734,85.44434356689453
2024-08-13,20.489700317382812,40.9726448059082,228.05999755859375,71.85951232910156,92.01007843017578,69.41917419433594,204.3511199951172,103.57067108154297,458.8600158691406,532.3187255859375,91.19886779785156,86.19087982177734
2024-08-14,20.36112403869629,40.751792907714844,226.1999969482422,71.98786926269531,92.13294219970703,69.68484497070312,203.0835418701172,104.02906799316406,459.00885009765625,533.9981079101562,91.77073669433594,86.41767883300781
2024-08-15,20.526437759399414,41.203102111816406,226.91000366210938,72.0520248413086,91.55645751953125,70.51985168457031,208.3502655029297,103.71099853515625,470.6048583984375,543.1509399414062,91.03012084960938,86.35152435302734
2024-08-16,20.397859573364258,41.68320846557617,231.99000549316406,72.2812271118164,91.73601531982422,70.89939880371094,208.90054321289062,104.01970672607422,471.2099304199219,544.36865234375,91.34886932373047,86.30427551269531
2024-08-19,20.28765106201172,42.08650207519531,231.61000061035156,72.40042114257812,91.8588638305664,71.77235412597656,211.45529174804688,104.262939453125,477.3997497558594,549.5736083984375,91.77073669433594,87.02244567871094
2024-08-20,20.204994201660156,41.76002883911133,232.4600067138672,72.33625030517578,92.22742462158203,71.58258819580078,208.98899841308594,104.53424835205078,476.39788818359375,548.6799926757812,92.50198364257812,86.91851806640625
2024-08-21,20.10396957397461,41.92326736450195,232.14999389648438,72.50125885009766,92.41645812988281,72.23729705810547,211.7107696533203,104.76811981201172,478.6198425292969,550.5654907226562,92.55821990966797,87.38154602050781
2024-08-22,20.085603713989258,41.404747009277344,229.3699951171875,72.40959167480469,91.99118041992188,71.78185272216797,209.84384155273438,104.3377914428711,471.0313415527344,546.2444458007812,91.63948822021484,87.63668823242188
2024-08-23,20.44378089904785,42.09610366821289,232.02000427246094,72.7946548461914,92.41645812988281,73.1197509765625,216.545166015625,104.93649291992188,476.13995361328125,552.0484619140625,92.23948669433594,89.56442260742188
2024-08-26,20.655014038085938,41.74082565307617,232.75999450683594,72.64795684814453,92.30302429199219,72.80662536621094,216.6139373779297,104.80554962158203,471.5174560546875,550.7324829101562,92.00511169433594,89.52662658691406
2024-08-27,20.55398941040039,41.798439025878906,233.38999938964844,72.69380950927734,92.2652587890625,73.13873291015625,214.93370056152344,104.72135925292969,472.926025390625,551.4887084960938,91.84573364257812,89.65892791748047
2024-08-28,20.306018829345703,41.5391731262207,231.75,72.65713500976562,92.21797943115234,72.80662536621094,213.4794464111328,104.50616455078125,467.55950927734375,548.287109375,91.73323822021484,89.30928802490234
2024-08-29,20.53562355041504,41.558380126953125,232.9499969482422,72.73048400878906,92.05733489990234,73.06281280517578,215.00247192382812,104.32843780517578,466.8750915527344,548.336181640625,91.4332504272461,89.03524017333984
2024-08-30,20.306018829345703,41.644798278808594,231.2899932861328,72.73963165283203,91.73601531982422,73.24311065673828,216.25038146972656,104.03842163085938,472.4399719238281,553.5706176757812,90.458251953125,89.89517211914062
2024-09-03,19.901920318603516,40.819007873535156,230.2899932861328,72.481689453125,92.34074401855469,72.00008392333984,209.6374969482422,104.35295104980469,458.0962219238281,542.1785888671875,91.93772888183594,89.8479232788086
2024-09-04,19.754974365234375,40.809410095214844,230.42999267578125,72.74885559082031,92.88103485107422,71.78185272216797,209.2837677001953,105.00083923339844,456.9058532714844,541.0689697265625,93.122802734375,90.10305786132812
2024-09-05,19.800893783569336,40.86702346801758,232.35000610351562,72.99757385253906,93.09905242919922,71.87673950195312,208.24220275878906,105.51725006103516,457.3324279785156,539.7529907226562,93.64950561523438,89.81011962890625
2024-09-06,19.534557342529297,40.118045806884766,230.6300048828125,72.90547180175781,93.23174285888672,70.48190307617188,204.2823028564453,105.47028350830078,445.081787109375,530.6688842773438,93.64008331298828,89.72506713867188
2024-09-09,19.58966064453125,40.454132080078125,231.60000610351562,73.08051300048828,93.36444854736328,71.22201538085938,204.8522186279297,105.70503234863281,450.80535888671875,536.6102905273438,94.04451751708984,90.72674560546875
2024-09-10,19.304954528808594,40.30049133300781,232.6199951171875,72.94230651855469,93.7625503540039,70.9658203125,204.6851806640625,105.99610900878906,454.9715881347656,538.94775390625,94.70291900634766,92.0402603149414
2024-09-11,19.479450225830078,40.59815979003906,232.25,73.0528564453125,93.69619750976562,71.33588409423828,205.28456115722656,106.04305267333984,464.85150146484375,544.4766845703125,94.62764739990234,91.86071014404297
2024-09-12,19.855998992919922,40.93423843383789,236.3300018310547,73.1541976928711,93.54456329345703,71.94316101074219,207.92776489257812,105.96794891357422,469.4144592285156,549.06298828125,94.18560791015625,92.24815368652344
2024-09-13,19.892736434936523,41.126285552978516,238.67999267578125,73.35684967041016,93.7246322631836,72.1234359741211,213.0569305419922,106.29656982421875,471.5174560546875,551.9305419921875,94.43955993652344,93.21202087402344
2024-09-16,20.03968048095703,41.26071548461914,238.66000366210938,73.54110717773438,93.97107696533203,72.71173858642578,213.82337951660156,106.76604461669922,469.43426513671875,552.7457275390625,95.30484771728516,93.52386474609375
2024-09-17,20.177440643310547,41.3087272644043,237.33999633789062,73.55953216552734,93.80046081542969,72.27525329589844,215.59202575683594,106.7754135131836,469.68231201171875,552.9716796875,94.84397888183594,92.871826171875
2024-09-18,20.048864364624023,41.16468811035156,235.50999450683594,73.62401580810547,93.39288330078125,72.07598876953125,215.63134765625,106.33412170410156,467.6487731933594,551.33154296875,93.66832733154297,92.75843811035156
2024-09-19,20.407045364379883,42.038490295410156,239.1699981689453,73.8451156616211,93.3170394897461,73.49929809570312,220.07269287109375,106.42800903320312,479.472900390625,560.73974609375,93.35796356201172,92.77732849121094
2024-09-20,20.407045364379883,41.95207214355469,242.2100067138672,73.93724060058594,93.2885971069336,72.77816009521484,217.71446228027344,106.52188873291016,478.56036376953125,559.7703857421875,93.00051879882812,92.40878295898438
2024-09-23,20.416229248046875,42.27854537963867,242.67999267578125,73.79903411865234,93.23174285888672,73.07230377197266,216.91854858398438,106.37167358398438,479.8288269042969,561.169189453125,92.80300903320312,93.3254165649414
2024-09-24,20.756038665771484,43.71887969970703,246.07000732421875,73.8082504272461,93.33601379394531,73.46133422851562,217.2821044921875,106.5500717163086,482.14337158203125,562.7748413085938,92.78421020507812,93.45771026611328
2024-09-25,20.58154296875,43.257972717285156,245.72999572753906,73.72535705566406,92.95685577392578,73.0533218383789,214.63186645507812,105.92098999023438,482.59039306640625,561.53369140625,92.01296997070312,92.83403015136719
2024-09-26,20.397859573364258,44.84233856201172,246.97999572753906,73.8451156616211,92.89051055908203,74.7138442993164,215.7755889892578,105.92098999023438,486.2160949707031,563.760009765625,92.22928619384766,91.9930191040039
2024-09-27,20.498884201049805,44.755916595458984,245.02000427246094,74.02936553955078,93.26018524169922,74.2489013671875,217.2347869873047,106.34349822998047,483.51422119140625,562.9422607421875,92.7089614868164,92.11021423339844
2024-09-30,20.452964782714844,44.03575134277344,243.05999755859375,73.97407531738281,93.00425720214844,74.05912780761719,217.78692626953125,106.08060455322266,484.8254089355469,565.1981201171875,92.26690673828125,92.8344497680664
2024-10-01,20.81114387512207,44.35262680053711,245.61000061035156,73.93704986572266,93.34268951416016,73.46133422851562,214.8290557861328,106.59042358398438,478.07061767578125,560.1348876953125,92.93309020996094,92.23410034179688
2024-10-02,20.98564338684082,45.2264289855957,245.66000366210938,73.94630432128906,93.07650756835938,73.30003356933594,214.53326416015625,106.3548355102539,478.74609375,560.3712768554688,92.14990234375,91.91010284423828
2024-10-03,21.28871726989746,44.68870544433594,245.49000549316406,73.77042388916016,92.6011962890625,72.58838653564453,213.09378051757812,105.6668930053711,478.3884582519531,559.3468017578125,91.28181457519531,91.07151794433594
2024-10-04,21.343822479248047,45.101600646972656,245.0,73.68710327148438,91.70760345458984,73.10077667236328,216.0713653564453,105.0920639038086,484.0804138183594,564.4298095703125,90.15897369384766,90.63317108154297
2024-10-07,21.637712478637695,45.47608184814453,244.1699981689453,73.37236022949219,91.3748779296875,72.66429138183594,214.3755340576172,104.55492401123047,478.8951110839844,559.3270874023438,89.47958374023438,89.83271026611328
2024-10-08,21.132587432861328,44.35262680053711,242.3699951171875,73.5482406616211,91.4509048461914,72.4840087890625,214.52342224121094,104.76224517822266,486.04718017578125,564.616943359375,89.63054656982422,90.0137710571289
2024-10-09,20.948904037475586,44.11256790161133,241.0500030517578,73.50194549560547,91.10869598388672,72.5124740600586,214.99667358398438,104.55492401123047,489.87164306640625,568.5277709960938,89.12100982666016,90.10906219482422
2024-10-10,21.36219024658203,44.19898986816406,242.82000732421875,73.46492767333984,91.09918975830078,72.37962341308594,213.80369567871094,104.44184112548828,489.3153381347656,567.5328369140625,88.77189636230469,89.30860900878906
2024-10-11,21.38055992126465,44.515865325927734,245.47000122070312,73.65933227539062,91.12772369384766,72.80662536621094,218.15171813964844,104.42298126220703,490.0802307128906,570.9312744140625,88.413330078125,90.31871032714844
2024-10-14,21.0499324798584,44.33341979980469,245.07000732421875,73.69637298583984,90.96609497070312,72.92047882080078,219.7588348388672,104.43241119384766,494.1927185058594,575.6005859375,88.47937774658203,90.86187744140625
2024-10-15,20.645830154418945,43.39240264892578,245.9199981689453,73.67784881591797,91.4319076538086,71.8577651977539,219.93629455566406,104.94129180908203,487.5869445800781,571.1283569335938,89.55506896972656,91.95774841308594
2024-10-16,20.59072494506836,43.728485107421875,247.14999389648438,73.80744934082031,91.57449340820312,72.03804016113281,223.5547332763672,105.27111053466797,487.6465148925781,573.6107788085938,89.93251037597656,92.96784973144531
2024-10-17,20.61827850341797,43.6612663269043,248.6300048828125,73.69637298583984,91.09918975830078,72.00008392333984,222.9434356689453,104.48894500732422,487.9842834472656,573.659912109375,88.5076904296875,92.23410034179688
2024-10-18,20.50806999206543,44.09336471557617,251.27000427246094,73.87224578857422,91.20375061035156,72.46503448486328,222.4800567626953,104.366455078125,491.1828308105469,575.8665771484375,88.57374572753906,92.92021179199219
2024-10-21,20.572359085083008,43.786094665527344,251.22000122070312,73.57601928710938,90.50028991699219,71.5730972290039,218.97991943359375,103.30158996582031,492.12652587890625,574.9208984375,87.02627563476562,91.10011291503906
2024-10-22,20.930538177490234,43.6900749206543,253.92999267578125,73.47418975830078,90.41472625732422,71.19355010986328,218.15171813964844,103.29215240478516,492.6629333496094,574.6155395507812,87.1112060546875,91.23352813720703
2024-10-23,20.81114387512207,43.43081283569336,250.8699951171875,73.25201416015625,90.2055892944336,70.43445587158203,216.16012573242188,102.9435043334961,485.1134948730469,569.3650512695312,86.87528228759766,91.90057373046875
2024-10-24,20.801959991455078,43.36359786987305,252.8000030517578,73.46492767333984,90.40524291992188,70.83297729492188,216.63336181640625,103.25446319580078,489.0471496582031,570.596435546875,87.43202209472656,92.1006851196289
2024-10-25,20.948904037475586,43.32518768310547,253.32000732421875,73.390869140625,90.2055892944336,70.59576416015625,215.81500244140625,103.00944519042969,492.0271911621094,570.3993530273438,86.94134521484375,91.23352813720703
2024-10-28,20.3886775970459,43.51723098754883,253.3300018310547,73.57601928710938,89.99646759033203,71.12712860107422,219.33486938476562,102.92465209960938,492.1066589355469,572.1627197265625,86.7054443359375,91.51940155029297
2024-10-29,20.351940155029297,43.3828010559082,256.0899963378906,73.59452819824219,90.03448486328125,70.823486328125,218.62498474121094,103.04712677001953,496.8350524902344,573.0887451171875,86.83755493164062,90.86187744140625
2024-10-30,20.609094619750977,42.960304260253906,257.5,73.46492767333984,89.9013900756836,70.45343017578125,218.32919311523438,102.91521453857422,493.0801696777344,571.35498046875,87.09232330322266,91.26210021972656
2024-10-31,20.746854782104492,42.68184280395508,253.50999450683594,73.26128387451172,89.8538589477539,70.00746154785156,214.70086669921875,102.70787811279297,480.63348388671875,560.1546020507812,87.2338638305664,89.71836853027344
2024-11-01,20.526437759399414,42.72024917602539,252.47000122070312,73.26593780517578,89.32176971435547,70.17826080322266,215.9037628173828,102.14519500732422,484.18963623046875,562.518798828125,86.00401306152344,88.72731018066406
2024-11-04,20.87543296813965,42.960304260253906,252.8300018310547,73.47061157226562,89.79855346679688,70.20671844482422,216.99813842773438,102.90176391601562,482.7791442871094,561.3070678710938,87.33895111083984,89.69930267333984
2024-11-05,21.004011154174805,43.54603576660156,253.39999389648438,73.67527770996094,89.84623718261719,70.88990783691406,221.0800018310547,103.39353942871094,488.9378967285156,568.0942993164062,87.80284881591797,90.89046478271484
2024-11-06,20.7744083404541,43.0083122253418,245.6999969482422,73.8055419921875,88.92125701904297,69.89360809326172,233.88754272460938,102.3154296875,502.218994140625,582.2203369140625,85.3980712890625,88.95601654052734
2024-11-07,20.98564338684082,43.95893096923828,249.64999389648438,74.12185668945312,89.63643646240234,70.99427795410156,233.059326171875,103.52590942382812,510.1261291503906,586.7221069335938,86.46792602539062,90.02330017089844
2024-11-08,20.664199829101562,42.87388610839844,247.9600067138672,74.2427978515625,89.8271484375,70.03592681884766,234.77487182617188,103.88529968261719,510.72210693359375,589.2636108398438,87.56616973876953,91.36693572998047
2024-11-11,20.33357048034668,42.54741287231445,242.13999938964844,74.1590805053711,89.57923889160156,70.04541778564453,238.3045654296875,103.68669891357422,510.424072265625,589.8251342773438,87.14013671875,90.90953826904297
2024-11-12,20.223363876342773,41.74082565307617,240.0500030517578,73.86135864257812,89.01663208007812,68.77393341064453,234.12413024902344,102.75045013427734,509.500244140625,587.992919921875,85.8335952758789,89.65166473388672
2024-11-13,20.159074783325195,41.47195816040039,237.6300048828125,73.87997436523438,88.95940399169922,68.32797241210938,231.80715942382812,102.36270904541016,508.8446350097656,588.278564453125,85.01939392089844,90.14717864990234
2024-11-14,20.140705108642578,41.24150848388672,237.00999450683594,73.72179412841797,88.94986724853516,68.44182586669922,228.6816864013672,102.3343505859375,505.308349609375,584.495849609375,85.5116958618164,89.33720397949219
2024-11-15,20.03968048095703,41.24150848388672,236.58999633789062,73.7125015258789,88.9880142211914,68.19512939453125,225.27029418945312,102.38162994384766,493.2689208984375,577.0092163085938,85.28447723388672,89.38483428955078
2024-11-18,20.498884201049805,41.712013244628906,241.08999633789062,73.85205078125,89.18826293945312,68.57467651367188,225.71395874023438,102.57077026367188,496.6959533691406,579.3734130859375,85.43596649169922,90.03282928466797
2024-11-19,20.563173294067383,41.68320846557617,243.25,73.96369171142578,89.37898254394531,68.50825500488281,227.39010620117188,102.78828430175781,500.1130676269531,581.4913330078125,85.87147521972656,90.47118377685547
2024-11-20,20.55398941040039,41.63520050048828,244.6199951171875,73.9450912475586,89.24546813964844,68.25205993652344,227.68588256835938,102.54239654541016,499.82501220703125,581.6883544921875,85.59690856933594,90.35682678222656
2024-11-21,20.700937271118164,41.54877853393555,246.66000366210938,73.9729995727539,89.19779205322266,68.29000854492188,231.14657592773438,102.4194564819336,501.62298583984375,584.81103515625,85.53062438964844,91.02388000488281
2024-11-22,20.719303131103516,41.558380126953125,249.83999633789062,73.95440673828125,89.25499725341797,68.5936508178711,235.41574096679688,102.51403045654297,502.4276428222656,586.6236572265625,85.57796478271484,91.7099838256836
2024-11-25,20.425413131713867,41.58718490600586,242.47999572753906,74.23348999023438,90.21813201904297,68.87831115722656,238.99473571777344,103.79073333740234,503.2222900390625,588.613525390625,87.79338836669922,92.9869155883789
2024-11-26,20.425413131713867,41.41434860229492,242.9499969482422,74.09394836425781,90.02741241455078,68.50825500488281,237.23976135253906,103.52590942382812,505.9241638183594,591.6869506835938,87.45255279541016,93.35855865478516
2024-11-27,20.315204620361328,41.47195816040039,243.49000549316406,74.31723022460938,90.38975524902344,68.86882781982422,237.5651092529297,103.90421295166016,501.94085693359375,589.89404296875,88.05847930908203,93.95890808105469
2024-11-29,20.33357048034668,41.5391731262207,245.58999633789062,74.46610260009766,90.77119445800781,69.88411712646484,238.47216796875,104.54728698730469,506.351318359375,593.55859375,88.96739196777344,93.53961944580078
2024-12-02,20.186626434326172,41.702415466308594,243.44000244140625,74.43899536132812,90.76355743408203,70.00746154785156,238.3538818359375,104.71145629882812,511.864501953125,594.6224365234375,89.18114471435547,92.17691802978516
2024-12-03,20.416229248046875,41.78883361816406,243.92999267578125,74.43899536132812,90.50529479980469,70.38700103759766,236.6580352783203,104.34135437011719,513.4338989257812,594.8982543945312,88.4115982055664,91.7099838256836
2024-12-04,20.306018829345703,41.89445877075195,244.6699981689453,74.61654663085938,90.84963989257812,70.45343017578125,237.50595092773438,104.84432220458984,519.781494140625,598.5922241210938,89.36164855957031,91.46222686767578
2024-12-05,20.278467178344727,42.17292022705078,242.86000061035156,74.55113983154297,90.84008026123047,70.79502868652344,234.7354278564453,104.81583404541016,518.341064453125,597.6072387695312,89.54216003417969,91.24305725097656
2024-12-06,20.122337341308594,42.105709075927734,242.9499969482422,74.6726303100586,91.12702941894531,70.79502868652344,235.57347106933594,105.05309295654297,522.9801025390625,598.7400512695312,89.6751708984375,91.1096420288086
2024-12-09,20.315204620361328,42.969905853271484,245.36000061035156,74.57916259765625,90.81138610839844,70.70962524414062,234.39035034179688,104.78739166259766,518.9072875976562,595.65673828125,88.84862518310547,91.36693572998047
2024-12-10,20.36112403869629,42.27854537963867,248.58999633789062,74.61654663085938,90.64876556396484,70.14030456542969,233.37481689453125,104.62604522705078,517.13916015625,593.8048706054688,88.43061065673828,90.04235076904297
2024-12-11,20.61827850341797,42.45138931274414,250.9600067138672,74.63524627685547,90.38093566894531,70.56729888916016,234.42979431152344,104.34135437011719,526.3971557617188,598.3953247070312,87.59455108642578,89.83271026611328
2024-12-12,20.53562355041504,42.24013900756836,247.27999877929688,74.42963409423828,90.03660583496094,69.92206573486328,231.38319396972656,103.75299835205078,522.9998779296875,595.3120727539062,86.530517578125,89.68978118896484
2024-12-13,20.526437759399414,42.27854537963867,244.2899932861328,74.2146987915039,89.61573791503906,69.70381927490234,229.7958221435547,103.1740951538086,527.003173828125,595.1937866210938,85.64696502685547,89.43247985839844
2024-12-16,20.416229248046875,42.048095703125,244.8800048828125,74.35486602783203,89.64444732666016,69.45711517333984,231.14657592773438,103.30694580078125,534.59228515625,597.7352905273438,85.9034652709961,89.11802673339844
2024-12-17,20.278467178344727,41.9475212097168,243.94000244140625,74.19599914550781,89.64444732666016,69.29328918457031,228.50035095214844,103.31645965576172,532.238037109375,595.2725830078125,86.11248779296875,88.68920135498047
2024-12-18,20.094785690307617,40.97108840942383,239.25999450683594,73.43414306640625,88.95155334472656,67.62600708007812,218.38409423828125,102.03553771972656,513.03662109375,577.5313720703125,85.03572082519531,85.02995300292969
2024-12-19,20.094785690307617,41.1077880859375,239.60000610351562,73.3589859008789,88.54847717285156,67.5199966430664,217.41500854492188,101.48314666748047,510.7518615722656,577.35400390625,83.7481460571289,83.71489715576172
2024-12-20,20.223363876342773,41.27378463745117,242.10000610351562,73.81930541992188,88.87478637695312,67.3368911743164,219.45208740234375,101.88314819335938,515.2120361328125,584.2886352539062,84.22504425048828,85.12523651123047
2024-12-23,20.238842010498047,41.50812530517578,240.9600067138672,73.62201690673828,88.4813003540039,67.73201751708984,218.94776916503906,101.5879135131836,520.2315673828125,587.7875366210938,83.45249938964844,85.45814514160156
2024-12-24,20.354934692382812,41.63506317138672,241.44000244140625,73.85686492919922,88.529296875,68.0211410522461,220.90573120117188,101.90220642089844,527.2857666015625,594.3207397460938,83.80538940429688,86.02581787109375
2024-12-26,20.296886444091797,41.48860168457031,243.07000732421875,74.04476165771484,88.59647369384766,68.36809539794922,223.17025756835938,101.99744415283203,526.9276123046875,594.3603515625,83.7576904296875,86.25672912597656
2024-12-27,20.393630981445312,41.303077697753906,241.39999389648438,73.79112243652344,88.36615753173828,68.22352600097656,219.9168701171875,101.5688705444336,519.9231567382812,588.103759765625,83.07099151611328,85.39080047607422
2024-12-30,20.57744598388672,40.97108840942383,240.6300048828125,73.89446258544922,88.88438415527344,67.77056884765625,218.2258758544922,102.00696563720703,513.0081787109375,581.392578125,83.73863220214844,84.96744537353516
2024-12-31,20.683862686157227,40.834388732910156,242.1300048828125,73.88506317138672,88.72123718261719,67.73201751708984,218.50279235839844,101.74982452392578,508.65032958984375,579.2774047851562,83.29035949707031,85.70830535888672
2025-01-02,20.887025833129883,40.77580261230469,245.4199981689453,74.06354522705078,88.76920318603516,67.58745574951172,218.68075561523438,101.75933074951172,507.6553955078125,577.8541259765625,83.51925659179688,84.94821166992188
2025-01-03,20.780607223510742,41.1566162109375,243.49000549316406,74.17626953125,88.62525939941406,67.92476654052734,221.93417358398438,101.5212631225586,515.9632568359375,585.0792846679688,83.25220489501953,86.06429290771484
2025-01-06,20.819305419921875,41.303077697753906,243.19000244140625,74.30780029296875,88.53887939453125,68.53192901611328,222.02317810058594,101.26412200927734,521.8931884765625,588.44970703125,82.88026428222656,84.95782470703125
2025-01-07,20.91604995727539,41.01014709472656,244.55999755859375,74.06354522705078,88.13582611083984,68.41627502441406,220.24317932128906,100.7974624633789,512.5803833007812,581.7978515625,81.94558715820312,84.14962005615234
2025-01-08,20.877351760864258,40.81486129760742,245.86000061035156,74.15748596191406,88.28938293457031,68.26207733154297,219.2444305419922,100.95936584472656,512.6699829101562,582.6478881835938,82.05049133300781,84.37091827392578
2025-01-10,21.438467025756836,40.1215934753418,248.2100067138672,73.77233123779297,87.64640045166016,67.22123718261719,214.41868591308594,100.37842559814453,504.6307373046875,573.7523193359375,81.50686645507812,82.3119125366211
2025-01-13,21.5932559967041,39.84819793701172,245.74000549316406,73.75353240966797,87.49285888671875,67.0477523803711,214.83401489257812,100.09272003173828,503.0089416503906,574.6419067382812,81.47824096679688,83.32218170166016
2025-01-14,21.583581924438477,40.2973518371582,247.02999877929688,73.84748077392578,87.52165222167969,67.2501449584961,217.27655029296875,100.2070083618164,502.5313415527344,575.4326171875,81.34473419189453,84.08226776123047
2025-01-15,21.931861877441406,40.82462692260742,248.8800048828125,74.49567413330078,88.44293212890625,68.10787963867188,221.5485076904297,101.406982421875,514.0927124023438,585.8997192382812,82.74673461914062,84.56334686279297
2025-01-16,21.83511734008789,40.77580261230469,250.60000610351562,74.5802230834961,88.65406036376953,68.45482635498047,221.9935302734375,101.60697937011719,510.49102783203125,584.7728881835938,83.01376342773438,86.31446075439453
2025-01-17,21.738372802734375,41.098026275634766,249.27000427246094,74.6459732055664,88.72123718261719,68.77286529541016,222.95272827148438,101.69268798828125,519.1072998046875,590.6439819335938,83.1568374633789,86.25672912597656
2025-01-21,21.631956100463867,41.53742218017578,253.1300048828125,74.84325408935547,89.01873779296875,70.16065979003906,227.23455810546875,102.28314208984375,522.1517944335938,596.0504150390625,83.90074920654297,87.8731460571289
2025-01-22,21.612606048583984,41.56671142578125,254.42999267578125,74.73991394042969,88.78839111328125,69.91007995605469,225.75125122070312,101.95933532714844,528.8280639648438,599.401123046875,83.4620361328125,86.34332275390625
2025-01-23,21.53521156311035,41.66435241699219,254.07000732421875,74.8338623046875,88.5580825805664,70.48832702636719,226.77967834472656,101.81649017333984,529.9522705078125,602.6727294921875,82.81348419189453,86.97834777832031
2025-01-24,21.544885635375977,41.93775939941406,255.64999389648438,74.91840362548828,88.74041748046875,70.87383270263672,226.1468048095703,102.01648712158203,526.9574584960938,600.913330078125,83.18544006347656,87.276611328125
2025-01-27,21.21595573425293,41.17613983154297,252.99000549316406,74.97476959228516,89.31622314453125,70.89309692382812,223.98117065429688,102.72122955322266,511.6152648925781,592.4132080078125,84.16780090332031,88.44081115722656
2025-01-28,21.235305786132812,41.47883605957031,255.17999267578125,74.94659423828125,89.3258285522461,70.7967300415039,224.22837829589844,102.57835388183594,519.1769409179688,597.50341796875,84.11058044433594,87.3728256225586
2025-01-29,21.274002075195312,41.48860168457031,254.1999969482422,74.8996353149414,89.22026824951172,70.81600952148438,223.71414184570312,102.44505310058594,518.201904296875,594.8248901367188,83.93891906738281,86.2182388305664
2025-01-30,21.293350219726562,42.191627502441406,258.04998779296875,75.04054260253906,89.41218566894531,71.60627746582031,225.98858642578125,102.6736068725586,520.41064453125,598.0173950195312,84.25364685058594,87.3150863647461
2025-01-31,21.25465202331543,41.71317672729492,258.55999755859375,74.89022827148438,89.26824188232422,70.9123764038086,223.9613800048828,102.34028625488281,519.6544799804688,594.8347778320312,83.70046997070312,87.12266540527344
2025-02-03,21.419116973876953,41.410484313964844,259.94000244140625,74.79586029052734,89.33177947998047,70.15101623535156,221.34083557128906,102.50181579589844,515.49560546875,590.831787109375,84.38197326660156,86.93985748291016
2025-02-04,21.47716522216797,42.15257263183594,262.5,75.03178405761719,89.55321502685547,70.950927734375,224.4063720703125,102.7025375366211,521.823486328125,594.7952270507812,84.640380859375,87.00720977783203
2025-02-05,21.34172248840332,42.045166015625,264.1300048828125,75.22996520996094,90.07308959960938,71.63518524169922,226.84889221191406,103.41938781738281,524.1914672851562,597.2068481445312,86.03782653808594,88.22913360595703
2025-02-06,21.351396560668945,42.220924377441406,263.42999267578125,75.1167221069336,89.96717834472656,71.99176788330078,226.1072235107422,103.22822570800781,526.9276123046875,599.2825317382812,85.99954223632812,88.45043182373047
2025-02-07,21.36107063293457,42.18186569213867,263.8999938964844,74.88079071044922,89.6687240600586,71.29788208007812,223.48670959472656,102.77900695800781,520.2813110351562,593.7969360351562,85.44438171386719,88.16177368164062
2025-02-10,21.670652389526367,42.689613342285156,268.3699951171875,75.03178405761719,89.64949798583984,71.77011108398438,224.49537658691406,102.80767822265625,526.579345703125,597.8295288085938,85.18595123291016,88.12329864501953
2025-02-11,21.83511734008789,42.523616790771484,267.3900146484375,75.00347900390625,89.41842651367188,72.107421875,223.19004821777344,102.57827758789062,525.3257446289062,598.2843017578125,84.640380859375,88.5081558227539
2025-02-12,21.5932559967041,42.75796127319336,267.6700134277344,74.84305572509766,88.80227661132812,72.29053497314453,221.1331787109375,102.0239028930664,525.6341552734375,596.3568115234375,83.49182891845703,87.6903305053711
2025-02-13,21.699676513671875,43.0313606262207,270.30999755859375,75.18276977539062,89.46656799316406,73.16754150390625,223.62515258789062,102.81724548339844,533.1959228515625,602.6529541015625,84.87967681884766,88.5658950805664
2025-02-14,21.7093505859375,43.36334991455078,266.2900085449219,75.2677001953125,89.842041015625,73.24464416503906,223.45704650878906,103.21868133544922,535.4345092773438,602.623291015625,85.32954406738281,88.16177368164062
2025-02-18,22.02860450744629,43.636749267578125,270.70001220703125,75.20164489746094,89.36067199707031,73.73615264892578,224.68325805664062,102.7981185913086,536.6483154296875,604.3924560546875,84.32453155517578,88.55626678466797
2025-02-19,22.20274543762207,43.568397521972656,270.8500061035156,75.25827026367188,89.50508880615234,72.94588470458984,223.91192626953125,102.85548400878906,536.797607421875,605.8157958984375,84.42981719970703,88.62362670898438
2025-02-20,22.231767654418945,43.96873474121094,270.989990234375,75.3054428100586,89.68800354003906,73.34101104736328,221.7660675048828,103.10398864746094,534.5191040039062,603.29541015625,84.74568176269531,89.04696655273438
2025-02-21,21.92218589782715,43.84180450439453,270.739990234375,75.16390991210938,90.2175064086914,72.87842559814453,215.3778839111328,103.46720886230469,523.4254150390625,592.9765625,85.76982879638672,88.1714096069336
2025-02-24,21.844791412353516,43.16806411743164,272.2099914550781,75.25827026367188,90.41004180908203,72.81095886230469,213.8253631591797,103.73482513427734,517.2467041015625,590.2782592773438,86.0186767578125,88.51777648925781
2025-02-25,21.60293197631836,43.197357177734375,268.6199951171875,75.44700622558594,91.12245178222656,73.46630859375,213.0144805908203,104.52814483642578,510.72979736328125,587.3427124023438,87.50225830078125,89.60501098632812
2025-02-26,21.419116973876953,43.626983642578125,269.0299987792969,75.55079650878906,91.37277221679688,73.50484466552734,213.28147888183594,104.74798583984375,511.96356201171875,587.6392822265625,88.01912689208984,89.22977447509766
2025-02-27,21.44814109802246,42.77749252319336,264.92999267578125,75.40927124023438,91.26688385009766,72.70494842529297,210.02806091308594,104.30830383300781,497.7456359863281,578.2593994140625,87.39696502685547,89.58576202392578
2025-02-28,21.283676147460938,42.191627502441406,263.2699890136719,75.61683654785156,91.76749420166016,72.64710998535156,212.26290893554688,104.7671127319336,505.60577392578125,587.283447265625,88.4689712524414,90.34587097167969
2025-03-03,21.148235321044922,41.82059097290039,266.739990234375,75.45947265625,92.10059356689453,73.59159088134766,206.45822143554688,105.09809875488281,494.5418701171875,576.9942626953125,88.88184356689453,90.76921081542969
2025-03-04,21.21595573425293,42.17210006713867,269.05999755859375,75.44999694824219,91.81092834472656,73.47593688964844,204.12445068359375,104.7527084350586,493.0494384765625,570.1644897460938,87.7872543334961,89.72047424316406
2025-03-05,21.157909393310547,43.431697845458984,269.6199951171875,75.4879150390625,91.29920959472656,75.26850128173828,206.1516571044922,104.41688537597656,499.4768371582031,576.29248046875,87.08633422851562,90.72109985351562
2025-03-06,21.051490783691406,43.158302307128906,268.25,75.20349884033203,91.25093078613281,74.5746078491211,202.99713134765625,104.09068298339844,485.736572265625,566.0626831054688,86.79830932617188,88.3927001953125
2025-03-07,21.235305786132812,43.373111724853516,268.3900146484375,75.32674407958984,91.13508605957031,75.32633209228516,203.65968322753906,103.92757415771484,489.30841064453125,569.2353515625,86.51985931396484,88.92188262939453
2025-03-10,21.099863052368164,42.33809280395508,266.0400085449219,75.04231262207031,91.77232360839844,73.63977813720703,198.5373077392578,104.28257751464844,470.3446350097656,554.073486328125,87.42240142822266,88.0655746459961
2025-03-11,21.21595573425293,42.689613342285156,269.1600036621094,74.7768325805664,91.44403076171875,73.39884185791016,198.51751708984375,103.60137176513672,469.2203063964844,549.467529296875,86.79830932617188,87.03607177734375
2025-03-12,21.21595573425293,42.923954010009766,270.3299865722656,74.86217498779297,91.17369079589844,73.91926574707031,198.86363220214844,103.29434967041016,474.5134582519531,552.38330078125,86.27981567382812,86.76667785644531
2025-03-13,21.138561248779297,42.74819564819336,275.1300048828125,74.44500732421875,91.54059600830078,73.43738555908203,195.89698791503906,103.62055969238281,465.9767761230469,545.0197143554688,87.03833770751953,85.05404663085938
2025-03-14,21.25465202331543,43.52934265136719,275.239990234375,74.78630828857422,91.22196197509766,74.79627227783203,200.63372802734375,103.57259368896484,477.2396545410156,556.2775268554688,86.57746887207031,86.75704956054688
2025-03-17,21.399770736694336,44.27143096923828,276.7300109863281,74.9664535522461,91.29920959472656,75.59618377685547,203.16522216796875,103.78366088867188,480.33392333984375,560.5671997070312,87.00952911376953,88.23876190185547
2025-03-18,21.351396560668945,44.046852111816406,279.9599914550781,74.83372497558594,91.40542602539062,75.6154556274414,201.40109252929688,104.03311920166016,472.14544677734375,554.5083618164062,87.09595489501953,87.77692413330078
2025-03-19,21.48683738708496,44.154258728027344,281.1099853515625,75.32674407958984,91.68541717529297,75.79856872558594,204.532958984375,104.64716339111328,478.46343994140625,560.5474243164062,87.5472183227539,87.88275909423828
2025-03-20,21.525535583496094,43.74415969848633,280.75,75.22245025634766,91.82059478759766,75.20104217529297,203.23460388183594,104.49366760253906,476.8416442871094,558.9264526367188,87.6048355102539,87.82503509521484
2025-03-21,21.399770736694336,43.52934265136719,278.489990234375,75.10868072509766,91.74333953857422,74.74807739257812,201.97592163085938,104.34974670410156,478.4136657714844,559.11083984375,87.08633422851562,86.85325622558594
2025-03-24,21.47716522216797,43.72462463378906,277.25,75.32674407958984,91.21231079101562,74.69989776611328,207.0008087158203,103.8988037109375,488.91217041015625,569.1236572265625,86.1933822631836,88.19065856933594
2025-03-25,21.506187438964844,43.597694396972656,278.4700012207031,75.28882598876953,91.3667984008789,75.14321899414062,205.85110473632812,104.00433349609375,491.7021789550781,570.4917602539062,86.18378448486328,87.20112609863281
2025-03-26,21.47716522216797,43.33405685424805,278.239990234375,74.98541259765625,91.1543960571289,74.1891098022461,203.75990295410156,103.5821762084961,482.6545104980469,563.6810302734375,85.61730194091797,87.54132843017578
2025-03-27,21.53521156311035,43.54887008666992,281.9700012207031,74.84321594238281,91.0771484375,74.30475616455078,202.78863525390625,103.45745849609375,479.90435791015625,562.18408203125,85.36767578125,87.3177719116211
2025-03-28,21.467491149902344,42.738433837890625,284.05999755859375,74.71048736572266,91.81092834472656,73.63013458251953,198.6656494140625,104.08110046386719,467.26953125,550.8626708984375,86.54865264892578,87.20112609863281
2025-03-31,21.767396926879883,42.670082092285156,288.1400146484375,74.79579162597656,92.08128356933594,72.90733337402344,197.71420288085938,104.28257751464844,467.24957275390625,554.5604858398438,87.40319061279297,88.0079116821289
2025-04-01,21.777070999145508,42.80678176879883,287.57000732421875,74.96920013427734,92.4048080444336,73.09043884277344,197.7340087890625,104.65531921386719,471.01611328125,556.1267700195312,88.16059112548828,88.04679107666016
2025-04-02,21.912511825561523,42.8653678894043,288.1600036621094,75.12163543701172,92.31761932373047,73.25428009033203,200.85598754882812,104.89610290527344,474.4538269042969,559.646240234375,88.102783203125,88.58140563964844
2025-04-03,21.032142639160156,41.95729064941406,286.4200134277344,74.18797302246094,93.26685333251953,71.70265197753906,187.9617919921875,104.88646697998047,449.05462646484375,532.0663452148438,88.50749969482422,85.55838012695312
2025-04-04,20.267866134643555,39.62361526489258,279.7200012207031,73.13046264648438,93.52836608886719,67.03812408447266,179.5771026611328,104.7708969116211,421.16436767578125,500.9176330566406,89.47110748291016,81.84521484375
2025-04-07,19.948610305786133,38.149200439453125,273.7099914550781,72.50165557861328,92.41448974609375,65.51541137695312,177.9517059326172,102.7290267944336,422.1806945800781,500.025390625,86.77300262451172,79.697021484375
2025-04-08,19.50358772277832,37.61216354370117,275.20001220703125,72.168212890625,91.94955444335938,65.37084197998047,173.26380920410156,101.42877197265625,414.5778503417969,492.1936340332031,85.13485717773438,77.55854797363281
2025-04-09,20.20981788635254,40.219234466552734,285.3800048828125,74.10222625732422,91.65897369384766,70.45941162109375,187.9915313720703,103.12391662597656,464.3399963378906,543.8834838867188,85.63594055175781,82.18543243408203
2025-04-10,19.958282470703125,39.525970458984375,292.3500061035156,72.89228057861328,91.08750915527344,68.95597839355469,180.0924835205078,101.3709945678711,444.590576171875,520.051025390625,83.27508544921875,80.30940246582031
2025-04-11,20.248516082763672,40.76604080200195,297.92999267578125,73.11139678955078,90.57415008544922,70.70999145507812,182.71888732910156,101.35173034667969,452.78131103515625,529.3301391601562,83.72798919677734,81.29115295410156
2025-04-14,20.258190155029297,41.1370849609375,296.2300109863281,73.47343444824219,91.30059814453125,71.50989532470703,184.86956787109375,101.9777603149414,455.850341796875,534.4654541015625,84.32543182373047,82.9727783203125
2025-04-15,20.20981788635254,41.098026275634766,297.7799987792969,73.67349243164062,91.5718002319336,72.107421875,185.09750366210938,102.52676391601562,456.3584899902344,532.9684448242188,84.6241455078125,83.22550964355469
2025-04-16,20.46135139465332,40.61957550048828,307.4700012207031,73.66398620605469,91.96891021728516,71.81829071044922,183.32345581054688,102.96017456054688,442.59771728515625,521.1216430664062,85.09632110595703,83.16718292236328
2025-04-17,20.674190521240234,40.932029724121094,306.1199951171875,74.09269714355469,91.7073974609375,72.62784576416016,184.82000732421875,102.81570434570312,442.51800537109375,521.8651733398438,84.3447036743164,84.411376953125
2025-04-21,20.500049591064453,40.92226791381836,315.5899963378906,73.65444946289062,91.21341705322266,72.30980682373047,181.11331176757812,101.70807647705078,431.5671081542969,509.443359375,82.87037658691406,82.65200805664062
2025-04-22,20.59679412841797,41.53742218017578,311.1099853515625,73.94026184082031,91.28121185302734,73.82288360595703,185.80120849609375,101.95851135253906,442.89666748046875,522.697998046875,83.3329086303711,84.255859375
2025-04-23,20.44200325012207,42.015872955322266,303.6499938964844,74.31181335449219,91.37806701660156,74.01564025878906,188.55645751953125,102.41118621826172,452.94073486328125,530.79736328125,84.14234924316406,84.411376953125
2025-04-24,20.625816345214844,42.50408935546875,308.07000732421875,74.97872161865234,91.87206268310547,74.95046997070312,192.33253479003906,103.46102142333984,465.6851806640625,541.9701538085938,85.02886962890625,84.72244262695312
2025-04-25,20.65484046936035,42.42597198486328,304.7300109863281,75.04541015625,92.22077178955078,75.24923706054688,192.39199829101562,104.01001739501953,470.8766174316406,545.8860473632812,85.65521240234375,84.57662963867188
2025-04-28,20.538747787475586,42.50408935546875,309.07000732421875,75.0835189819336,92.58882904052734,75.7696533203125,193.20469665527344,104.25079345703125,470.7271423339844,546.0941772460938,86.19483184814453,85.10153198242188
2025-04-29,20.277538299560547,42.62126159667969,306.05999755859375,75.2835922241211,92.90847778320312,75.96240234375,194.34446716308594,104.4915771484375,473.8360290527344,549.5342407226562,86.91754150390625,85.55838012695312
2025-04-30,19.900236129760742,42.728668212890625,303.7699890136719,74.88345336914062,93.05376434326172,75.85639190673828,193.12542724609375,104.00037384033203,473.7762145996094,549.7523803710938,86.214111328125,85.85971069335938
2025-05-01,19.996980667114258,42.718902587890625,297.4599914550781,74.98017120361328,92.6485366821289,75.64436340332031,194.32464599609375,103.63484191894531,479.9640808105469,553.6483764648438,85.77694702148438,86.14160919189453
2025-05-02,20.08405113220215,43.93944549560547,297.9800109863281,75.21000671386719,92.02660369873047,76.99360656738281,198.6953887939453,103.38343048095703,487.0886535644531,561.8668212890625,84.8484878540039,87.20112609863281
2025-05-05,19.967958450317383,44.27143096923828,306.8800048828125,75.18125915527344,91.86139678955078,77.17671966552734,197.16909790039062,103.23837280273438,484.198974609375,558.6448364257812,84.37455749511719,87.0067138671875
2025-05-06,20.267866134643555,44.095672607421875,315.4800109863281,75.12380981445312,92.09461975097656,77.118896484375,195.0184326171875,103.44144439697266,479.6950988769531,553.9755249023438,84.6550521850586,86.33601379394531
2025-05-07,20.01633071899414,43.587928771972656,310.75,75.19084167480469,92.33756256103516,76.82977294921875,195.66262817382812,103.65418243408203,481.5783386230469,556.3052978515625,85.01289367675781,86.43321228027344
2025-05-08,20.277538299560547,43.55863571166992,304.6300048828125,75.17168426513672,91.61846160888672,76.59848022460938,199.38916015625,103.13198852539062,486.55059814453125,560.1815185546875,84.0650863647461,86.09300231933594
2025-05-09,20.432329177856445,43.851566314697266,306.8399963378906,75.2195816040039,91.68649291992188,77.00325012207031,199.02244567871094,103.09331512451172,486.231689453125,559.4677124023438,84.1908187866211,86.66651153564453
2025-05-12,20.567771911621094,44.7987060546875,298.19000244140625,75.96651458740234,91.10342407226562,77.38874816894531,206.0196075439453,103.073974609375,506.0409240722656,577.9567260742188,83.40742492675781,87.09420013427734
2025-05-13,20.887025833129883,44.87681579589844,299.4599914550781,76.10057067871094,91.03539276123047,77.4658432006836,206.77284240722656,103.16099548339844,513.7533569335938,581.7735595703125,83.06891632080078,85.98607635498047
2025-05-14,20.780607223510742,45.218570709228516,293.1600036621094,75.82286071777344,90.69527435302734,77.12853240966797,204.93931579589844,102.63880920410156,516.832275390625,582.51708984375,82.51763916015625,85.14041137695312
2025-05-15,20.57744598388672,45.19904327392578,297.8399963378906,75.96651458740234,91.28804779052734,77.96699523925781,206.27731323242188,103.37374114990234,517.4003295898438,585.3622436523438,83.24301147460938,86.69566345214844
2025-05-16,20.500049591064453,45.16974639892578,294.239990234375,76.05268859863281,91.31721496582031,78.14046478271484,207.98199462890625,103.567138671875,519.6522827148438,589.0698852539062,83.46546173095703,87.77462768554688
2025-05-19,20.471027374267578,45.267391204833984,298.0299987792969,76.0143814086914,91.26863098144531,78.8536376953125,207.10983276367188,103.57683563232422,520.1504516601562,589.7142944335938,83.22364807128906,87.79405975341797
2025-05-20,20.732234954833984,45.218570709228516,303.5799865722656,75.97606658935547,91.1520004272461,79.248779296875,207.21884155273438,103.32540130615234,518.4166870117188,587.7315673828125,82.62401580810547,87.27888488769531
2025-05-21,20.70321273803711,45.10139846801758,305.82000732421875,75.46853637695312,90.52035522460938,78.78617858886719,201.40109252929688,102.17465209960938,511.2123718261719,577.827880859375,81.21198272705078,84.95572662353516
2025-05-22,20.59679412841797,44.954933166503906,303.1099853515625,75.62175750732422,90.86048889160156,78.72835540771484,201.39117431640625,102.69683074951172,512.1690063476562,578.0558471679688,81.63752746582031,84.56690216064453
2025-05-23,20.712886810302734,45.14045715332031,309.75,75.60259246826172,91.12286376953125,78.91146087646484,200.7568817138672,102.7741928100586,507.4259338378906,574.1102294921875,81.77293395996094,84.65438842773438
2025-05-27,20.529071807861328,45.03304672241211,304.5,76.06227111816406,91.50184631347656,80.0486831665039,205.85110473632812,103.70252990722656,519.3632202148438,586.0463256835938,82.91417694091797,86.13188171386719
2025-05-28,20.46135139465332,44.82799530029297,303.80999755859375,76.0143814086914,91.24919128417969,79.12348175048828,203.68060302734375,103.45111083984375,517.0614624023438,582.6558227539062,82.55632781982422,86.04439544677734
2025-05-29,20.354934692382812,44.99399185180664,305.6099853515625,76.12928771972656,91.62818145751953,79.48007202148438,204.28517150878906,103.91527557373047,518.077880859375,584.9557495117188,83.32037353515625,86.822021484375
2025-05-30,20.20014190673828,44.44718933105469,303.6000061035156,76.19631958007812,91.90028381347656,79.56681060791016,203.2445526123047,104.21505737304688,517.2607421875,584.301513671875,83.44610595703125,86.822021484375
2025-06-02,20.625816345214844,44.7694091796875,311.6700134277344,76.18285369873047,91.5882797241211,80.47273254394531,203.87884521484375,103.91999053955078,521.3462524414062,587.5928344726562,82.66949462890625,86.93867492675781
2025-06-03,20.76125717163086,44.87681579589844,308.9100036621094,76.32718658447266,91.50054168701172,79.8173828125,207.16928100585938,103.9685287475586,525.4215698242188,590.9436645507812,82.52389526367188,86.76370239257812
2025-06-04,20.683862686157227,45.43338394165039,310.8999938964844,76.47150421142578,92.17327880859375,80.22215270996094,206.5845489501953,104.72557067871094,526.8863525390625,590.7849731445312,83.86353302001953,87.0067138671875
2025-06-05,20.780607223510742,45.667728424072266,309.3299865722656,76.30792999267578,91.90028381347656,80.15469360351562,206.67372131347656,104.40528106689453,522.9205322265625,587.9298095703125,83.92178344726562,86.93867492675781
2025-06-06,20.945072174072266,45.81419372558594,305.17999267578125,76.2983169555664,91.1690673828125,80.3956298828125,210.0137176513672,103.7744140625,528.0322875976562,593.96728515625,82.85395050048828,87.35664367675781
2025-06-09,20.964420318603516,46.20476531982422,306.6199951171875,76.3367919921875,91.33478546142578,80.38599395751953,211.4607391357422,104.08499145507812,528.8095092773438,594.5026245117188,82.94131469726562,87.4732894897461
2025-06-10,20.91604995727539,46.46840286254883,306.7099914550781,76.51959991455078,91.49079132080078,80.53055572509766,212.6005096435547,104.33734893798828,532.3070678710938,597.8732299804688,83.36845397949219,88.22175598144531
2025-06-11,21.25465202331543,46.663692474365234,308.3699951171875,76.50035858154297,91.87102508544922,80.45345306396484,211.7283477783203,104.6673355102539,530.513427734375,596.1681518554688,83.62083435058594,87.74545288085938
2025-06-12,21.25465202331543,46.74180221557617,312.20001220703125,76.58695983886719,92.27075958251953,81.04133605957031,210.88589477539062,105.24968719482422,531.7589111328125,598.5374755859375,84.62071228027344,88.17315673828125
2025-06-13,21.912511825561523,45.999717712402344,316.2900085449219,76.35604095458984,91.92951965332031,80.01976776123047,207.030517578125,104.61880493164062,525.0828857421875,591.8457641601562,83.8052978515625,87.3177719116211
2025-06-16,21.8641414642334,46.56364440917969,311.7799987792969,76.50997924804688,91.66627502441406,80.37001037597656,209.47140502929688,104.43440246582031,532.3866577148438,597.4766845703125,82.96073913574219,87.38581848144531
2025-06-17,22.328510284423828,45.952392578125,311.94000244140625,76.42339324951172,92.1147689819336,79.3791275024414,207.26507568359375,104.79351806640625,527.1953125,592.3712158203125,83.9703140258789,87.07476043701172
2025-06-18,22.38655662536621,45.94253158569336,310.260009765625,76.53886413574219,92.17327880859375,79.55571746826172,208.35829162597656,104.87116241455078,527.1055908203125,592.281982421875,84.11592864990234,87.37609100341797
2025-06-20,22.50265121459961,45.67634582519531,310.1300048828125,76.77938842773438,92.23176574707031,78.85914611816406,207.92100524902344,104.9585189819336,524.9532470703125,590.8909301757812,83.9605941772461,87.3177719116211
2025-06-23,21.670652389526367,46.05097961425781,311.0799865722656,76.9237060546875,92.55350494384766,79.47723388671875,210.46524047851562,105.22057342529297,530.3511352539062,596.7274780273438,84.232421875,88.63001251220703
2025-06-24,21.148235321044922,47.2439079284668,306.19000244140625,77.1353759765625,92.87522888183594,80.39944458007812,213.14859008789062,105.71556854248047,538.4612426757812,603.3196411132812,84.84400177001953,88.86329650878906
2025-06-25,21.119211196899414,47.28334426879883,307.1199951171875,77.11614227294922,92.91424560546875,80.0168228149414,210.66400146484375,105.58940124511719,539.8377685546875,603.65771484375,84.95076751708984,86.7248306274414
2025-06-26,21.196605682373047,47.59883117675781,306.7799987792969,77.33743286132812,93.2457275390625,80.96847534179688,214.0828094482422,105.9776382446289,544.885498046875,608.380615234375,85.3779067993164,86.64433288574219
2025-06-27,21.090187072753906,47.4115104675293,301.2200012207031,77.29894256591797,93.00198364257812,81.73371124267578,214.15237426757812,105.80292510986328,546.7509155273438,611.4032592773438,84.83428955078125,86.86028289794922
2025-06-30,21.099863052368164,47.55939865112305,304.8299865722656,77.59720611572266,93.37247467041016,81.90050506591797,214.46046447753906,106.38526916503906,550.292236328125,614.3265380859375,85.66913604736328,87.41978454589844
2025-07-01,21.21595573425293,47.648128509521484,307.54998779296875,77.49957275390625,93.19935607910156,81.73371124267578,216.66677856445312,106.51384735107422,545.653564453125,614.127685546875,85.88155364990234,88.05781555175781
2025-07-02,21.564233779907227,47.85516357421875,309.25,77.64456939697266,93.00374603271484,81.94955444335938,219.66818237304688,106.4943618774414,549.4542846679688,616.9116821289062,85.33589935302734,88.26394653320312
2025-07-03,21.5545597076416,48.07205581665039,307.1400146484375,77.69291687011719,92.68098449707031,81.9887924194336,221.70555114746094,106.24109649658203,554.8610229492188,621.7738037109375,84.74153137207031,88.36209869384766
2025-07-07,21.53521156311035,47.39179229736328,307.3699951171875,77.43190002441406,92.3875732421875,81.0763931274414,218.37619018554688,105.60790252685547,550.6813354492188,617.140380859375,83.93279266357422,87.60628509521484
2025-07-08,21.60293197631836,47.68756103515625,304.1600036621094,77.3255615234375,92.25064086914062,81.70428466796875,219.8868408203125,105.30590057373047,550.9906005859375,616.8023681640625,83.82560729980469,87.47868347167969
2025-07-09,21.564233779907227,47.60869216918945,305.5199890136719,77.5382308959961,92.7298812866211,82.27330780029297,222.27203369140625,105.90987396240234,554.8909912109375,620.5010986328125,84.70256042480469,87.54739379882812
2025-07-10,21.496511459350586,47.736854553222656,306.20001220703125,77.46089935302734,92.68098449707031,82.27330780029297,223.41494750976562,105.92936706542969,554.0929565429688,622.2510986328125,84.76100158691406,88.09707641601562
2025-07-11,21.777070999145508,47.5791130065918,309.1400146484375,77.36424255371094,92.25064086914062,81.49825286865234,220.33404541015625,105.28643035888672,552.845947265625,620.0635986328125,83.59176635742188,88.10690307617188
2025-07-14,21.5932559967041,47.648128509521484,308.010009765625,77.42223358154297,92.21150970458984,81.4786376953125,221.81488037109375,105.2572021484375,554.85107421875,621.2467651367188,83.4163818359375,88.67620849609375
2025-07-15,21.5545597076416,47.993186950683594,306.7300109863281,77.19022369384766,91.8496322631836,80.61528015136719,217.4718017578125,104.87728118896484,555.3598022460938,618.592041015625,82.83175659179688,87.3707046508789
2025-07-16,21.583581924438477,48.21994400024414,308.260009765625,77.39323425292969,92.10393524169922,81.03714752197266,219.6582489013672,105.04289245605469,555.9284057617188,620.66015625,82.94866943359375,88.19523620605469
2025-07-17,21.757720947265625,48.49599075317383,307.5899963378906,77.47057342529297,92.07457733154297,81.17449951171875,222.54037475585938,105.29615020751953,560.4273681640625,624.4583740234375,82.92919158935547,88.09707641601562
2025-07-18,21.796419143676758,48.38754653930664,308.3900146484375,77.576904296875,92.32888793945312,80.9979019165039,220.96017456054688,105.49099731445312,559.8887329101562,624.0010375976562,83.05585479736328,88.28358459472656
2025-07-21,21.748046875,48.70302963256836,313.1300048828125,77.68324279785156,92.65164184570312,81.46882629394531,220.06570434570312,105.900146484375,562.7916259765625,625.1842651367188,83.79637908935547,88.64676666259766
2025-07-22,21.7093505859375,48.73260498046875,316.1000061035156,77.8185806274414,92.91572570800781,81.91030883789062,221.89437866210938,106.15342712402344,559.8787841796875,625.2737426757812,84.30306243896484,90.16822052001953
2025-07-23,21.651302337646484,49.22555160522461,312.17999267578125,77.85725402832031,92.58317565917969,83.89208984375,225.2833709716797,105.9878158569336,562.4324951171875,630.59326171875,83.8353500366211,90.34490966796875
2025-07-24,21.670652389526367,48.9593620300293,310.2699890136719,77.76058197021484,92.44624328613281,83.26419830322266,222.1726531982422,105.83193969726562,563.6295776367188,630.802001953125,83.689208984375,90.03079986572266
2025-07-25,21.44814109802246,48.81147384643555,307.3999938964844,77.80892181396484,92.66142272949219,83.15628051757812,222.99754333496094,106.17288208007812,564.9862670898438,633.4667358398438,84.21537017822266,90.04061889648438
2025-07-28,21.670652389526367,48.48613357543945,305.4100036621094,77.77024841308594,92.4560317993164,81.83182525634766,222.73915100097656,105.95858764648438,566.7518920898438,633.3076782226562,83.66971588134766,88.59768676757812
2025-07-29,21.951210021972656,48.50585174560547,306.25,77.8185806274414,93.06243133544922,81.62579345703125,221.31796264648438,106.65998840332031,565.8740844726562,631.63720703125,85.08255767822266,90.02098846435547
2025-07-30,21.9028377532959,48.15092849731445,300.9599914550781,77.65424346923828,92.73966979980469,81.0763931274414,220.19491577148438,106.26058197021484,566.6322631835938,630.841796875,84.64410400390625,88.74492645263672
2025-07-31,21.719024658203125,47.874881744384766,302.9599914550781,77.70257568359375,92.81790924072266,80.32096099853516,218.0382843017578,106.289794921875,563.6295776367188,628.4754028320312,84.69281005859375,87.4983139038086
2025-08-01,21.370746612548828,47.519962310791016,309.1099853515625,77.70646667480469,93.88650512695312,80.1541748046875,213.5958251953125,107.23271179199219,552.5267333984375,618.1743774414062,85.8968505859375,87.28236389160156
2025-08-04,21.293350219726562,48.01290512084961,310.9100036621094,77.96878814697266,94.01406860351562,81.25298309326172,218.37619018554688,107.41856384277344,562.7218017578125,627.5704956054688,86.131591796875,88.17561340332031
2025-08-05,21.10953712463379,48.15092849731445,311.1600036621094,77.92992401123047,93.94537353515625,81.25298309326172,219.4893035888672,107.49681854248047,558.901123046875,624.3887329101562,86.39569091796875,88.57805633544922
2025-08-06,21.06116485595703,48.377685546875,310.5,78.00764465332031,93.87669372558594,81.8023910522461,219.20106506347656,107.46747589111328,565.9339599609375,629.17138671875,85.8968505859375,87.89094543457031
2025-08-07,21.12888526916504,48.781898498535156,313.1199951171875,77.92992401123047,93.80799865722656,82.5185775756836,218.4855194091797,107.35987854003906,567.8491821289062,628.6443481445312,85.75012969970703,88.14616394042969
2025-08-08,21.12888526916504,48.742462158203125,313.04998779296875,77.93963623046875,93.59212493896484,82.9698715209961,218.9625701904297,107.01752471923828,573.146240234375,633.5462646484375,85.37845611572266,87.41978454589844
2025-08-11,21.157909393310547,48.60443878173828,308.54998779296875,77.93963623046875,93.6215591430664,82.62649536132812,218.91287231445312,107.18380737304688,571.4503784179688,632.29345703125,85.47626495361328,86.84065246582031
2025-08-12,21.07084083557129,49.19597625732422,308.2699890136719,78.1145248413086,93.60193634033203,83.59776306152344,225.41256713867188,107.2816162109375,578.6328125,639.02490234375,85.04590606689453,87.33145141601562
2025-08-13,21.04181671142578,49.78750991821289,309.2099914550781,78.31855010986328,93.9355697631836,84.0196304321289,229.79539489746094,107.84894561767578,578.922119140625,641.2123413085938,85.75012969970703,88.14616394042969
2025-08-14,21.12888526916504,49.1762580871582,307.25,78.1145248413086,93.6313705444336,83.98038482666016,226.83377075195312,107.47724914550781,578.4732666015625,641.27197265625,85.11436462402344,87.51795196533203
2025-08-15,21.06116485595703,49.235408782958984,307.42999267578125,78.17281341552734,93.44493865966797,84.50035858154297,225.73060607910156,107.3403091430664,575.929443359375,639.7706298828125,84.50794982910156,88.01854705810547
2025-08-18,21.080514907836914,49.52132034301758,306.95001220703125,78.1145248413086,93.35661315917969,84.41206359863281,226.5554962158203,107.14468383789062,575.699951171875,639.63134765625,84.26342010498047,87.27255249023438
2025-08-19,20.91604995727539,49.117103576660156,305.2699890136719,78.09508514404297,93.59212493896484,84.421875,224.81626892089844,107.31096649169922,567.88916015625,636.1612548828125,84.75247955322266,88.77437591552734
2025-08-20,21.148235321044922,49.048091888427734,308.3599853515625,78.06594848632812,93.72950744628906,84.67694854736328,224.0211944580078,107.35987854003906,564.5174560546875,634.470947265625,84.93830871582031,89.02958679199219
2025-08-21,21.274002075195312,48.93964385986328,307.2900085449219,77.92020416259766,93.45474243164062,84.13735961914062,224.5777587890625,106.94905090332031,561.90380859375,631.925537109375,84.51773834228516,88.76455688476562
2025-08-22,21.36107063293457,49.91567611694336,310.5799865722656,78.55171966552734,93.97481536865234,85.4618148803711,233.38314819335938,107.79025268554688,570.5725708007812,641.6299438476562,85.14371490478516,90.48233032226562
2025-08-25,21.467491149902344,49.62976837158203,309.8299865722656,78.39627075195312,93.78838348388672,84.36300659179688,230.92837524414062,107.506591796875,568.9265747070312,638.8060302734375,84.8991928100586,89.96208953857422
2025-08-26,21.30302619934082,49.50160217285156,312.0799865722656,78.57115936279297,94.03369140625,84.29432678222656,232.8365478515625,107.58484649658203,571.2109985351562,641.4807739257812,84.85028839111328,89.72650909423828
2025-08-27,21.32237434387207,49.205833435058594,312.7099914550781,78.66832733154297,94.21031951904297,84.09811401367188,234.48631286621094,107.62397003173828,572.0888671875,642.9423828125,84.75247955322266,90.28601837158203
2025-08-28,21.457815170288086,49.393150329589844,315.0299987792969,78.70718383789062,94.42620086669922,84.41206359863281,234.7646026611328,107.79025268554688,575.6701049804688,645.2192993164062,85.30999755859375,90.05043029785156
2025-08-29,21.48683738708496,49.15653991699219,318.07000732421875,78.56143951416016,94.34770202636719,83.89208984375,233.72105407714844,107.39900207519531,569.0064086914062,641.3713989257812,84.70356750488281,90.54122161865234
2025-09-02,21.83511734008789,49.117103576660156,325.5899963378906,78.47651672363281,94.0661392211914,83.11703491210938,232.45889282226562,107.03974914550781,564.2380981445312,636.61865234375,84.07323455810547,89.03939819335938
2025-09-03,21.641630172729492,49.304420471191406,328.1400146484375,78.6912841796875,94.3910140991211,83.25438690185547,232.2303009033203,107.67776489257812,568.67724609375,640.06884765625,84.99615478515625,89.0884780883789
2025-09-04,21.48683738708496,49.14667892456055,326.69000244140625,78.90604400634766,94.8143310546875,83.78417205810547,235.13230895996094,108.41393280029297,573.8245849609375,645.4181518554688,85.64415740966797,89.7559585571289
2025-09-05,21.312700271606445,49.738216400146484,331.04998779296875,78.94510650634766,95.27703094482422,84.22565460205078,236.30503845214844,109.12066650390625,574.6525268554688,643.5488891601562,86.9499740600586,90.7669906616211
2025-09-08,21.457815170288086,50.19172668457031,334.82000732421875,78.94510650634766,95.57238006591797,85.09881591796875,236.78207397460938,109.50347137451172,577.4556884765625,645.1298217773438,88.10851287841797,90.23693084716797
2025-09-09,21.51586151123047,50.4677734375,334.05999755859375,78.85723876953125,95.34593200683594,84.79468536376953,235.39071655273438,109.30716705322266,579.0917358398438,646.6212768554688,87.6077880859375,90.03079986572266
2025-09-10,21.66097640991211,50.81283950805664,335.260009765625,78.91580963134766,95.6019058227539,84.79468536376953,234.97329711914062,109.6310806274414,579.28125,648.4906005859375,88.10851287841797,89.8835678100586
2025-09-11,21.496511459350586,51.5522575378418,334.760009765625,79.11104583740234,95.74957275390625,85.69727325439453,239.31639099121094,110.14149475097656,582.6529541015625,653.8796997070312,88.69760131835938,91.52279663085938
2025-09-12,21.62228012084961,51.52267837524414,335.4200134277344,79.03294372558594,95.47392272949219,85.31465148925781,236.8715362548828,109.94518280029297,585.2266235351562,653.660888671875,88.31470489501953,91.10072326660156
2025-09-15,21.815767288208008,51.897315979003906,338.9100036621094,79.25748443603516,95.63143920898438,85.87387084960938,237.87530517578125,110.28873443603516,590.234375,657.1409301757812,88.52088928222656,90.9534912109375
2025-09-16,22.038280487060547,52.28181457519531,339.5899963378906,79.19890594482422,95.69050598144531,85.69727325439453,237.48361206054688,110.19056701660156,589.7356567382812,656.2361450195312,88.70743560791016,90.47250366210938
2025-09-17,21.806095123291016,52.508567810058594,336.9700012207031,79.12081146240234,95.4837646484375,85.3735122680664,238.09158325195312,109.99425506591797,588.5585327148438,655.4208374023438,88.48161315917969,90.35472869873047
2025-09-18,21.7093505859375,52.38040542602539,335.6199951171875,79.2965316772461,95.16873931884766,85.67765808105469,244.0216827392578,109.76849365234375,593.865478515625,658.4832763671875,87.56851959228516,90.55104064941406
2025-09-19,21.53521156311035,52.2620964050293,339.17999267578125,79.32582092285156,95.12934875488281,85.22635650634766,242.16790771484375,109.68016052246094,597.8856201171875,661.74462890625,87.40160369873047,89.96208953857422
2025-09-22,21.53521156311035,52.518428802490234,345.04998779296875,79.38438415527344,94.97183990478516,85.55010986328125,243.5731964111328,109.43476867675781,601.4251098632812,664.8753662109375,87.08741760253906,89.98171997070312
2025-09-23,21.757720947265625,52.548004150390625,346.4599914550781,79.32582092285156,95.2376480102539,85.4029541015625,243.0250244140625,109.65070343017578,597.4302978515625,661.256103515625,87.69615173339844,90.47250366210938
2025-09-24,21.9028377532959,52.37054443359375,343.32000732421875,79.21842956542969,94.981689453125,84.86335754394531,240.7925262451172,109.2090072631836,595.3329467773438,659.1522216796875,87.36233520507812,89.58263397216797
2025-09-25,22.057626724243164,52.064918518066406,344.75,78.99390411376953,94.77494812011719,84.2845230102539,238.490234375,109.01268768310547,592.7662963867188,656.1112670898438,87.36233520507812,89.31507110595703
2025-09-26,22.067302703857422,51.96632766723633,346.739990234375,79.15009307861328,94.7257308959961,84.89279174804688,240.53338623046875,109.15991973876953,595.203125,659.8701782226562,87.2837905883789,90.197021484375
2025-09-29,21.88348960876465,52.43955612182617,352.4599914550781,79.2867660522461,95.00138092041016,85.25579071044922,240.8124542236328,109.52310943603516,597.9595947265625,661.7246704101562,88.0005111694336,90.22676086425781
2025-09-30,21.796419143676758,52.6465950012207,355.4700012207031,79.25748443603516,94.96199798583984,85.65802764892578,241.1513214111328,109.41513061523438,599.5974731445312,664.21728515625,87.7452392578125,90.5934066772461
2025-10-01,21.757720947265625,53.0606689453125,356.0299987792969,79.40557861328125,95.28195190429688,86.23686981201172,241.67955017089844,109.8545150756836,602.4737548828125,666.4806518554688,87.97184753417969,90.73213958740234
2025-10-02,21.612606048583984,53.3071403503418,354.7900085449219,79.37615966796875,95.38069152832031,86.384033203125,243.20443725585938,110.03185272216797,604.9505615234375,667.248291015625,88.22801971435547,90.25648498535156
2025-10-03,21.680326461791992,53.464881896972656,357.6400146484375,79.28787231445312,95.19306945800781,87.1590805053711,245.00839233398438,109.8939208984375,602.4038696289062,667.2384033203125,88.06051635742188,90.5934066772461
2025-10-06,21.9028377532959,53.71135711669922,364.3800048828125,79.3074951171875,94.91658020019531,87.30624389648438,245.985107421875,109.53927612304688,606.9280395507812,669.6312866210938,87.36100006103516,89.74118041992188
2025-10-07,21.989906311035156,53.29728317260742,366.260009765625,79.21922302246094,95.15357208251953,86.5213851928711,243.34396362304688,109.74613952636719,603.732177734375,667.1486206054688,87.86347198486328,89.41417694091797
2025-10-08,22.018930435180664,53.72121810913086,372.29998779296875,79.10153198242188,95.1733169555664,86.79608154296875,245.89541625976562,109.60823059082031,610.6532592773438,671.1268920898438,87.93244171142578,88.94842529296875
2025-10-09,21.815767288208008,53.16911697387695,365.42999267578125,78.87594604492188,95.10418701171875,86.08970642089844,244.31072998046875,109.39148712158203,609.9141845703125,669.1826171875,87.86347198486328,88.46284484863281
2025-10-10,21.351396560668945,51.207191467285156,369.1199951171875,78.41497039794922,95.69668579101562,84.46111297607422,236.99525451660156,109.69689178466797,588.741455078125,651.0960693359375,89.2822265625,87.3331527709961
2025-10-13,21.62228012084961,52.69588851928711,378.0899963378906,78.90538024902344,95.74606323242188,85.16748809814453,243.5931396484375,110.07125091552734,601.2353515625,661.0865478515625,89.23295593261719,87.88809967041016
2025-10-14,21.380420684814453,52.22266387939453,380.7900085449219,78.99363708496094,95.99292755126953,85.56973266601562,247.0714569091797,110.43575286865234,597.2305297851562,660.2789306640625,89.51866912841797,88.78986358642578
2025-10-15,21.457815170288086,53.080387115478516,387.3900146484375,79.24864959716797,95.88429260253906,85.95235443115234,249.49334716796875,110.43575286865234,601.445068359375,663.2102661132812,89.3216323852539,90.07811737060547
2025-10-16,21.419116973876953,53.425445556640625,396.45001220703125,78.96421813964844,96.32866668701172,86.3545913696289,244.24095153808594,110.75100708007812,599.2179565429688,658.6936645507812,89.9915771484375,89.7610092163086
2025-10-17,21.399770736694336,53.41558837890625,388.989990234375,79.1701889038086,96.1706771850586,86.4428939819336,242.5964813232422,110.53427124023438,603.1528930664062,662.4326171875,89.85364532470703,90.34567260742188
2025-10-20,21.612606048583984,54.14514923095703,403.1499938964844,79.32711029052734,96.2990493774414,87.14927673339844,247.33059692382812,110.86923217773438,610.7530517578125,669.3222045898438,90.19849395751953,91.2573471069336
2025-10-21,21.390094757080078,53.543758392333984,377.239990234375,79.20941925048828,96.4767837524414,86.5213851928711,246.16452026367188,110.88893127441406,610.5933227539062,669.3121948242188,90.641845703125,90.99970245361328
2025-10-22,21.728696823120117,53.49446105957031,377.2799987792969,79.13094329833984,96.49654388427734,86.4428939819336,242.52670288085938,110.99729919433594,604.7108764648438,665.83251953125,90.70095825195312,91.38617706298828
2025-10-23,22.096324920654297,53.967689514160156,378.7900085449219,79.3074951171875,96.18054962158203,86.8843765258789,245.59640502929688,110.85936737060547,609.7943725585938,669.7808837890625,90.08026123046875,91.32672119140625
2025-10-24,22.106000900268555,54.322608947753906,377.5199890136719,79.52327728271484,96.26942443847656,87.021728515625,248.59634399414062,111.04654693603516,616.305908203125,675.2546997070312,90.11966705322266,91.59427642822266
2025-10-27,22.057626724243164,54.92400360107422,367.010009765625,79.71942901611328,96.26942443847656,87.62999725341797,249.46343994140625,111.23372650146484,627.2818603515625,683.2211303710938,90.42509460449219,91.8519287109375
2025-10-28,21.85446548461914,54.9042854309082,364.3800048828125,79.6409683227539,96.3582992553711,87.5024642944336,248.1279296875,111.24358367919922,632.1055908203125,685.0357666015625,90.66154479980469,90.04838562011719
2025-10-29,21.970558166503906,55.21976852416992,363.0,79.39576721191406,95.73617553710938,86.9726791381836,246.01499938964844,110.61307525634766,634.9519653320312,685.3648071289062,89.74527740478516,87.72953796386719
2025-10-30,21.98023223876953,54.647953033447266,370.1300048828125,79.24864959716797,95.59793853759766,86.62930297851562,244.0316619873047,110.0219955444336,625.2444458007812,677.8270874023438,89.22309875488281,88.14574432373047
2025-10-31,22.13502311706543,54.5197868347168,368.1199951171875,79.24864959716797,95.63743591308594,86.42327117919922,245.40704345703125,109.57866668701172,628.2605590820312,680.050537109375,88.95709228515625,88.37366485595703
2025-11-03,22.299488067626953,54.86485290527344,368.7799987792969,79.002197265625,95.59187316894531,86.4330825805664,244.61968994140625,109.28402709960938,631.2666625976562,681.3267822265625,88.73460388183594,88.24484252929688
2025-11-04,22.144697189331055,53.8592414855957,362.32000732421875,79.0120620727539,95.71073913574219,85.56973266601562,240.39385986328125,109.43234252929688,618.4531860351562,673.2506103515625,88.932373046875,88.39347839355469
2025-11-05,22.076976776123047,54.34232711791992,366.510009765625,79.09092712402344,95.25507354736328,86.08970642089844,243.86221313476562,109.10604858398438,622.47802734375,675.583740234375,87.96334838867188,88.4727554321289
2025-11-06,22.106000900268555,53.9381103515625,366.07000732421875,79.12049865722656,95.74047088623047,85.86405181884766,239.5467071533203,109.67952728271484,610.8829345703125,668.3351440429688,88.75438690185547,88.04664611816406
2025-11-07,22.15437126159668,53.78036880493164,368.30999755859375,79.18950653076172,95.78009033203125,86.15837860107422,240.802490234375,109.46199798583984,608.9553833007812,668.9931640625,88.56651306152344,89.41417694091797
2025-11-10,22.39623260498047,54.72682189941406,378.3800048828125,79.4556655883789,95.65129852294922,87.1002197265625,243.2144012451172,109.52132415771484,622.4280395507812,679.432373046875,88.54673767089844,89.3646240234375
2025-11-11,22.54134750366211,54.78597640991211,379.8699951171875,79.54439544677734,95.94847869873047,87.66924285888672,243.4237060546875,109.95635986328125,620.7702026367188,680.9877319335938,88.9521484375,90.36549377441406
2025-11-12,22.289813995361328,54.79583740234375,385.989990234375,79.38666534423828,95.96829986572266,88.17940521240234,242.82569885253906,109.84760284423828,620.2808227539062,681.3666381835938,89.11035919189453,89.69164276123047
2025-11-13,22.173721313476562,54.15501022338867,382.8699951171875,79.06134796142578,95.69093322753906,87.2277603149414,235.99859619140625,109.3038101196289,607.6171875,670.0599975585938,88.3786392211914,88.5916748046875
2025-11-14,22.222091674804688,54.18458557128906,375.9599914550781,79.08106994628906,95.53244018554688,87.07078552246094,236.68629455566406,109.00719451904297,608.0765380859375,669.9503784179688,87.87435913085938,88.77995300292969
2025-11-17,22.193069458007812,53.543758392333984,371.6499938964844,78.9529037475586,95.64140319824219,85.9032974243164,231.9820556640625,109.07640075683594,602.8832397460938,663.7088012695312,88.09188842773438,88.04664611816406
2025-11-18,22.376882553100586,53.277565002441406,374.3500061035156,78.97262573242188,95.79988861083984,84.85354614257812,232.689697265625,109.12583923339844,595.542724609375,658.1353149414062,88.06222534179688,88.40338897705078
2025-11-19,22.15437126159668,53.09024429321289,374.9599914550781,79.0120620727539,95.73055267333984,84.6082763671875,232.6498260498047,109.1357192993164,599.09814453125,660.6777954101562,87.88423919677734,87.70972442626953
2025-11-20,21.94153594970703,52.360687255859375,374.8500061035156,78.96276092529297,95.95838928222656,83.45059967041016,228.34426879882812,109.28402709960938,584.9163818359375,650.6075439453125,88.2303237915039,87.34306335449219
2025-11-21,21.796419143676758,52.350826263427734,374.2699890136719,79.22893524169922,96.27538299560547,84.72600555419922,234.8125762939453,109.66963958740234,589.3107299804688,657.08837890625,88.4972915649414,88.76013946533203
2025-11-24,21.9028377532959,52.90292739868164,380.20001220703125,79.44580078125,96.42395782470703,84.90260314941406,239.0981903076172,110.10468292236328,604.3812866210938,666.759765625,89.0015869140625,88.99796295166016
2025-11-25,21.786745071411133,53.09024429321289,380.0799865722656,79.72183990478516,96.67161560058594,85.88368225097656,244.31072998046875,110.41117858886719,608.1065063476562,673.03125,89.22901153564453,89.82046508789062
2025-11-26,22.018930435180664,53.47474670410156,383.1199951171875,79.80069732666016,96.75086212158203,86.78627014160156,246.47348022460938,110.78689575195312,613.4796142578125,677.6775512695312,89.62452697753906,90.21685028076172
2025-11-28,22.309162139892578,53.55361557006836,387.8800048828125,79.84013366699219,96.58245849609375,87.1590805053711,247.9186248779297,110.59904479980469,618.4531860351562,681.3765869140625,89.19934844970703,90.51412963867188
2025-12-01,22.367210388183594,53.51417922973633,389.75,79.69652557373047,96.0638427734375,86.7077865600586,244.79908752441406,110.00657653808594,616.3758544921875,678.2658081054688,88.08892822265625,89.47362518310547
2025-12-02,22.270465850830078,53.533897399902344,387.239990234375,79.84508514404297,96.14331817626953,86.9628677368164,244.3505859375,110.07604217529297,621.1996459960938,679.5220947265625,88.12861633300781,89.15652465820312
2025-12-03,22.376882553100586,53.573333740234375,386.8800048828125,79.91441345214844,96.34203338623047,87.37491607666016,248.79568481445312,110.32414245605469,622.7177124023438,681.8751220703125,88.37670135498047,89.38443756103516
2025-12-04,22.4349308013916,53.5634765625,387.1300048828125,79.97383117675781,96.04396057128906,87.60057067871094,250.97837829589844,110.12567138671875,622.138427734375,682.3736572265625,87.900390625,89.16643524169922
2025-12-05,22.570371627807617,53.967689514160156,386.44000244140625,79.97383117675781,95.84526824951172,87.62999725341797,249.931884765625,110.0165023803711,624.6751708984375,683.6697998046875,87.4935302734375,89.06732940673828
2025-12-08,22.289813995361328,53.84938049316406,385.4200134277344,79.77576446533203,95.64656066894531,87.38472747802734,250.0315399169922,109.78824615478516,623.4767456054688,681.6159057617188,87.20574951171875,88.38357543945312
2025-12-09,22.24144172668457,53.760650634765625,387.3999938964844,79.68661499023438,95.5074691772461,87.25719451904297,250.5498046875,109.6493148803711,624.2457275390625,681.027587890625,87.2950668334961,88.04664611816406
2025-12-10,22.376882553100586,54.36204528808594,389.04998779296875,79.95402526855469,95.81546020507812,88.2186508178711,253.9583740234375,110.15543365478516,626.8024291992188,685.5443115234375,87.63245391845703,88.36375427246094
2025-12-11,22.357534408569336,54.105712890625,393.239990234375,79.94412994384766,95.82538604736328,88.6699447631836,256.9383544921875,109.99665069580078,624.7750854492188,687.1395263671875,87.51338195800781,88.75022888183594
2025-12-12,22.173721313476562,53.47474670410156,395.44000244140625,79.79556274414062,95.56707763671875,88.19902801513672,253.0015869140625,109.33174896240234,612.8304443359375,679.7514038085938,86.66989135742188,88.64122009277344
2025-12-15,22.067302703857422,53.31700134277344,395.79998779296875,79.8351821899414,95.64656066894531,88.71900177001953,251.08798217773438,109.46076965332031,609.75439453125,678.7244262695312,86.72943878173828,88.91869354248047
2025-12-16,21.844791412353516,52.97999954223633,395.8900146484375,79.88470458984375,95.91481018066406,88.33999633789062,249.89999389648438,109.7088623046875,610.9628295898438,676.8699340820312,87.20574951171875,88.26465606689453
2025-12-17,22.106000900268555,52.599998474121094,399.2900085449219,79.78565979003906,95.89493560791016,87.66000366210938,247.24000549316406,109.58977508544922,599.6373901367188,669.4219360351562,87.12637329101562,88.5916748046875
2025-12-18,21.951210021972656,53.20000076293945,398.57000732421875,80.00354766845703,96.14331817626953,88.30000305175781,248.7100067138672,110.00657653808594,608.3262329101562,674.4769287109375,87.54315185546875,88.12592315673828
2025-12-19,22.106000900268555,53.720001220703125,399.0199890136719,79.96473693847656,95.9270248413086,88.8499984741211,250.7899932861328,109.72362518310547,616.2559814453125,680.5900268554688,87.21640014648438,87.78899383544922
2025-12-22,22.389999389648438,54.0099983215332,408.2300109863281,80.03439331054688,95.82734680175781,89.16999816894531,253.5800018310547,109.70369720458984,619.2100219726562,684.8300170898438,87.0271224975586,88.23999786376953
2025-12-23,22.639999389648438,54.310001373291016,413.6400146484375,80.0940933227539,95.7874755859375,89.75,252.0800018310547,109.81329345703125,622.1099853515625,687.9600219726562,87.16658782958984,88.18000030517578
2025-12-24,22.6299991607666,54.41999816894531,411.92999267578125,80.24336242675781,96.03666687011719,89.80000305175781,252.7100067138672,110.24170684814453,623.9299926757812,690.3800048828125,87.69457244873047,88.76000213623047
2025-12-26,22.700000762939453,54.79999923706055,416.739990234375,80.20355987548828,96.12637329101562,89.94000244140625,251.4199981689453,110.23174285888672,623.8900146484375,690.3099975585938,87.40567016601562,88.86000061035156
2025-12-29,22.489999771118164,54.65999984741211,398.6000061035156,80.23340606689453,96.26592254638672,89.7300033569336,249.8800048828125,110.38119506835938,620.8699951171875,687.8499755859375,87.73442077636719,89.04000091552734
2025-12-30,22.639999389648438,54.880001068115234,398.8900146484375,80.31301879882812,96.16624450683594,89.87000274658203,248.02999877929688,110.25167083740234,619.4299926757812,687.010009765625,87.52521514892578,89.22000122070312
2025-12-31,22.360000610351562,54.709999084472656,396.30999755859375,80.23340606689453,95.8472900390625,89.45999908447266,246.16000366210938,109.78340911865234,614.3099975585938,681.9199829101562,86.82788848876953,88.48999786376953
2026-01-02,22.389999389648438,56.2400016784668,398.2799987792969,80.27320861816406,95.76754760742188,90.3499984741211,248.77999877929688,109.7535171508789,613.1199951171875,683.1699829101562,86.69837951660156,88.5199966430664
2026-01-05,22.809999465942383,56.86000061035156,408.760009765625,80.482177734375,96.05660247802734,91.41999816894531,252.72999572753906,110.06237030029297,617.989990234375,687.719970703125,87.12673950195312,88.72000122070312
2026-01-06,22.799999237060547,57.279998779296875,413.17999267578125,80.50208282470703,95.98683166503906,91.55999755859375,256.0799865722656,110.06237030029297,623.4199829101562,691.8099975585938,86.94742584228516,89.37000274658203
2026-01-07,22.59000015258789,56.849998474121094,409.2300109863281,80.482177734375,96.16624450683594,91.30000305175781,255.47999572753906,110.14208221435547,624.02001953125,689.5800170898438,87.45548248291016,88.5
2026-01-08,22.8799991607666,56.869998931884766,411.489990234375,80.54188537597656,95.87718963623047,91.33999633789062,258.2699890136719,109.83322143554688,620.469970703125,689.510009765625,87.01715850830078,89.29000091552734
2026-01-09,22.899999618530273,57.13999938964844,414.4700012207031,80.60159301757812,95.98683166503906,92.13999938964844,260.2300109863281,110.23174285888672,626.6500244140625,694.0700073242188,87.5949478149414,89.47000122070312
2026-01-12,23.190000534057617,57.939998626708984,422.2300109863281,80.64139556884766,95.86721801757812,92.66999816894531,261.5,110.10222625732422,627.1699829101562,695.1599731445312,87.3359375,89.58999633789062
2026-01-13,23.3700008392334,57.5099983215332,421.6300048828125,80.64139556884766,95.98683166503906,92.08000183105469,261.3500061035156,110.34133911132812,626.239990234375,693.77001953125,87.48536682128906,90.08999633789062
2026-01-14,23.389999389648438,57.75,425.94000244140625,80.64139556884766,96.1861801147461,92.5199966430664,263.19000244140625,110.62030792236328,619.5499877929688,690.3599853515625,87.9934310913086,90.87000274658203
2026-01-15,23.200000762939453,58.09000015258789,423.3299865722656,80.64139556884766,95.98683166503906,92.5,265.510009765625,110.48081970214844,621.780029296875,692.239990234375,87.97350311279297,91.5
2026-01-16,23.15999984741211,57.869998931884766,421.2900085449219,80.69114685058594,95.61803436279297,92.75,265.760009765625,110.16200256347656,621.260009765625,691.6599731445312,87.46544647216797,92.62000274658203
2026-01-20,23.479999542236328,57.310001373291016,437.2300109863281,80.482177734375,95.23927307128906,91.41999816894531,262.5799865722656,109.49447631835938,608.0599975585938,677.5800170898438,86.31983184814453,90.9000015258789
2026-01-21,23.75,58.2599983215332,443.6000061035156,80.72100067138672,95.48845672607422,92.43000030517578,267.7900085449219,110.15203857421875,616.280029296875,685.4000244140625,86.97731018066406,91.26000213623047
2026-01-22,23.739999771118164,58.70000076293945,451.7900085449219,80.78070831298828,95.4784927368164,92.80999755859375,269.7900085449219,110.36125946044922,620.760009765625,688.97998046875,87.35586547851562,90.36000061035156
2026-01-23,24.18000030517578,59.06999969482422,458.0,80.74089813232422,95.6379623413086,93.33000183105469,264.80999755859375,110.43099975585938,622.719970703125,689.22998046875,87.5949478149414,90.54000091552734
2026-01-26,24.290000915527344,59.16999816894531,464.70001220703125,80.78070831298828,95.77751159667969,93.8499984741211,263.9800109863281,110.52067565917969,625.4600219726562,692.72998046875,88.01335144042969,90.41999816894531
2026-01-27,24.6200008392334,60.34000015258789,476.1000061035156,80.770751953125,95.66787719726562,95.33000183105469,264.7300109863281,110.40111541748047,631.1300048828125,695.489990234375,87.46544647216797,90.38999938964844
2026-01-28,24.940000534057617,60.75,494.55999755859375,80.64139556884766,95.588134765625,94.36000061035156,263.29998779296875,110.24170684814453,633.219970703125,695.4199829101562,87.26620483398438,89.45999908447266
2026-01-29,25.299999237060547,60.439998626708984,495.8999938964844,80.63143920898438,95.68780517578125,94.9000015258789,263.3699951171875,110.27159881591797,629.4299926757812,694.0399780273438,87.2861328125,90.70999908447266
2026-01-30,24.43000030517578,59.099998474121094,444.95001220703125,80.72100067138672,95.62800598144531,94.05000305175781,259.6499938964844,110.16200256347656,621.8699951171875,691.969970703125,86.7979965209961,90.80000305175781
2026-02-02,23.540000915527344,59.279998779296875,427.1300048828125,80.7699966430664,95.44000244140625,94.54000091552734,262.17999267578125,110.05999755859375,626.1400146484375,695.4099731445312,86.55000305175781,89.86000061035156
2026-02-03,24.149999618530273,59.599998474121094,454.2900085449219,80.72000122070312,95.52999877929688,94.61000061035156,262.7799987792969,110.11000061035156,616.52001953125,689.530029296875,86.76000213623047,89.66000366210938
2026-02-04,24.190000534057617,58.79999923706055,453.9700012207031,80.62000274658203,95.51000213623047,94.94000244140625,260.5199890136719,109.97000122070312,605.75,686.1900024414062,86.54000091552734,90.94999694824219
2026-02-05,23.760000228881836,58.529998779296875,441.8800048828125,80.52999877929688,96.06999969482422,93.58000183105469,255.8300018310547,110.5,597.030029296875,677.6199951171875,87.4800033569336,90.81999969482422
2026-02-06,24.010000228881836,60.06999969482422,455.4599914550781,80.80999755859375,96.06999969482422,95.66000366210938,265.0199890136719,110.55999755859375,609.6500244140625,690.6199951171875,87.54000091552734,92.25
2026-02-09,24.25,60.5099983215332,467.0299987792969,80.91999816894531,96.08999633789062,97.0199966430664,266.8800048828125,110.55999755859375,614.3200073242188,693.9500122070312,87.5199966430664,92.63999938964844
2026-02-10,24.139999389648438,60.599998474121094,462.3999938964844,80.83999633789062,96.51000213623047,97.37999725341797,266.1600036621094,110.81999969482422,611.469970703125,692.1199951171875,88.52999877929688,93.87999725341797
2026-02-11,24.3700008392334,61.560001373291016,467.6300048828125,80.83000183105469,96.23999786376953,97.91000366210938,264.95001220703125,110.69999694824219,613.1099853515625,691.9600219726562,88.05999755859375,93.36000061035156
2026-02-12,23.799999237060547,60.86000061035156,451.3900146484375,80.79000091552734,96.83000183105469,97.19999694824219,259.5400085449219,111.22000122070312,600.6400146484375,681.27001953125,89.2300033569336,93.25
2026-02-13,23.8799991607666,61.119998931884766,462.6199951171875,80.8499984741211,97.20999908447266,97.27999877929688,262.9599914550781,111.58999633789062,601.9199829101562,681.75,89.72000122070312,94.58999633789062
2026-02-17,23.59000015258789,60.869998931884766,448.20001220703125,80.80999755859375,97.19999694824219,97.27999877929688,263.0400085449219,111.69999694824219,601.2999877929688,682.8499755859375,89.87000274658203,95.48999786376953
2026-02-18,24.209999084472656,61.189998626708984,458.2799987792969,80.91000366210938,97.0,97.33999633789062,263.989990234375,111.58999633789062,605.7899780273438,686.2899780273438,89.52999877929688,94.37000274658203
2026-02-19,24.43000030517578,61.040000915527344,459.55999755859375,80.94000244140625,97.08999633789062,97.05000305175781,264.6000061035156,111.68000030517578,603.469970703125,684.47998046875,89.62000274658203,94.16999816894531
2026-02-20,24.600000381469727,62.34000015258789,468.6199951171875,81.0,97.08999633789062,97.93000030517578,264.6099853515625,111.58999633789062,608.8099975585938,689.4299926757812,89.41000366210938,94.87999725341797
2026-02-23,24.75,61.650001525878906,481.2799987792969,80.87000274658203,97.44000244140625,97.44999694824219,260.489990234375,111.70999908447266,601.4099731445312,682.3900146484375,89.73999786376953,94.88999938964844
2026-02-24,24.719999313354492,62.619998931884766,474.6099853515625,80.80999755859375,97.41999816894531,97.62000274658203,263.3299865722656,111.68000030517578,607.8699951171875,687.3499755859375,89.9000015258789,95.12999725341797
2026-02-25,24.75,63.310001373291016,473.4200134277344,80.91999816894531,97.33999633789062,98.55999755859375,264.5799865722656,111.6500015258789,616.6799926757812,693.1500244140625,89.91000366210938,94.87000274658203
2026-02-26,24.760000228881836,62.709999084472656,477.4800109863281,80.8499984741211,97.5999984741211,98.43000030517578,265.989990234375,111.72000122070312,609.239990234375,689.2999877929688,90.2699966430664,95.5199966430664
2026-02-27,25.100000381469727,62.58000183105469,483.75,80.72000122070312,97.98999786376953,98.31999969482422,261.4100036621094,111.68000030517578,607.2899780273438,685.989990234375,90.81999969482422,95.69000244140625
