Date,DBC,EEM,GLD,HYG,IEF,IEFA,IWM,LQD,QQQ,SPY,TLT,VNQ
2016-01-05,-0.00980394408708074,0.002235828202066692,0.0028185529910356166,0.0018723033900864827,-0.00028350153255374266,-0.0016798208576984663,0.002181861417693609,0.0005271866486844523,-0.001735248199148165,0.0016907410833961745,-0.004034273397075627,0.019296901081481188
2016-01-06,-0.015993891313945685,-0.019120383740063418,0.014440762350867997,0.0,0.006037425979090738,-0.017573479807023173,-0.015238282054705898,0.003946593018457456,-0.009605629923904013,-0.01261418140058701,0.013475340139157854,-0.002740335215399625
2016-01-07,-0.004644107866721647,-0.030864421957054744,0.014139709399294764,-0.006478765011088461,0.002156431921843893,-0.01902936702849234,-0.02671087413479134,0.0007866887272500733,-0.03131339298561264,-0.023991620631270694,0.0017942602332907676,-0.019482756103496923
2016-01-08,-0.00466560080333589,-0.010727351225608417,-0.004427708091822691,-0.0026345287640772153,0.0025262878813829825,-0.012803185986025367,-0.01722320058744653,0.0007855031842654014,-0.00820076624648336,-0.010976709180527955,0.004478801182549841,-0.013373797963897704
2016-01-11,-0.02734366703677038,-0.00033903630262277495,-0.008894799760520211,-0.0015090128755365084,-0.0031731492135599337,0.0035370267441559022,-0.004333275041153661,-0.0032276692663321116,0.0030768587712044493,0.0009901448922970957,-0.01094374522118513,0.0056800262155056735
2016-01-12,-0.006425752661843198,0.002034181316476813,-0.005060137388834152,0.0010070377199487002,0.004493863673875831,0.004699683617525485,0.0029981031808470338,0.002275677005854959,0.01159760855342884,0.008068328983223072,0.014424950882341525,-0.0066752290607977605
2016-01-13,-0.005658816455187177,-0.010487272043053886,0.004893984653210337,-0.011071178204501209,0.003914783693804491,-0.016371143733492022,-0.03210875372993649,0.003055772239554333,-0.034489225643631105,-0.024940723018805455,0.009856832175584751,-0.014344702762977057
2016-01-14,0.0024390089562389416,0.012991467880311802,-0.016233809757639994,0.004452823141480433,-0.0020429713561765928,0.01248250926745098,0.013847309275032194,-0.004961694889789814,0.021295403284356196,0.016417050224414087,-0.00936062675284477,-0.0023603013429901454
2016-01-15,-0.02108692155811187,-0.03948723083371475,0.010289314914859515,-0.013172447183243507,0.004651444574284458,-0.035420648461229276,-0.016213157733035666,-0.0014870646968340173,-0.0310367253242676,-0.021466211983662498,0.015587235875227146,-0.006833868938457721
2016-01-19,-0.008284766125541965,0.014757684687113803,-0.000960784707550344,-0.003466211447242129,-0.001296028364824342,0.008723855359723975,-0.013483707107725174,-0.004468407242342987,0.0021815834949652224,0.0013310299852249408,-0.003101323931010702,0.0052932827048501885
2016-01-20,-0.007518843048462731,-0.021814346795135164,0.013367949074563512,-0.006697897005191411,0.004914572492928038,-0.024135198196753027,0.004151033388005043,0.0014962497988182388,-0.003067324568149732,-0.012814800717159347,0.010529363870641406,-0.026852477649079387
2016-01-21,0.01346792778782735,0.0038938830889416742,0.001138797703897687,0.006743061335516387,-0.0024914109224264402,0.007007403504245113,-0.0023187032075656644,-0.0029002071277483,0.0009923147712338487,0.005601933397253678,-0.006788982077207684,0.005545336449111815
2016-01-22,0.02990023822490917,0.03420311187265046,-0.004644969889963546,0.015327253328037305,-0.002219471963931019,0.02988137460226503,0.024456684885133084,0.0006173029177654055,0.028953894402745428,0.020514847154118332,-0.003814573271129773,0.027845453113129803
2016-01-25,-0.0217740588545019,-0.01704732490661298,0.010285731724330338,-0.009895220816075079,0.0033369670237513027,-0.013314605870141327,-0.02219609582925608,-0.0010569404116583803,-0.01484045327016037,-0.015116289068919153,0.005425418723502107,-0.0062819594669313306
2016-01-26,0.01978562327721689,0.014568033986435802,0.011406476843766722,0.008968825371473699,0.0007390329935197393,0.017723900894825784,0.019975805277169467,0.0028215217334024434,0.008999329766296027,0.013643113131730278,0.000475865604470771,0.020940080585510668
2016-01-27,0.012125944070776828,-0.003418871601427953,0.0037282274439893737,-0.0015240156284657136,0.0007381351053974416,-0.0065309177196640755,-0.013748694415250062,-0.002726191189043714,-0.02491504157384339,-0.010883219409569045,-0.000237779842922059,-0.019349942088528804
2016-01-28,0.011182220312949465,0.015780516721930704,-0.010678814187088714,0.005087309942047424,0.0012918612390080408,0.0033866010702561233,-0.0002008651661650207,0.0011469332732072512,0.014117981338264807,0.005209126330380842,0.0014283715259211238,-0.007629565332674004
2016-01-29,0.009478792069256725,0.03242140207681721,0.0038482826092700595,0.003290581709271434,0.005344652185142795,0.018066384001635294,0.03280222602620375,0.005195095204636679,0.02088256018724266,0.024377335900741537,0.008475660077974956,0.02054608371660871
2016-02-01,-0.018779399908663508,-0.00948614716729923,0.01028523735300313,-0.0059449255459790296,-0.0023040792085229356,-0.0005851553791655917,-0.004565340679269059,-0.003189353480306245,0.00268865570208332,-0.0003614299839304058,-0.0030609630309721414,0.0016885691482664278
2016-02-02,-0.017543929087379673,-0.03236476407150579,0.00037013683482878257,-0.00714002111737333,0.0070839300181742,-0.023609538100083705,-0.021563051543009082,0.0018514290956230806,-0.02164530698988476,-0.018021972178144052,0.018552059451339975,-0.00907680983769188
2016-02-03,0.025162364119736047,0.02832764019761491,0.010731831819877025,0.004879862542452873,-0.001096178343450438,0.008592997283110915,0.0012967301820792088,-0.002463978526029642,-0.004796891367707445,0.005994905844853404,-0.008292981849497005,0.006673739440869575
2016-02-04,-0.00158352137463591,0.007633502729654573,0.012082377069329242,-0.0031948976868900747,0.0023777755043847826,0.00019787495409029354,0.0038841145734220817,0.00044057628558857864,-9.835936736612982e-05,0.0015681906968072479,0.004844867123050323,0.0005200443535133825
2016-02-05,-0.0063442210212423245,-0.011528322018485637,0.015827077912906162,-0.007692811660836574,0.0012766620906146109,-0.015253427464402392,-0.02738130113804771,-0.00017569605762224327,-0.03472725790845954,-0.019050233953538553,0.0011669384875738764,-0.018968361316837545
2016-02-08,-0.004788387810708672,-0.013662068424909357,0.013443751249405,-0.011627128568179934,0.007471936970382176,-0.017903724702637458,-0.016421692413495115,0.005202031235795435,-0.015287207591253682,-0.013460738618326862,0.021520020881139024,-0.02860575815663957
2016-02-09,-0.02566160623624736,-0.013851225474896811,-0.002196257541759894,-0.0037911406619305366,0.00018056314001113627,-0.011880410467890457,-0.006740709997434813,-0.0034210634473977874,-0.003105212505340016,5.37915153497881e-05,0.001064635377805434,-0.01840453918442908
2016-02-10,0.0016460801428421767,0.004110915263903836,0.007747818623272451,-0.001443289396075409,0.0029847372058124932,-0.0008291602079394389,0.0005219513362897388,0.0012325797501715474,0.0038416572931705417,-0.0008630452360368635,0.008812415666841433,0.006944477831778206
2016-02-11,0.012325312618960416,-0.016717770292417833,0.0401886992042193,-0.00670215957152831,0.0045972540248075955,-0.013070485841960355,-0.010852301750180593,0.003340695727242604,-0.0014477276571889242,-0.013007586373970925,0.007003325533258442,-0.014207073965655126
2016-02-12,0.014610481765373162,0.017348994064850354,-0.005879363032051943,0.01494912100992929,-0.007627824110967962,0.014715107567665697,0.018989241573836635,-0.005607651499622501,0.015224921079391551,0.02061676723938466,-0.016601670007490466,0.01147313234370162
2016-02-16,-0.01120001949226268,0.022169121632787725,-0.030331226332987904,0.0009127119399332528,-0.0029842311267678223,0.01947358242082098,0.02370824495036916,-0.004758405474706184,0.022546657722416263,0.01687778325603584,-0.010570154756813332,0.01839824512017474
2016-02-17,0.0210355575037402,0.019686268908074345,0.00618634429410414,0.00820413704426648,-0.0024486928215200487,0.018289104447118287,0.015675588408797347,-0.00026514188101434133,0.022647763536112864,0.01633506273959573,-0.006148618527348715,0.008557454103061746
2016-02-18,-0.0055468058671577225,-0.005889858646041524,0.02433319602449635,0.0009042086895607593,0.004636720136430128,-0.0031927677224603546,-0.004779631305599219,0.008147005191141643,-0.011414617406967476,-0.0040959058582906716,0.012295485054705457,0.010101137480435396
2016-02-19,-0.008764795997427188,-0.004608386306916845,-0.006002190201855551,0.0019358396460293914,0.0,-0.0016017557842963326,0.005002795020180306,-0.0007026236625706783,0.002960714793973196,-0.00046862552134585567,0.0008403848006099945,0.005733164805789226
2016-02-22,0.015273214951220249,0.0248014514650432,-0.01777516528948675,0.008629627457240607,-0.000995496697963394,0.01122913848196272,0.011149674909228136,0.002021475220439495,0.016235135199704986,0.014479347367434059,-0.0005343065305100092,0.009545216983154026
2016-02-23,-0.013460020997511313,-0.021297005064484842,0.014979681261872324,-0.002042777731657619,0.0019928911446716047,-0.01645848202383704,-0.009156277088075093,0.0020180600654156056,-0.016459928741734076,-0.012629547417647657,0.004047986950750593,-0.0026261852150265552
2016-02-24,0.012841101810189715,-0.0023079132637853217,0.003327072049028157,0.0016629784705084472,0.0,-0.0016128504453264414,0.009638389518005441,0.0009632358827720289,0.009549018797155195,0.004575522615637206,-0.0019779382231552844,-0.00118493619508242
2016-02-25,-0.0007923880690401397,0.0033045221366867494,0.0026358095143692584,0.005364739659607043,0.0029842089233760305,0.012520305412612398,0.009152501257148282,0.00559727460053927,0.009849120452554594,0.012111465365234775,0.0035823344667178514,0.020432325472561796
2016-02-26,-0.0015860328916206257,-0.009881306836473702,-0.006869043174790868,0.00673538244470584,-0.004868565635561706,-0.0037893166343330176,0.00633931079952843,-0.0003475303373043914,-0.00125552882983615,-0.002300958906278905,-0.00964508569932343,-0.005167243195446591
2016-02-29,0.012708508700527421,0.008649302266488412,0.013064629590324062,0.010727618185458088,0.0016309960840052984,-0.00580597664570115,-0.004457867912979863,0.0006961477227158674,-0.008991595598990876,-0.007842650140968188,0.004371139986520278,-0.0038956906662296342
2016-03-01,0.0007843087987857711,0.03562013502907857,-0.0073331317520045625,0.015805003793714745,-0.00781587829372743,0.0269837479632129,0.02151275628480498,-0.005449942458279899,0.032097679431665194,0.023506975859045376,-0.0176080157903461,0.028157974884760906
2016-03-02,0.00548585898403009,0.013375834430438438,0.007726956678680841,-0.006797187640453339,-0.0017346335274252,0.006274302482517147,0.01029165638320384,0.002016124275029174,0.00037815535245289134,0.00449250791266631,0.00412628699855766,0.007227305700324482
2016-03-03,0.005456016450343215,0.011313564252381392,0.017273365743903035,0.003360002677369467,0.0011892645919853173,0.009352771605671828,0.01046969100558659,0.004725029345989951,-0.0018899845159856543,0.003919730477139449,0.003644290181885834,0.005286934283887712
2016-03-04,0.019379810390452112,0.019888155162459675,-0.0015737798071993048,0.002851776638971515,-0.0033801681001498496,0.008108443079138716,0.0055073278486788,-0.00017371975431734743,0.00037880585144001166,0.0032535082475888544,-0.006412636534374516,0.00012499235230145622
2016-03-07,0.018251007844874323,-0.0015235641345704432,0.004977588099916774,0.001236913246986715,-0.00201600343763475,-0.0011490462905889842,0.010861281532531741,0.0011323282529214218,-0.006151439969005246,0.0007982760757909713,-0.0003105840612550592,0.002629271696145352
2016-03-08,-0.013443035607326181,-0.017088778892874967,-0.0046227304062674834,-0.007039986903089268,0.005785401745337149,-0.011503284762785615,-0.024152735964756644,0.005307381555645474,-0.008283954712600017,-0.010917884793666177,0.011045175720330258,-0.010239642122034653
2016-03-09,0.015140123119492754,0.006209227871522005,-0.00829324916913754,0.0024873274595653694,-0.003926119990566579,0.004461128142692727,0.005082354910537212,-0.0011249831601899407,0.006432759407741351,0.004939662344337403,-0.006077675203684962,0.005551606600870285
2016-03-10,-0.0014913309083188775,0.0015426910868174826,0.016056181130168712,0.006948322609041213,-0.0035744670171565796,-0.0013516177343185776,-0.008146517112849971,0.004159150948209289,-0.0015262283074148897,0.0008022994253693572,-0.00410209116127791,-0.003638605056381583
2016-03-11,0.0037341063544253927,0.020948912878356873,-0.01720161594971703,0.012074866136325912,-0.0028520610102480415,0.025908686997423436,0.02142919631556328,0.0028476656767302266,0.01748546150393393,0.016137065265014794,-0.010104493479888066,0.022415088649675674
2016-03-14,-0.008928599155576311,-0.006034908016813834,-0.012896749587957723,-0.0028007179978348784,0.0007381209104497799,-0.0016961860121108563,-0.00258800634330858,0.0029254393183675287,0.0016899351455901268,-0.001282170127993254,0.003140316192970616,0.00012301471032283295
2016-03-15,-0.008258375878432145,-0.014268505785344998,0.000763521980092996,-0.009277888066719142,-0.0001838682837026484,-0.00962811675917652,-0.015566880373126146,-0.000343268637769345,-0.00037495883988536427,-0.0016293974705620107,0.0009395211704419371,0.0004926971795078394
2016-03-16,0.01741120136162233,0.020018439367764262,0.02229567034444102,0.0066539847071109826,0.005255147067331212,0.010102948943315093,0.0070594104094092724,0.004805378742758215,0.008909382087445517,0.005786868724558358,0.0029716152474603685,0.012062901184559216
2016-03-17,0.011160811892265254,0.022041217326578266,-0.003814570847019083,0.006365811306558111,0.0011006962210970972,0.008114521036064692,0.015328446117983896,0.0030751470617575993,-0.0005574518950886009,0.0063443987855189565,0.004131757064000041,0.014108547088479417
2016-03-18,-0.00073591347397306,0.005317683400464457,-0.002746975852867317,0.0023108500762925033,0.0017409907777485856,-0.0020589415813305756,0.009021648774933277,0.002299450045829543,0.0015667863569275298,0.00392969294110479,0.0020971526004087693,-0.004317726287419665
2016-03-21,0.002945489505302268,0.002056769381759471,-0.007011719080860512,-0.0010914976805381782,-0.002835540149486948,-0.0018758560665899093,-0.002372150163119535,-0.0011891995006532152,0.003911942931656087,0.001418581675977082,-0.007671092072311647,-0.009025401667251187
2016-03-22,0.007342097691558358,-0.002345878597064477,0.0029421526295789757,-0.0026739134309680113,-0.0021096604906298833,-0.001691307360188854,-0.0011887761800610797,-0.0018717125661835698,0.003061318326725182,-0.000537329524769703,-0.00023421411681301407,0.0
2016-03-23,-0.021137058598737046,-0.017048993723175254,-0.02263009809313088,-0.004628459262997486,0.004596119434442603,-0.010165717534210916,-0.018486012094192317,0.0050281425546983005,-0.008231490511735884,-0.0065993096769561,0.011324223983008253,-0.005407765523701369
2016-03-24,-0.00595669208767613,-0.0023921789270375804,-0.0024011557999427113,-0.004405693285971957,-0.0010067324252387433,-0.0058958300461023905,0.0029940471488496545,-0.00042458988787885676,0.00027999084442908995,-0.00044317634037704945,0.0003861020252602376,0.0003705458043299359
2016-03-28,0.002996235693734972,0.0032975705165991798,0.0023209545157449885,-0.004548585840201014,0.0014653863212847895,0.00593079701735455,0.0012125417414525774,0.0005942400534413306,-0.0013987236113298662,0.0005907228731969472,0.0013124099786985255,0.00901785025359092
2016-03-29,-0.002240548056453462,0.013743210470592127,0.01852490300494103,0.0038283094816891072,0.006766733994930885,0.010650480955688435,0.027764808620008186,0.0044929369133619446,0.016058296624968493,0.009250340308954552,0.010485441471831614,0.021669987932413814
2016-03-30,-0.0037424915866762776,0.010315703241044583,-0.013977800877817192,0.0035677632393968928,-0.001362385819442813,0.007715458084713855,9.082395460224824e-05,-0.0011816439377132504,0.004869999700152894,0.00438735362171494,-0.010529384612017467,-0.0019173385073878446
2016-03-31,-0.0015026201780448112,-0.000875163181468186,0.004611451089358232,0.0013478555939319126,0.00363864817349846,-0.007656385562823553,0.0028099494140032544,0.003971517132278057,-0.0014631029793709116,-0.0024269164728639714,0.007094108399505528,0.006123134725336765
2016-04-01,-0.017306136597570854,-0.002919626840017342,-0.006035354370591106,0.0007257185582612014,-0.00029071202647390493,-0.011855718589519726,0.004429594941595338,0.0032238940320363785,0.010622589830435292,0.0068120723336035915,0.0026088260818324382,-0.0013125769381036045
2016-04-04,-0.013782626766273731,-0.012006232849745224,-0.006670647201412416,-0.00245776658254504,0.0011805099420276743,-0.0007614394838709737,-0.008369466910443935,8.344026751450073e-05,-0.003805585507471898,-0.0032381738358081558,0.00061177275180202,-0.0014340644831459803
2016-04-05,-0.0023291778593318435,-0.019561321518660413,0.013000448699038714,-0.003695733123185607,0.003989821208283839,-0.020202339632039545,-0.01134421426290777,0.00319701258199534,-0.009641585961180699,-0.009987503354294214,0.010936370671627005,-0.0065812164170204746
2016-04-06,0.01089496055733008,0.012092213229651927,-0.006119337058417829,0.008408417541457824,-0.0021677736042481355,0.01556116988144196,0.011290608860970774,-0.0008377947312899758,0.016440155635616627,0.010921236275209578,-0.0072625458464806725,0.002409238996562646
2016-04-07,-0.0030793590806574844,-0.02001205861013633,0.01428081181871077,-0.0049049965194882805,0.005160012459854535,-0.013981688166573192,-0.01352481162703234,0.0026847585564011567,-0.014367092166966966,-0.011965982986286927,0.012344785676634329,-0.006248386197714284
2016-04-08,0.02393833512467114,0.017372662233454683,-0.0015175811841288134,0.004559951715372712,-0.0015309353580754692,0.019813570135716718,0.0039567539383484895,-0.0022594438851761822,-0.0007337292392151085,0.00269683453908387,-0.00632300854325063,0.00556185475050941
2016-04-11,0.007541344943647665,0.012881865882225396,0.013510077429689682,0.001349031969386294,-0.0001802300711776228,0.0005713604937154226,-0.003116262148866955,-8.40126834840138e-05,-0.003669539185682802,-0.00234729633065911,-0.0012876850178278332,-0.002044078539314542
2016-04-12,0.02170662006867108,0.015380303332801715,0.0001666606070513943,0.00587972442126472,-0.003969629911972805,0.014467742076740286,0.010756633622283962,-0.003942894311719347,0.008379464392962221,0.009312949609023846,-0.006902483748703725,0.007229720769836634
2016-04-13,0.005128172920123131,0.01776858237377832,-0.010662277185778612,0.00657688281153046,0.000724869693689012,0.015199788772997769,0.0215573934281601,0.003453563587782371,0.012784093349019754,0.010100750034510053,0.0035140066219589983,-0.004426172288125252
2016-04-14,-0.008017442613807102,-0.00486537639731266,-0.01397656040779005,-0.0003625989174729227,-0.002353024665090464,0.0014785991994830106,-0.0012465017072609275,-0.0006720456749594872,9.018443121755482e-05,4.813655557200924e-05,-0.004795462166386155,-0.0055276416135319195
2016-04-15,-0.003673746146089063,-0.005752336317400908,0.006916553277877435,-0.00157387336110415,0.0029935156426068588,-0.0025836090423263514,0.002495960430242139,0.004199886958369703,-0.0025243464946489436,-0.001105537547073987,0.008565531987442476,0.007491758231884749
2016-04-18,0.004424750786455878,0.004628659005773583,-0.0015264612277036127,0.005697687816928587,-0.000994946277365738,0.008697118586254104,0.007559257952159948,0.0010870822167428074,0.005333200868179011,0.007026325380698584,-0.004322178609156402,0.004796797549217358
2016-04-19,0.021292248947881065,0.015260403040878279,0.015627688132066497,0.004219042475698709,-0.0016296997612088582,0.01761143940360199,0.0007940093981853025,0.0018384456573794505,-0.006113938921933237,0.0031547612678453074,-0.0031227337126029653,0.0004778654005757055
2016-04-20,0.019410454361922902,-0.004537877716144445,-0.005101192515562847,0.001920334044944072,-0.005077946439101533,-0.00036045025716557877,0.001499471118552087,-0.0027521156055061446,0.0008140069865665289,0.0009527361789467559,-0.01100049545396975,-0.016941054727817817
2016-04-21,-0.004231364665420179,-0.009971574520828752,0.0037824404776409803,-0.003114772841501301,-0.0016412970373849145,-0.006131635088707066,-0.005019348415754132,-0.0004185840924041395,9.040451102992897e-05,-0.005378581700119844,-0.005947782390801071,-0.01783996068376259
2016-04-22,-0.004249105529253616,-0.006042807576939202,-0.012811914275298819,0.0022834934046866984,-0.0010956502114599642,0.00018121481459254518,0.009912382542355491,0.0010874452741302942,-0.015092418984591127,0.0,-0.00256445652100612,0.01087362028057881
2016-04-25,-0.0007113132177014592,-0.006369414896605363,0.0028840781155776707,-0.0038372913512186857,-0.0010969387400969755,-0.004172624790496626,-0.0070983189262400215,-0.0023395627780585793,0.0,-0.0017229005722402269,-0.004129019363535047,0.008311921292683877
2016-04-26,0.012811226356046035,0.010780682684993215,0.003975248058563308,0.003370544494039729,-0.0021045648210742396,0.003097143203697472,0.009796756828144515,-0.0004191955222508925,-0.004863296155178776,0.0014861526530944857,-0.004537148576985173,0.0038792363603386004
2016-04-27,0.009135810278785295,0.006053670031021641,0.002864397439145794,0.0058781008070891705,0.005501861415239562,0.0014531944460351998,0.003496182490841271,0.0063691007354740314,-0.008022358443219524,0.0020582706291518704,0.009980488175012514,-0.0006037524410329453
2016-04-28,0.005570838086785823,-0.010315050620465338,0.018901209532051544,-0.001669948586941028,0.00346527269751018,-0.013057709226942271,-0.011410175611248352,0.0009162057853613348,-0.012083835591111258,-0.00907575857262155,0.004124188369833748,-0.0020541611494948597
2016-04-29,0.009695387262024013,-0.0043428768857133315,0.01945750344247421,0.0016727419800468546,-0.0003632652638697609,-0.00404278309740147,-0.008986733444614647,0.00108156206818677,-0.005269186130712256,-0.005398680203659301,0.0025569924414059475,-0.00920197167246295
2016-05-02,-0.013717412528391093,-0.0026170918390837627,-0.0033158403319838436,0.00038330445564316307,-0.002904244084913299,0.009963154249545081,0.008890699578098626,-0.0012913695904049893,0.009458931422573036,0.007948392482283628,-0.010068123060953615,0.015519816928691865
2016-05-03,-0.015299008860248153,-0.028279891456951867,-0.002271979748055375,-0.006466948763705904,0.005934630781926797,-0.016076128342732754,-0.016390671815331714,0.0017518021803379913,-0.009276649839555895,-0.008703033401417426,0.012595222324633726,0.0015645214324984114
2016-05-04,0.0007062102448043284,-0.016201657327332364,-0.006099544612754526,-0.0037367778111236927,0.001815399665398676,-0.011511428795732082,-0.008242220940457567,-0.0016653678040186026,-0.006431366360773905,-0.00557833174284228,0.005485741041889369,0.014297456187727153
2016-05-05,-0.00988004570051515,-0.0003049771176394378,-0.0011455641166617792,-0.0008466324048610474,0.0027183367063483566,-0.0007513873820902406,-0.003974508390233389,0.002002007276892259,-0.0002858012150172007,-0.00019509228878722418,0.006685255049987848,0.0028435277320235652
2016-05-06,0.006414785145099078,0.001525496056786535,0.009093148301192455,-0.000606154284216065,-0.0023491853094208537,0.0026317847816845763,0.005894922714006379,-0.002165050106616828,0.00533248355005056,0.0036587160439971456,-0.0042746651285632264,0.010984568242699
2016-05-09,-0.02195453741486486,-0.012793357743836498,-0.020539038586043668,-0.0018175571836771542,0.0019018537687105486,-0.0022495481861013467,0.0028850218242626458,-0.0010011265465225128,0.0028414189820669122,0.0008266944559056633,0.0031429568029825994,0.010982584636878734
2016-05-10,0.02461976551958589,0.019129839652398895,0.0027351995597273415,0.008497249002962004,-0.00018088711290287218,0.014092516638907648,0.010069462663565343,0.0016703653754361891,0.01369465156855254,0.012433758132669226,7.690712555552537e-05,-0.00011537773821890251
2016-05-11,0.023321567333814075,-0.0024218728486838925,0.009423039824896007,-0.0007217647805033423,0.0015368330423559673,-0.008523738652853718,-0.012372174442241368,0.00108410548174942,-0.009037619001463604,-0.009354762817623263,0.005654406869172179,-0.021382565119081764
2016-05-12,0.0013812067540308615,-0.002731537768110859,-0.0078611125358784,0.0015651452144493927,-0.0027077507493314945,-0.0003735565617958292,-0.005317155188526268,-0.002082752586363923,-0.004418688412953897,0.0002904835540684658,-0.004559160624923564,0.005787314278154598
2016-05-13,-0.001379301653271603,-0.017954957218806467,0.0045394140453900444,-0.0044492458557028325,0.0038016412629007235,-0.010843276740318042,-0.006613990220040833,0.0018368906185073364,-0.0036832389764661633,-0.008714143741619829,0.009694093754352373,-0.008924336258051002
2016-05-16,0.011049731934489548,0.012085770009272467,0.0007394952589121484,0.005557356557867932,-0.0036073951857745756,0.011907258982785107,0.012677742711008744,-0.003332915299210426,0.012512004237026586,0.009864934158835714,-0.008617830662415615,0.009478719624814058
2016-05-17,0.007513613729598578,-0.004593156383619124,0.0034482607423813594,-0.0020424084104486706,-0.001357091776087338,-0.006350666507171088,-0.015851484314557407,-0.00033417339070540564,-0.012544510333502457,-0.009333129256668071,0.0016774883477601588,-0.01854448384582541
2016-05-18,-0.007457580351480253,-0.009843030483908444,-0.01734579222228738,0.00011980965538405108,-0.008066164263823783,0.00018820671646313514,0.005216093313239467,-0.008529999625786933,0.0036026513727664966,0.00029291069555092974,-0.014235795331617007,-0.015666372669808637
2016-05-19,-0.002732223174399473,-0.009319629404249241,-0.0019150352244893254,-0.002768414959263832,0.0010046914178776234,-0.005638241693164736,-0.008011492944386633,0.002361211125232243,-0.005195836840849566,-0.003464949249944227,0.00432468800607877,-0.01117676059598205
2016-05-20,0.004109485742930019,0.010034545032632236,-0.0013348098643798378,0.0035009462089576893,0.0006391006391006648,0.007370913755121444,0.01679500222084851,0.0006733642765612835,0.01101536386898827,0.006317012119404053,0.0007688856141616629,0.007986059732930206
2016-05-23,-0.0054569919093862,-0.001862590950721943,-0.002840166573309433,0.0002401077302265353,0.000638346603616391,-0.0020636743275771474,-0.0011729386094389005,0.0,-0.0013148497985553398,-0.00136254352848042,0.002228399345377552,0.00012155543899372567
2016-05-24,0.0,0.010264070244149881,-0.017341037506874768,0.006013365983008168,-0.001640427885113871,0.014100663939666802,0.02060346712361194,-0.0016816027438572023,0.020031766542830898,0.012962173701402069,-0.0044466602999402305,0.01243155130004392
2016-05-25,0.011659812254322999,0.012007557036610716,-0.002728045068191687,0.0015529422452114083,-0.0004562837025275934,0.009269349909286406,0.005843596391010397,0.0017689275792014403,0.0071914751949906375,0.0067833138613060395,-0.003773626849568168,0.0
2016-05-26,-0.0006779618501345785,0.0066929491764833315,-0.003419400875365075,-0.002864040957178182,0.00310521923954421,0.002020839437883337,-0.0011443821872144655,0.0028588436067624734,0.002929346281941747,0.0002868816436059074,0.005178959417428963,0.0019261769966960607
2016-05-27,0.0040705307653761125,-0.0003022841050368541,-0.008234680643287917,0.0016754828688820833,-0.0019118146572169037,-0.0016501398411548074,0.009958671707015032,-0.0007544106544864482,0.005202734660532338,0.004298910307861892,-0.0014608041289246865,0.005406755764488791
2016-05-31,-0.006081043075141235,0.0012092141252619815,0.003805525009163979,-0.0009557955600073553,0.0011857136296613557,-0.00348882757947766,0.003490612650274727,0.0017618301043893503,0.0019071378836703623,-0.001902647135673896,0.0023870251075759352,-0.00011997791977069738
2016-06-01,0.010197080678750137,-0.0006038768462186539,-0.0010339059082515867,0.001586128452612634,-0.0003375843215751573,-0.0012896621104320216,0.006782325037918202,0.0007061288215692851,9.013143104619203e-05,0.0020495028647460334,0.004057464520989651,0.000836927960610856
2016-06-02,0.0020189058738653287,0.00815726340645151,-0.0023288275554194104,0.00024020723450890458,0.0031040075406618683,0.0009227173879249317,0.00768707693628623,0.0020138472044171074,0.002084546187268943,0.0030433914120107097,0.00720769991301351,0.005134847979790136
2016-06-03,0.006715874493979923,0.0152831359786334,0.027751354156539287,0.0017995612151855411,0.009283810488629696,0.006820194246617506,-0.005999746315017762,0.008041345270098255,-0.0047027713179541575,-0.002986854730972932,0.014235330542355928,0.004039901090697295
2016-06-06,0.01200808083970184,0.010625809420494958,0.0003364814640942626,0.004430797013879051,-0.00261519355761064,0.005309472207061683,0.010778591645544289,-0.0024096417606184195,0.003634569121017117,0.005088546154493612,-0.007430438806140027,-0.007691557309429831
2016-06-07,0.009887799861543645,0.009053709763086282,-0.0008408886281601191,0.004410495200915188,0.001446321127618777,0.00692018688298357,0.0029006600394076987,0.001499359697556324,-0.0025346368157089794,0.001561123921086427,0.002419456192908731,0.00608151479687824
2016-06-08,0.016971395298699843,0.007235758468348008,0.014812339174809175,0.0037980377783881636,0.0011740315734936058,0.0027130193234028432,0.007400385307065216,0.003326932051703757,0.0017244112981118498,0.003259703443478479,0.005356389702662057,0.006400346839825932
2016-06-09,-0.0019255334422695336,-0.011494141200285468,0.005556461757929343,-0.003901911558522042,0.001532670715209239,-0.01244608502203215,-0.006417432216973551,0.001409405850388179,-0.0016308171684855655,-0.0013654638187089452,0.006452980618993909,0.0022379666908389773
2016-06-10,-0.012218644945920842,-0.025290648097082813,0.004041219495006354,-0.0048668559307755155,0.0035114730077030476,-0.02794490759916246,-0.013597289255152245,0.0011586533180425462,-0.011344187630032532,-0.009477570664359836,0.004846051524523887,-0.0047007695075867995
2016-06-13,0.0,-0.014017292605195686,0.007392817000752894,-0.0066801299664336344,0.0019748098372942557,-0.015032030698498011,-0.01085554859168969,-0.00148841442994041,-0.008353386796890683,-0.007711644766914216,0.0044512005328085635,0.00023627113006630118
2016-06-14,-0.006510448987517292,-0.003327277844660914,0.0010599906561068462,-0.003363060497065473,-0.0002690157659003267,-0.015070532617058152,-0.0028741336569069187,-0.0022356844589077607,0.0,-0.001966845971299702,-0.0007385669614232704,-0.0025971099327283254
2016-06-15,-0.005242431018456117,0.010622004556055664,0.007412264290884263,0.0004826700576665566,0.0030452572534476197,0.006778931678252498,0.0006988390829785196,0.0037346671058864356,-0.002869265150912348,-0.0013940555652365294,0.003844341439439347,0.00946796908772285
2016-06-16,-0.01712784017126945,-0.0036035327462583533,-0.010511020767707824,0.0006016518411287031,0.001071901499335004,0.000961827137427651,-8.730332940887209e-05,0.0014880613485905858,0.0029706803334006437,0.002984177728117654,0.004859902262087434,0.005626803072418918
2016-06-17,0.02345844904342087,0.0027123879878772073,0.01282889140431287,0.0006017483159983517,-0.0033900729255750273,0.009994105627590733,-0.00427755630025628,-0.002972053181066414,-0.011721486998212849,-0.003723915848544701,-0.006228896041142518,-0.0016318972585120939
2016-06-20,0.009168246294952942,0.017733691544909114,-0.005970132166106756,0.005894869347099263,-0.004295974505247879,0.02397726804371647,0.010871322073839229,-0.0012418701177832059,0.006291524671779847,0.006439789162003384,-0.010692188793412938,0.0014010835413016398
2016-06-21,-0.0077870295475092055,0.00767876047357019,-0.019235474102691663,0.00382695492336671,-0.00224723078069744,0.007991346686346601,-0.0019080460875066096,-0.0009123800089291256,0.0031728309518135323,0.0028388046089897756,-0.004621419329309262,0.0038120726387154136
2016-06-22,-0.005886310335381784,0.0025401751863243227,0.0004965672774475127,0.0009529779066657085,0.0019818841074059623,-0.00122090056736468,-0.0039103714687355184,0.0018265150054714852,-0.0024182872932284605,-0.0016312353269390956,0.0016470113884812232,-0.00152366680295557
2016-06-23,0.007894687627737706,0.02416048707706775,-0.0065343333792947655,0.007379283496448563,-0.004765803052452666,0.027453891185746038,0.019105036796849717,-0.0009946735268012707,0.01426689346117005,0.013022484071780971,-0.011438527643083729,0.0050474012011154645
2016-06-24,-0.020234861791950998,-0.06070206938239586,0.049038376152841456,-0.016422728524318808,0.013823115397235242,-0.08620069842209133,-0.03800714372175795,0.004726747888927907,-0.04118775282413867,-0.035909223382048716,0.02684789192176429,-0.008876565684702187
2016-06-27,-0.00199873008944762,-0.012863527796088015,0.005396827818855421,-0.014414141129287295,0.008644768173042161,-0.02042840596318274,-0.03283514857432002,0.004208756656052914,-0.019848456419312654,-0.017909442795709274,0.02496660634823611,0.0007070077266171371
2016-06-28,0.01602148758724975,0.02947549200340993,-0.010735716822507735,0.012552748424120574,-0.00017661670136703833,0.02739706983299106,0.015456846238351085,0.005505803834550793,0.021913597142130703,0.018035536157040788,0.0020834789215504745,0.02107892522723609
2016-06-29,0.014454572782624187,0.025316531403225984,0.004149350816571085,0.012638318483487287,-0.004064741790033688,0.017512649399031188,0.02274142170544624,-0.000326501124256251,0.017710029741212052,0.017027739164931388,-0.00767271370220457,0.012109458186977617
2016-06-30,-0.005828978920115246,0.009994110572491,0.00500639622652943,0.006775476329501373,0.002218622403282522,0.014863738723874587,0.018604112392717864,0.0035157030079335794,0.011569770452936723,0.01364564620492259,0.0036853042079039167,0.01036919156341809
2016-07-01,0.012377845423318101,0.009604106075919772,0.015339625386899147,0.0019812223243536042,0.0026417387175776685,0.0011563618285008737,0.003565759252093459,0.005236118484728047,0.005021439894078217,0.002100585331356264,0.013885635715728872,0.0003383456453553979
2016-07-05,-0.028314067270762244,-0.02133194769675939,0.008254789567508913,-0.005682798195506544,0.005482087293349869,-0.02213655330218811,-0.014732411372558873,0.003413496688340567,-0.006106743485227106,-0.007193227842052008,0.01251898865882839,0.011048196316565617
2016-07-06,0.003973634406809312,-0.0026508712455936,0.005870043250717272,0.004405881586866389,0.0001759631509721249,-0.0009840946648723703,0.00726064905222823,0.0017819106876872937,0.00819235324678802,0.005997674971159439,0.0016164476650162296,-0.004348461386178948
2016-07-07,-0.028364232222417796,-0.002657917041451907,-0.003762499043616141,0.0013036516394875353,-0.0013187850623013198,-0.0027587192967371,0.0021073614811917274,0.00016121858873563433,0.0029547552119635334,-0.0006200733974489614,-6.955602873748301e-05,-0.010303573931324417
2016-07-08,0.01018331202237488,0.021616759442072864,0.0060120143847071095,0.013259015121705575,0.0019369775394817434,0.015016760430765164,0.02330698829342137,0.0055781418357194745,0.015466783133942341,0.014890144640048897,0.007365035049286206,0.016181615963758
2016-07-11,-0.004032232693257809,0.009565407994037711,-0.009423926954219786,0.0005847577811521898,-0.0052723099371759785,0.014794593563550729,0.011559183909434223,-0.002573162156629283,0.005711544872536223,0.003527105875267056,-0.008773853597258574,0.006681825541059894
2016-07-12,0.018893344069609297,0.014068066955124081,-0.016551874633622066,0.0028018047947186986,-0.005918691301941781,0.013044349659706578,0.013374159212765413,-0.005640878673186633,0.00504828425983872,0.007263464994021529,-0.01643947421603642,-0.00011080813709496429
2016-07-13,-0.012582777202310935,-0.0016985875603995337,0.00920177573180525,-0.0029103861819272936,0.0025768338271425772,-0.0007575418363144903,-0.00392617693951558,0.0038901859914819426,-0.00242151104835453,-0.00013934909135848716,0.011785760096178599,0.00553154480707585
2016-07-14,0.004024195255518448,0.014463933698450226,-0.007715129649756625,0.0019847389497809065,-0.004165953184631976,0.008338123645242446,0.001006500765798446,-0.002421751027249952,0.006833256241352004,0.005583280023426562,-0.014543721784039398,-0.008911652320906849
2016-07-15,-0.00267206912762874,-0.0022365555037467955,-0.003848311365095336,-0.00198080756385699,-0.0038276152272105346,-0.005825766385337494,0.0027645349107754402,-0.003804212068408308,-0.0016076163281956157,-0.001341754988151811,-0.008596205513897726,0.0003331113619995385
2016-07-18,-0.004688592702912997,0.008965878428381036,0.001576825791636871,0.0033864686692093304,-0.00026770173500278993,0.0024573423101434955,0.0016705949390038999,0.0,0.006618985534420974,0.002687197985373535,-0.0009389266343191593,0.0026632627993763425
2016-07-19,-0.006056489891199557,-0.01027447452640684,0.0013381467862105811,-0.002677201318732836,0.0026811130285113727,-0.00754284257650828,-0.005003857076982032,0.001787412206835981,-0.003643242049098605,-0.0010166184636751785,0.0056411492923675866,0.004869884429814508
2016-07-20,-0.0067704383035885884,0.005050206762973852,-0.014307049036417885,0.002567130703744036,-0.0020501921339041163,0.008550238847868874,0.0065378868696091,-0.0003239489445411303,0.011682876273770404,0.004163088561693673,-0.005466158186393066,0.00010971954679139806
2016-07-21,-0.005453348575632622,-0.0030707076622858986,0.015232503958900745,-0.001396574122373928,0.002232526696658299,-0.003202697829828516,-0.004746774845263313,0.0011351387766100896,-0.002291731560232546,-0.003777046487048019,0.002025203101152284,0.0019831883501528758
2016-07-22,-0.0020561900016978774,0.007280951569436533,-0.007462722347700734,0.00442923406376039,-0.0008016194447928449,0.0009449457152519436,0.007447048304352499,-0.0005669689839841174,0.004152422151363577,0.004484930435997736,0.0017317767690436803,0.008792975352195587
2016-07-25,-0.01098894202844991,-0.010008471803880759,-0.006964758718206121,-0.004757902439217476,-0.0008030212346261667,-0.0003776022915601418,-0.001495008769344719,-0.000567204300843227,8.842232396699679e-05,-0.002716017647019786,-0.0007209751252865715,-0.0018524449540298082
2016-07-26,-0.004166718563623828,0.007862717762545435,0.0042241075487405855,-0.0038479951344445595,0.0006253177418975575,0.004155673468120291,0.004824486972029751,-0.0009737163940882754,0.001143503848219929,0.0004615650080428413,0.0015869036162485806,-0.004911884723493909
2016-07-27,-0.009762918200918902,0.0033434852130722614,0.016111101422991103,0.003043552346239542,0.004281744595081571,0.004890647691050409,0.002814792392396681,0.004141506828969188,0.006942718575422724,-0.0010610604224873255,0.012453413014619663,-0.0077888517631887755
2016-07-28,-0.002816883730621722,0.0002779686520639757,-0.002889909558035031,-0.004200920134170061,0.0005331880379839671,-0.000374350822859415,-0.002559352217510469,-0.000970301123095596,0.0034911703098250424,0.001154687561593093,-0.001848877250342662,0.009286998368312593
2016-07-29,0.008474602600399228,0.005275017719922337,0.010339903082906332,0.0009366866161575338,0.0038172566718082113,0.012359628823435997,0.001986536567717856,0.0036417753986859314,0.002174062174091995,0.0016146652341852974,0.008334405161046332,0.012706559965608433
2016-08-01,-0.017507050152852033,-0.0019332709656848523,0.0018607962561190128,-0.005609240739798627,-0.003471475140376157,-0.0072142174280542815,0.0008259165514856726,-0.005635956018660293,0.0052934701103339865,-0.0008289691607222816,-0.010842699013971502,0.002164134162842002
2016-08-02,-0.001425507810022042,-0.007194321730392028,0.00812570067976126,-0.0014199614938803506,-0.0023995771067242266,-0.004098960869833634,-0.013947331088735915,-0.0056104749590748515,-0.007596598669489696,-0.006407438509617114,-0.01030275824400173,-0.01597479916690392
2016-08-03,0.016416742009202512,0.0033445481087264195,-0.004759425467430023,0.004501250860441175,0.0005340081460836199,-0.003929093471830236,0.008118674089251154,0.0013077347661361038,0.003305795092642283,0.002922814452824385,0.0005787155048746495,-0.005813044069226003
2016-08-04,0.004213536327066336,0.005555468787015627,0.0016968857004249216,0.006367199511564614,0.0024040651365762056,0.005822769657053861,0.0009129628716038063,0.004247384152020528,0.0028609665717749255,0.00106385793445396,0.007514230505767827,-0.004082663300702505
2016-08-05,0.004195935814298446,0.011602245099002095,-0.01786395743940894,0.0022259961791448735,-0.0062175370880450664,0.0037348935330292488,0.014432857428895884,-0.004066285154669558,0.009596086421474137,0.008178891914692565,-0.010398081616473043,0.0006648208184665272
2016-08-08,0.005570838086785823,0.00709989292260893,-0.000862411663815732,0.004091663252659972,-0.0005363648266153431,0.0020464297980267165,-0.000490735043495838,0.000653470085707264,-0.001112953460957633,-0.0005958593654293853,0.001884102553877387,0.0017714108487878466
2016-08-09,-0.0027699097713101972,0.006778940968072966,0.004080325118523742,0.0034926183174412984,0.003577290560703217,0.00798359114818159,0.0010633233614036897,0.005875310316906246,0.002314535274531515,0.0005962146254978595,0.00983669508349938,0.005415471997411547
2016-08-10,-0.011805715652772442,0.00026907480451354715,0.004688953410549868,-0.0018557749021853587,0.002673530533824575,0.003499762735079015,-0.0071910801892004494,0.002839084270189529,-0.0025658525688558864,-0.00247474376250556,0.0038672570675342133,-0.0010994275872815429
2016-08-11,0.015460278828975715,0.012924138390773887,-0.006922832969429749,0.0024406487242409902,-0.004799825259585777,0.007525761529294295,0.004773982444288727,-0.003316074443427186,0.004287538412986791,0.0046404192890929785,-0.00891821957062211,-0.011333740401168524
2016-08-12,0.007612565928941217,-0.0037213732608342154,-0.002114801025602908,0.0008116903235928508,0.003572686228840327,-0.002368438203592338,0.0009831078299618046,0.004544917802752568,0.0006825899109017541,-0.0008687235639310842,0.008422598608873955,0.0042294280887658076
2016-08-15,0.016483490516885357,0.010405441069566645,0.0034536484045673,0.0030124878825961154,-0.002935957033136427,0.003652365929722512,0.009902334108522037,-0.003070263498845982,0.0042666001500937245,0.0028836357464145923,-0.009422796898264307,-0.000997426207658747
2016-08-16,0.00810813365139551,-0.00448888153880489,0.0049280733796905896,-0.0020794443156577636,-0.001696359771466871,-0.0021830755097612675,-0.008103360558090023,-0.0017835569356421388,-0.005522516723028614,-0.00515779218386847,-0.0026664793050404922,-0.011981558346727539
2016-08-17,0.004021422485777304,-0.006366361797342512,0.0002335080486637331,0.001389136426253046,0.0016090446704382089,0.0,-0.0029415121259364074,0.0027608608719598138,0.0017942204040219956,0.0018811079292417876,0.005996487017850827,0.004042493835868299
2016-08-18,0.012683649434974908,0.009343550552994184,0.004747086461879935,0.003930087494919077,0.0017853016593709636,0.004923105962994834,0.0073748755464611015,0.002429705727710063,0.00025577863552084246,0.0022441969968085562,0.0015810096834887322,-0.0036907100853803554
2016-08-19,-0.0032960324323761947,-0.005554196575933701,-0.008829675348611454,-0.002993468184664061,-0.0033857169381541485,-0.0076212102615589306,0.0,-0.002989328019201154,-0.00025571322953987785,-0.0014622232665123525,-0.005235473507717581,-0.006398012409579379
2016-08-22,-0.00925927583810282,-0.013297823880502824,-0.00148474204574367,-0.0016168913559226894,0.002235112392234395,0.0014627235141735362,0.0022773346708266917,0.0034031560902445523,0.000767544591878222,-4.590407629823101e-05,0.008434816288877878,0.005422767581268362
2016-08-23,0.004005390722322089,-0.004043016235806163,-0.00015649274735829444,0.003354070585004587,-8.940716232186396e-05,0.004564554659912012,0.006979326906612293,0.0011300521067196811,0.0017894247941820929,0.0020133489963383155,0.0010725013608816614,0.0005614435047474053
2016-08-24,-0.011968159709065729,0.00270634965034966,-0.011114635054762179,-0.002766338546607461,-0.00035673448101869454,-0.002180787324540301,-0.008139810089375032,-0.0006446358834976129,-0.006464739958189081,-0.0051145613070726625,-0.002356876177766587,-0.004379225405378495
2016-08-25,0.004037735837598477,0.0008097964197306684,-0.0008706109240564919,0.0018497776996033721,-0.0016063412747503447,-0.004371661672317284,0.0019499595292078453,-0.0009688201869733071,-0.001626753566528305,-0.0006884517997448603,-0.0037932730989423957,0.004511344702292419
2016-08-26,-0.0033512610096742,-0.008630159660757086,-0.0014259708499476664,-0.001154611262737748,-0.003843722962421081,-0.00640312426864309,-0.0020271791180297427,-0.003150839796468019,0.0014576081753645553,-0.0018835175516956904,-0.005820709515920952,-0.009880721763449118
2016-08-29,-0.00403486877933712,0.007616869656799974,0.0019833398964483884,0.0049679164174465384,0.004127856071517,0.003498379653095851,0.005200710764970973,0.00567284719566552,0.0013702025884025915,0.004924083324408635,0.013371234498148477,0.00986585303471088
2016-08-30,-0.0094530886543438,-0.002699774305526814,-0.010055457179525829,0.0005750797013344133,-8.965128937610256e-05,-0.0020185471711570147,0.0018594780679195289,-0.0012892412318632474,-0.0032494033750827267,-0.001648442083099999,-0.0038516905025989256,-0.0019089860126363378
2016-08-31,-0.01908652778150499,-0.011099173856572664,-0.001999520134694288,-0.003906373019943232,-0.0011617757067756695,-0.002206233991788986,-0.005648411717325441,-0.00040337049116956347,-0.0010295388495911162,-0.002844193421826957,0.0014319156900286512,0.0010127640561374829
2016-09-01,-0.011118997091437266,0.007665151765801292,0.0040872106204499214,0.0019808967500807295,0.0015682876894229647,0.007554882763740611,0.0007303027562675091,-8.571224818787471e-08,0.002576219523941603,4.606707283838496e-05,0.0011028653127240773,-0.0024725225606508916
2016-09-02,0.011244019309434972,0.016299921900285508,0.010216288370529014,0.004624196383494095,-0.002594431549946874,0.010424030727913314,0.009649651833461004,-0.0017802435479457035,0.0032553898813418858,0.004507971818414003,-0.008156100283615797,0.008675999486860153
2016-09-06,0.006949304591365113,0.02138489244751196,0.016907695537669243,0.0011507459137318765,0.0046638994117929045,0.008325987459081752,0.0009637037209697663,0.003486123724935286,0.006232593992094415,0.003022562816993979,0.007285783283171421,0.007707251081276123
2016-09-07,0.008971647352330692,-0.003140848183578848,-0.003418556588101307,-0.0027587164654120366,0.0005355404949807241,0.0012565975698919374,0.006258630640112894,-0.0013739464264429513,0.0005941290717723646,-9.135871066257018e-05,-0.0007158723865139383,0.005986379559177912
2016-09-08,0.017783822370252445,-0.0026253513963595543,-0.0053013792150961025,-0.0018442801268137021,-0.00490743261982407,-0.0026891607291381625,-0.0019935766878087513,-0.007037700171951711,-0.005851504877729785,-0.0022830374087489114,-0.01254155607820795,-0.012231490013082658
2016-09-09,-0.015457119415113185,-0.03369300346511617,-0.00658355954228651,-0.00958339845300249,-0.004752139257040988,-0.019773534609956567,-0.031239975564977374,-0.007495827142253275,-0.025164086075523118,-0.023934885213031887,-0.016474106540877886,-0.039603084358472485
2016-09-12,0.0,0.006810011484626344,-0.0012623563085552014,0.0034969878695860768,0.0009010811275300679,0.008619052364863045,0.013938272148599218,8.25094344625299e-05,0.017938425756177434,0.014347541632249383,0.0005168845552561141,0.011848379199819403
2016-09-13,-0.01296912638919312,-0.02516226580559555,-0.0066355664917512325,-0.007668279941458356,-0.0036904109886545244,-0.02000003321360444,-0.019196509254342797,-0.0032839349215103564,-0.00894010143955537,-0.014375632143010075,-0.011358517551078418,-0.025106185126382075
2016-09-14,-0.007607222196088892,0.0030531378033000767,0.0034194855282367875,-0.00023417888892340866,0.0022586708616898488,-0.001113145329388443,0.0001657688887435338,0.0006589683808566615,0.004770346296364636,-0.0003753749362188641,0.0014920397644369032,0.0032009504479457718
2016-09-15,0.00487801810420363,0.017155388576849617,-0.006419381491795106,0.005855770225423829,0.00027050445427545533,0.009101225796108725,0.011940308526106724,0.00065862159286878,0.015538791739167168,0.009993053123126927,-0.004319983291443008,0.0037820882099020015
2016-09-16,0.0013868756458566,-0.006800684669950874,-0.00247272219188599,0.00023287010767791827,0.001081725205615669,-0.012700412892774904,-0.0014746363882001123,0.0011514807359336299,-0.0004770391952182429,-0.003865499937136585,0.00807935462135978,0.0004714024926577576
2016-09-19,-0.0006924383838031734,0.007942991947006872,0.00207901920123299,0.0005816389510095998,-0.0017106829063470164,0.005592893859509118,0.006646829757681383,-0.00032836750710418805,-0.004348400653050866,0.00018745252926732903,-0.0032650832298544152,0.00906164115869812
2016-09-20,0.003465059967832085,0.0005434890068338749,0.0009575705942728163,-0.0011630386463832298,0.0015328447426128378,0.0048203035248421955,-0.004238945972534491,0.0013141625801627033,0.0018841013602219903,4.718664970049247e-05,0.003499107421597536,-0.0015163603537576842
2016-09-21,0.012430860786278197,0.027973645926194113,0.014588601451239303,0.008269230965530339,0.001620702770121163,0.017527587527932154,0.014490267614428953,0.0050885106712172945,0.009828875601860965,0.011245427036059796,0.008087367939872303,0.012849244304238727
2016-09-22,0.0054570688551265345,0.0071337515691332065,0.00235721740921524,0.0033498407697547528,0.002966410027946731,0.010697895283182213,0.014364192498387496,0.004082560658979828,0.007956141093897084,0.006301443773154336,0.007949044441482478,0.01787567725931849
2016-09-23,-0.011533323558141295,-0.012854212209586602,0.0006271210413582029,-0.0011513479491700451,0.00044769158813684484,-0.008611200806062036,-0.0070805976701882045,-0.0007319367392364384,-0.006381859992203087,-0.0054795321222100846,-0.0009495340198950597,0.00305903356494186
2016-09-26,0.006863530314402899,-0.014615973015351669,-0.0007833801247610905,-0.004379660216640824,0.0028666458344011048,-0.008867262047584035,-0.009930174685761961,0.0015468296069702792,-0.008366640347438614,-0.008102470797623607,0.006358797068883426,0.002372290429844437
2016-09-27,-0.00954337923067805,0.014293574514320895,-0.007291260548213385,0.002894037903612867,0.0016976266314210342,0.004199431051997937,0.004057376423658665,0.0024371455439498035,0.009886173855731872,0.006208066854042071,0.007335234202324292,-0.010592681748092247
2016-09-28,0.02339987229178031,0.009039823552774884,-0.003159070582864132,0.006695475116490046,-0.0004461282864244298,0.008545399122348973,0.007677988163865113,0.0006486058622636737,0.0016877082041775182,0.004964168914976197,-0.00216352557865207,0.008200264549016234
2016-09-29,0.006052492816713828,-0.017391152779381636,-0.0011884132817953086,-0.0037843062446185627,0.00062433703605147,-0.012619430629951522,-0.014597332945755492,-0.00040521242336843954,-0.007244986516627305,-0.009047673410398693,0.0025294313287556047,-0.013330406298333708
2016-09-30,0.003342300474818316,0.004290589307452297,-0.003410805950794571,0.004374114981183563,-0.002496462196765692,0.00675548160230055,0.01098814603905418,-0.0017830394445335074,0.007467506418208147,0.007546079395738925,-0.00893694832992964,-0.006869788904338758
2016-10-03,0.008660838064310061,0.0069426649937200935,-0.0025469571504198596,-0.0006217832473787155,-0.002326556662442081,-0.0012695875708518267,-0.00313978146678473,-0.0028320434925939164,-0.0014317567218411487,-0.0024041188454853035,-0.0033002083888361566,-0.018676155765964486
2016-10-04,-0.0026419913909525583,-0.011137599173353663,-0.03471112739159021,-0.0017274606371705525,-0.004575639960938016,-0.001089219527814489,-0.004926692644572017,-0.0046527686340327445,-0.0015184339348434106,-0.00509769919121561,-0.011695122337144426,-0.013628017706656559
2016-10-05,0.005960227499384851,0.014481126950444345,-0.0015706575141682944,0.0026534188682609816,-0.0022528684033212842,0.004180924395234875,0.006005987585692596,-0.0010661667946783027,0.0035480110152830147,0.004425078766203905,-0.004658848212051314,-0.020247183629408583
2016-10-06,0.001975119744001441,0.0007929746121353443,-0.009273018119780652,0.0005749793679443727,-0.0020777133488448785,-0.005430622486445991,-0.0010486045605082595,8.2127047159819e-05,-0.0005049395305459781,0.0006956617543074639,-0.005573212934209759,0.00036401997308632694
2016-10-07,-0.0026281782569073098,-0.004490253572656311,0.000668512445361813,0.002300889548270124,0.0014482602857448512,-0.00600658901590545,-0.007995627499587266,0.002380621620341916,-0.0021897020886768592,-0.0034296331577544636,0.000672728270910028,-0.0017012294913878456
2016-10-10,0.011198949555087934,0.010878244457564135,0.0035076482865623593,0.0028679361972694384,-0.0026210320616817384,0.0021973455678996334,0.011967539880845424,0.0,0.006330576617758155,0.005208323457061015,-0.005899223844862078,0.006208127598781088
2016-10-11,-0.00586322861469557,-0.023097135677884073,-0.005076569505331308,-0.005605944209110425,-0.000271927317274101,-0.014069245606507241,-0.018262016207123977,-0.003112122128344108,-0.014259362097656436,-0.01262933043929293,-0.0022534773889619775,-0.00967820724390378
2016-10-12,-0.007208416570724241,-0.0018806830681525888,0.0015892497462293154,-0.0003453638170446416,0.0,-0.001297350934650332,-0.0008194128857057503,0.0013146360938203205,-0.0008507525989563947,0.001311798963818278,0.0009785638825139387,0.01148295610358585
2016-10-13,0.006600693239946276,-0.008882892035526946,0.002421921836488483,-0.002531869133341691,0.002084802798643981,-0.003525457805286014,-0.00828354045354085,0.002460980596247886,-0.0035769933244148566,-0.003275283962747677,0.0037605983786999087,0.00785041070291248
2016-10-14,0.0006557335820658317,0.0016293888755503083,-0.0055819226506638175,0.002307580833831757,-0.0030750190209117845,0.0007447976610972518,-0.004052143982825829,-0.004665041221984856,0.0011966113790531363,0.0005165321499647213,-0.014011649057457332,-0.00443403310879753
2016-10-17,0.0013106816749610672,-0.0010844921908554905,0.0026809625769763645,-0.0013816766117581425,0.0021773270342813067,-0.002418932523509998,-0.0011628326563573044,0.00328917253528771,-0.0027318923829858788,-0.0034726049453508434,0.006383729935052651,0.0021667529449529432
2016-10-18,0.001963338320362773,0.017643830219231438,0.006183137214928136,0.004035226318642726,0.00199175991572087,0.010259248363748918,0.005736398952817634,0.0024589651585855687,0.008902432424695794,0.006262436657931358,0.003246684337490535,0.00636585772490772
2016-10-19,0.0065315635752287715,0.006135028087738803,0.0057299655530487215,0.0028704138054667094,0.0004517883487253904,0.0031389268623389643,0.0042156094254621745,0.0013076036274364267,-8.484365743954836e-05,0.002667364181611953,0.0008279543026232794,0.0021480623006628896
2016-10-20,-0.009084953206378699,-0.002916032006894387,-0.0030550965627722526,0.00011453073972944594,-0.0009034236927050188,0.001288328568802788,-0.0029635776078712484,-0.0003264524460129259,-0.001187566788118266,-0.0018668128367687054,0.0010531849499573198,-0.0022625901845620966
2016-10-21,0.003929248412122721,-0.000266268827495697,0.0007454362173064943,0.0002287498457045345,0.0010850546905172287,-0.002389771553883202,-0.000494747824311359,0.0005718450189564628,0.0037376692960693347,0.00046767970190519925,0.0015020991157219665,-0.0037004830618474482
2016-10-24,0.0006523852236881567,0.004255278509442295,-0.0022345797266349887,0.0005718864964023851,-0.0013543382981354712,-0.000552591053635032,0.0063596420758567085,-0.0028570736284964093,0.012018778178803036,0.004252885010374019,-0.004350545290339403,0.0022767395295228976
2016-10-25,-0.004563278053762221,0.0010594683713591735,0.007548139354159433,-0.0005715596291685499,-0.00018111839074264058,-0.0009220556152214066,-0.0074688989717928145,-0.0007370257142677028,-0.003178358527660907,-0.003350773349314662,0.002636236904077105,-0.001792877310581087
2016-10-26,-0.0065487473535378316,-0.01058184590381428,-0.00559809251948773,-0.004005559504301259,-0.002170409308924315,-0.005167003392730463,-0.009923037425954462,-0.004177136406795623,-0.006795514320228735,-0.002007587641564612,-0.0067619392179876225,-0.013052761835580684
2016-10-27,0.005932724532264011,-0.008556192023956855,0.0018213529185828747,-0.0036771710005555347,-0.003444667138786661,-0.0009274176393272437,-0.011442460429182844,-0.004524971420204027,-0.0045614999016109214,-0.00266715483632185,-0.010894057157557646,-0.02620736402533963
2016-10-28,-0.006552964852722942,-0.004045259917171973,0.0047103519110967,-0.004844360105246026,0.00018208714500711487,-0.00018559918057492464,-0.002788205511919384,-0.0011572052306444425,-0.0062799083119025045,-0.0029551480680383158,-0.0022187856632983616,0.0023674536683073732
2016-10-31,-0.01319275094040473,0.0056861620092065746,0.0029610183001298473,-0.0030133710575375172,0.000818686631493426,-0.0001858220945674116,0.003982260897354539,0.0009104234085004492,-0.0009393372541057765,4.7046140502216005e-05,0.006132276919092128,0.016283452560484024
2016-11-01,0.004679115100953313,-0.008077387716136974,0.006478603409139305,-0.003899965772868108,3.643232755012882e-05,-0.002600202123798412,-0.012235968490049265,-0.00125982920879264,-0.007521972149751144,-0.007245515500098221,7.67178813001479e-05,-0.02177108368779035
2016-11-02,-0.0119759733020679,-0.01194339153304691,0.007414617516698918,-0.0044556010657190726,0.0030018802158973124,-0.007076522715289246,-0.012729971232134596,0.0014931913307998368,-0.00800973316212561,-0.006018435665476107,0.004351245672083559,-0.01462850092777479
2016-11-03,-0.0033670581000209143,-0.0027473716750400223,0.005338107937297831,0.0002358471094079384,-0.0006346965154786499,-0.00018747886699188587,-0.004845864152600243,-0.0019884771685230174,-0.009810762664199668,-0.004576976456808102,-0.007676266987645675,-0.007740341149744978
2016-11-04,-0.006756638310060681,-0.010193169288625126,0.0007240252267182168,0.00047099863178101664,0.0030865977601219896,-0.009379032562809364,0.006434836794197318,0.002989358408896914,-0.0035072615052188505,-0.0011019728685567332,0.008960994051711024,0.007928431851213835
2016-11-07,0.004081606656663794,0.036181665914144956,-0.018007861361529542,0.014002838241481852,-0.004162820079042784,0.013633735248160361,0.02445127127777935,-0.0006621087675864334,0.023757159378529957,0.0220573102074908,-0.00850184130847631,0.017508327512548494
2016-11-08,-0.00135508137939655,0.006446542626519447,-0.004175211869501427,-0.002204877645563319,-0.0035435754555919186,0.0020548405538713954,0.0026143557931515016,-0.0022366212453972523,0.0065320814163305485,0.004503670117683711,-0.004057377058445666,0.005236895570234434
2016-11-09,0.004749029087726564,-0.03255933188981064,-0.0006576934516286936,-0.006978298022099927,-0.015228844522318208,-0.0007456308886819585,0.03078743711608256,-0.014693908681343348,0.004611106660735276,0.010602076628837942,-0.04243207999478216,-0.015132989880941805
2016-11-10,-0.00810273446532861,-0.02841383281711629,-0.01488974658560116,-0.013117821456533507,-0.006019633789363876,-0.0027983442632759647,0.01599478621790329,-0.0008424192256223373,-0.01614954985110295,0.0024956525387009876,-0.014771150406269307,-0.01675028253618538
2016-11-11,-0.019060620454978583,-0.0190233232680439,-0.02212944906788228,-0.00937575015868386,-0.002049140312914921,-0.006922408212372111,0.022971870008297035,-0.004300760015938598,0.00043202152544097316,-0.0023050549791124864,-0.005621997596473083,0.006020168264148751
2016-11-14,-0.002081796422635507,-0.007235896743357562,-0.008454294420749409,0.007428158184416889,-0.005788087756690374,-0.005463189528357781,0.014054622895648627,-0.0051659292440081606,-0.010103856097919306,0.0007856915822621602,-0.005981329457301454,0.023682607360595354
2016-11-15,0.02225322502833782,0.0201166727346187,0.00869866618655779,0.013199892422857795,0.0,0.00473556357685867,0.003097221816767748,0.0030647441324320734,0.013870970397958926,0.007802698460161572,0.004945355393003004,-0.008333590398721169
2016-11-16,-0.012244973442699036,-0.008288246269286592,-0.002988440021410743,-0.003990179409150807,0.0009388779675754133,-0.010369691047477425,-7.749641371923577e-05,0.0014425650672134083,0.005937030262514353,-0.0018782497782243723,0.009023389193216769,-0.002884991166351325
2016-11-17,0.002066102701036021,0.0014408147700977203,-0.005138293152093909,-0.0027105020475359787,-0.004408798940216507,0.006858474386286506,0.005867443679806961,-0.006355357883311763,0.007270310152342807,0.005140668356054645,-0.014714417485256814,-0.010188522794472132
2016-11-18,0.008247448416331071,-0.004604204935898082,-0.008780207102896176,0.0,-0.004428676782583407,-0.01002829606530975,0.0052952494219411506,-0.00562977635991746,-0.00373642886171921,-0.002237605733529713,-0.002887213970899527,0.002923190900518069
2016-11-21,0.027948171158605595,0.009829626500556188,0.0037342622620732957,0.008035058983076215,0.0008516900986712539,0.008218484301190765,0.004657020870377115,0.0010299249357594853,0.010398984680042522,0.0075511974089130796,0.0024819672115123925,-0.0030411460410122437
2016-11-22,-0.0013261768108084881,0.015173029770836788,-0.00034608855246265335,0.007384598556273714,0.000945536796118196,0.002843820910948036,0.009118288720358025,0.002570583390176573,0.0030370558287833305,0.001953296916351821,-0.0003301963059287871,0.017539123866613382
2016-11-23,0.003983963477775632,-0.010716446904210475,-0.019819983532816443,-0.003723206177875582,-0.0035896101635766176,-0.0037808808063320987,0.006250213412772876,-0.0036759412508519107,-0.004037078300842656,0.0005442172715319771,-0.003880925563766402,-0.004246864148988894
2016-11-25,-0.007275086683312448,0.0048462980769294894,-0.005651208738617575,0.0012838719322347814,-0.0008534024610715729,0.0032255989696570175,0.003292685646498539,8.60378080134172e-05,0.003208880731847108,0.0037152288232800146,0.0014922467464142386,0.005770360721165213
2016-11-28,0.003331166714725997,0.0039717770135021535,0.010567466787642088,-0.00011586856553125191,0.0045550997690742,-0.005106741728322262,-0.01297858313103839,0.004546417786967183,-0.002272789690623278,-0.004694534709079989,0.00736620118206277,0.004614246625963991
2016-11-29,-0.019920341703009714,0.0014125225329386648,-0.004657349687858581,-0.0012833152585894902,0.0010387607182409386,0.006273707403848805,-0.0005288720047325057,0.001366118620945267,0.0034590639336828932,0.0019501314119354518,0.00419039007757549,0.009559363007207944
2016-11-30,0.03048776433582634,0.0016933027549599355,-0.013419234467324848,0.0004668051258551742,-0.006700012541956624,-0.00132230939087008,-0.004914508436170251,-0.003752195039038786,-0.012106821596769235,-0.0023989720342234566,-0.01620057708540701,-0.011436329767116282
2016-12-01,0.01840897376471684,-0.011831352058122024,-0.0018791864382340373,-0.004679491962397697,-0.0038144875159182856,-0.0032159313443151927,-0.00486295348499699,-0.005603366185782943,-0.017276512207240025,-0.0036755723548110852,-0.01055882183916046,-0.014678470294277157
2016-12-02,0.007101310722160026,0.0011404757713380231,0.005379222424209074,0.006009435882028846,0.004488116785515528,0.0015180524782161253,-0.0005346261059900881,0.004573770261379728,0.0019919345990986326,0.0005008576672806964,0.007328155170796213,0.009973591808962734
2016-12-05,0.005128245176411861,0.008257365245703863,-0.005350441210868029,0.0025771821674880346,-0.00037997592890859355,0.009475297856754494,0.017188766360728636,0.0021476126934734108,0.00777841068917029,0.006008816589579524,-0.0010869842871878976,0.007375324080713508
2016-12-06,-0.004464329392345867,0.005365689144962271,-0.0009861987578327902,0.005022844427844397,0.00038012036549761596,0.006570203848352163,0.010815129558382708,-8.539253498096588e-05,0.002401502964737956,0.0031672433823697332,-0.0007532642340916107,0.006452152391018151
2016-12-07,-0.00768733155508694,0.016853936312393847,0.003589711251758221,0.004998603142473579,0.003327868093203401,0.013801018153352107,0.00973319646421289,0.004200716619860323,0.012662631124041202,0.013081037465728418,0.008543622116598426,0.019972977095909616
2016-12-08,0.001936721106043704,0.004420238521374964,-0.0023249765892274787,-0.0001163080620490975,-0.0037904469920436723,-0.0011042855333274204,0.015746698422745453,-0.004098101827913259,0.0017741896344676267,0.0024486773148333363,-0.011794000538983718,0.00688990940848444
2016-12-09,0.005154606580757948,-0.005225819668483012,-0.010486673587394413,0.0004627855934422609,-0.005136399251186141,0.0036836816519310034,0.001956122165898355,-0.003857616775417516,0.007843416045803853,0.006040634850540849,-0.012438398133926554,-0.0010804816956361263
2016-12-12,0.006410288393199348,-0.006635595527945348,0.003804331187865717,-0.0013870718079975752,0.00019070068096738169,-0.004037001235894566,-0.010556197471425444,-0.0009466628844760905,-0.0045186801526679865,-0.0011480716575796857,0.0018721370444780838,0.0066099235018122204
2016-12-13,0.0025476827431945015,0.011133047881357161,-0.0033387723118656343,0.0024317842779992827,0.0005741463487289877,0.011053993539707596,7.329977316605785e-05,0.002239695274727227,0.012609138325162528,0.0066738820979102,0.0035679625220823574,-0.00047745952491851096
2016-12-14,-0.009529872476609413,-0.029727502285055274,-0.014667226454941784,-0.007507594490587688,-0.008311870871739901,-0.014941725062420974,-0.01249462450205463,-0.006360716845645098,-0.002075242046278847,-0.008254177510236715,-0.011173467720497321,-0.021859024228064405
2016-12-15,-0.0012827932985066681,0.0017021614259982165,-0.01369112807217554,0.00046472316301016114,-0.0027938457086793544,-0.003144827353164681,0.007473077767261582,0.0006924670239731867,0.0015804475556737696,0.004117523508186505,0.005050382312570489,-0.005861297158875622
2016-12-16,0.004495941864936626,-0.004531317083340425,0.006614558767378709,0.000930523431824426,0.0012555253406925093,0.0009279502863464018,-0.0018359146329656184,-0.000777271555230663,-0.0037069409553384114,-0.0019561283213925806,-0.002299776690654176,0.0149858001193095
2016-12-19,-0.005754583013612202,-0.006827679837620226,0.004997623978540311,0.0025571168143621037,0.004631540281250457,-0.0007415779212789353,0.006548767162275482,0.004843319940616819,0.004096849497707167,0.0021773790515318137,0.010756387058187489,0.010770829496460799
2016-12-20,0.004501579306793735,0.003437410270869634,-0.007367118973593101,0.0013913245700600818,-0.0021128563495669272,0.002968513068866585,0.008479509787051143,-0.0006022594589469854,0.0038306605650093584,0.003857562545014348,-0.0049824074190844,0.0022747149893360685
2016-12-21,-0.0057618798058844956,-0.004157700465905245,0.0005566152526592649,0.0017355953415918446,0.001636011845773666,0.0004488587751561024,-0.006524102394330988,0.0031873456900188835,-0.0007465731424652899,-0.002782659602585058,0.0044135809983960606,-0.015171239226818622
2016-12-22,-0.001287676691461126,-0.011887710481558678,-0.0024107755207141146,0.002156634858770934,-0.0004327312974939934,-0.0020562994659550915,-0.008622648876180805,6.920138622912297e-05,-0.002822584419767682,-0.0017269966613114862,-0.0017875277682377622,-0.0016719357019345793
2016-12-23,0.001934150868567741,0.005868592785784887,0.0031601819765598727,0.0018506505623601122,0.0009626529629300773,0.0024353761322986056,0.005320512561208135,0.0015494805293223557,0.0006659061649065823,0.0014640975854431915,0.002036733558407944,0.002605159418360037
2016-12-27,0.015444063088941862,0.00437567983533782,0.005837091185366683,-0.0009231183528014553,-0.0014423653746494791,-0.00037392892855625526,0.00448421076721095,-0.0018048855406032072,0.005158215859873749,0.002480688726898661,-0.0032188681797828966,0.002103493795888145
2016-12-28,0.0006337095297117568,0.007551473427039879,0.0027634769574851337,-0.0013864906076201944,0.003660094775195466,-0.0029911430977831444,-0.01024547299822054,0.0037023875291950503,-0.007780273103546231,-0.008264209170214865,0.007308493636313251,-0.006050406605841108
2016-12-29,0.0012666163925449947,0.016431253147749736,0.01313614088883086,0.0013884156328545227,0.003071380638123733,0.002812568401554305,0.0008875485756567603,0.0038610833546264267,-0.0014179851185324166,-0.00022314215891339195,0.003543171575008497,0.012422737611353263
2016-12-30,0.0018975211574143724,-0.007090196255079562,-0.006165566230220687,0.00034674717633742524,0.0029660315944504134,0.0028049615660865612,-0.003841474964640157,0.0015383139681255376,-0.01027496497779401,-0.0036551317300016484,0.001513611465755016,0.012638000458173204
2017-01-03,-0.011995015898094374,0.011996491799721953,0.00784600497730814,0.004159310416450346,-0.0004766948347539879,0.005966855895339629,0.004968460251112861,0.0008537334675771113,0.008946895358771023,0.007650349574257254,0.00428057659277048,0.0032713513972746355
2017-01-04,0.007667755624769956,0.007620694620025237,0.0035303646722089077,0.00540809033880385,0.0011450783500317474,0.010750568667594607,0.016676586857672815,0.003410233954129094,0.005437450688471346,0.005949237885943814,0.0038450000872169987,0.014613784025631738
2017-01-05,0.005073034399453613,0.010924614630497764,0.015515074970534615,-0.0014881818408559733,0.006483082954139352,0.009535879836170658,-0.011539865911197822,0.005354057153277969,0.00565771531085546,-0.0007946027686247525,0.015653693291348914,0.0032137199431405694
2017-01-06,-0.0012619639082023237,-0.0041566170593000384,-0.00737255123072611,-0.00022883091744896333,-0.004547114093816695,-0.003814459483469923,-0.0036713887282211477,-0.0052409594269159365,0.008769648433491373,0.0035775828680841837,-0.00918186743433902,0.00011856453589009774
2017-01-09,-0.015161133990285847,-0.0008347933280483666,0.008232645807116912,-0.00022916560359098614,0.0038068827612798284,-0.0014587089730093705,-0.0065591027106142175,0.001954089622793198,0.0032807041647691104,-0.0033006185605396476,0.008025978475195483,-0.009016447579346165
2017-01-10,-0.004489957433895353,0.005848305443204582,0.0042602588509306205,0.00011478555080057795,-0.0004743776968572089,-0.00018292575074940753,0.009569615697664569,-0.0005930723743795552,0.002207063265610154,0.0,-0.0006568044401170647,-0.008499755106841644
2017-01-11,0.010953538984110667,0.011904726492504292,0.0030932255360247574,0.0005726619257533372,0.0011379802876287926,0.006392848091142378,0.0017632601962047634,0.0015274852199644862,0.00269166215332306,0.002826128865779154,0.003367459931693073,-0.006158220895986499
2017-01-12,0.01465907058255822,0.004377562514194855,0.003612367067042932,0.0002294839221927969,0.0005686097079831143,0.0003629564712726019,-0.00770181431765915,-8.505146012849352e-05,-0.001545540689460334,-0.0025101313676548775,-0.0022099553862349186,0.0051029704183362945
2017-01-13,-0.0018844810828808622,-0.0008174740421132975,0.0026336178800692167,0.0003433358220714666,-0.0021777664288055165,0.004172621560641909,0.007244481918131207,-0.002033506555335074,0.003421976406512428,0.002295481706482194,-0.004758302492707145,-0.0014505425229146551
2017-01-17,-0.0006292516994729214,-0.0005450889491557254,0.01435950794847174,-0.0010302884934690892,0.005028997854115147,-0.003432648852688902,-0.013577036216477323,0.004329839710431882,-0.0030042893294638384,-0.0035231715716864676,0.010468708039292896,0.00774729017411957
2017-01-18,-0.008816207239402352,-0.005455837445339506,-0.008459177733679324,0.0009170858802156623,-0.00708085318118612,-0.0027191671762394343,0.00327343052617457,-0.0065934805766006965,0.0020359385167181276,0.0022100597526306665,-0.012807857282619906,0.0016814149802748535
2017-01-19,-0.0031766002701668627,-0.003016848276337414,-0.0008706024299159898,-0.0032074942318622846,-0.003803006067790604,-0.002181575145972059,-0.00815706562807339,-0.003404183145855777,-0.0004875770703086646,-0.0037045883806665625,-0.00685901499285102,-0.010192488303117031
2017-01-20,0.011472275472073523,0.0019259022413768978,0.0024397178433508415,0.0019539767799194863,0.00047692218109429696,0.006194232229811192,0.005159022540572433,0.0017934015386047442,0.0021952660778057353,0.0036738148028778728,-0.0019967326045514655,0.007268815473316481
2017-01-23,0.0,0.014827018650191093,0.006431967354547874,0.0,0.005247576898109507,0.0012674029379977636,-0.004165658832299912,0.004602442369658011,0.0008113756084575652,-0.0026021107918532405,0.010004699569425402,0.008419434979543006
2017-01-24,0.0025205342045540036,0.006222865531338773,-0.004490925540628465,0.0006878744946403614,-0.003796230343713347,0.0027125553469284913,0.015312229365738617,-0.0029692712389312037,0.006728753958225919,0.006411618787224516,-0.00685133152486006,0.00023850260629920683
2017-01-25,-0.006285315461152852,0.011024476002323258,-0.008241493674922662,0.0035526452440244327,-0.004954307350426235,0.010820597663865117,0.00941682317955883,-0.0038297171857254453,0.010066010751040855,0.00865561675751203,-0.012550542335033499,-0.0065585480409450225
2017-01-26,0.004427549367300276,-0.004255317298537897,-0.009272197003353688,-0.0004572547644413616,0.0013407658030073488,-0.004460460808928479,-0.004008942310701147,0.0011956641709927052,0.0010365141304118364,-0.0010452877140038064,0.0033663780170847257,-0.0019207438123761689
2017-01-27,-0.008186488298628669,0.0008014727584420012,0.0020306880028346797,0.0009140838546035646,0.0012423826113743264,-0.0019711730444761377,-0.00343864995484755,0.0011949515376294961,0.0019113595152695506,-0.001569918073286991,0.003607425799867503,-0.009741140447305341
2017-01-30,-0.005714250108612595,-0.005337833828115146,0.004229477187141839,-0.002053896873688954,-0.0002860932291657292,-0.005566628274365937,-0.013951214365517384,-0.0017043345285852052,-0.007790006195892318,-0.006201639894450661,-0.0030093602701544153,-0.0068012393629407475
2017-01-31,0.005747090420673118,0.0018781110444434646,0.01386331327657886,-0.001029695769719896,0.003438755932292592,0.0010831828811976862,0.006999752818024119,0.0017922262733305327,-0.0020027624668470523,-8.806775624892182e-05,0.006959080468834644,0.007214578589025411
2017-02-01,0.010793726779704027,0.000535767031355272,-0.0030290445198764004,0.0037029860237001166,-0.0019163421469133857,0.004329310771842287,-0.0005917441944746082,-0.0012302135153112737,0.006903484909868807,0.00039591376098169206,-0.006183046097553269,-0.012018869520713849
2017-02-02,0.0,0.004282840796846932,0.005555550404536813,0.0005733471393600809,0.0003820022423191016,0.0001796328927385904,-0.0025158956126400955,0.00025685975582501186,-0.0008769558900695307,0.0006589498553872808,-0.00041963266873157323,0.01191923488309965
2017-02-03,-0.0006281367423573991,0.0061299237805969575,0.0025034610211955854,0.0017167395831199084,0.0007642488088208665,0.003950222599346409,0.015280766284254232,0.001112177236879175,0.0028727566501034474,0.0068928278097697415,-0.000419808834233093,0.005464521441629344
2017-02-06,-0.006285315461152852,-0.0023841163353733874,0.013519329475210284,-0.0006856170711293519,0.004770184454512272,-0.007154232444380848,-0.007525201955903893,0.003160688432064296,0.0011934993594864274,-0.0017878010838241476,0.006049856476319615,-0.0016908148640379927
2017-02-07,-0.004427692064886912,-0.005045018023769221,-0.0020390643159919897,-0.0014868851068186029,0.0018044055644070855,0.0,-0.004416830308942021,0.0017028591354659728,0.00365598100104525,4.3575967038078645e-05,0.007351028708757257,-0.003508310786514257
2017-02-08,0.003811991990309016,0.006138166054194372,0.00621491028966048,0.000687109116719542,0.004075659885637073,0.0023417465458515085,-0.0017747851243876678,0.0034864684331559204,0.0016626352862429972,0.001310763403048476,0.013597974109550659,0.007891441011138589
2017-02-09,0.005063330722218318,0.004509014156079072,-0.00761487018603868,0.0013737658509891393,-0.005947034242836935,0.002875742195029396,0.014073942764289304,-0.0039818731449520195,0.0036362323448642098,0.0059323857641502276,-0.011534359221105017,0.0024089086806278193
2017-02-10,0.010705221993152492,0.009242392142023936,0.0026430007347089113,0.0006863260226601664,-0.0006648532635435966,0.0028674060776561205,0.007596899563823589,-0.00025557350249483246,0.0033081706697344337,0.003946249499945154,-0.000579009607141634,0.007089414649038561
2017-02-13,-0.011214953402396088,0.0031397310486924734,-0.006802682251218939,0.001485226169784637,-0.0015204342756516276,0.003752788404470353,0.0026101004158551877,-0.00042511627121188944,0.005652596018854483,0.005442325818889815,-0.00314705155385675,0.0003581402476693363
2017-02-14,0.0012602315627519012,0.001043463788035437,0.0011129901542927811,0.0006837193746618286,-0.0036168751886850314,-0.001424258842180559,0.0033257003924656026,-0.00238401203250016,0.0033564340434111273,0.003995478348493231,-0.007227154179316186,-0.005248154347323064
2017-02-15,0.0012587163677071356,0.008076832515513166,0.004447076385095894,0.00034246462870046734,-0.0019100112115959522,0.0041006403856218565,0.005981778523549863,-0.0007675603049339674,0.005913062007244729,0.005220429269820137,-0.004602087087724582,-0.003357041942006256
2017-02-16,-0.006285315461152852,-0.003618542289928306,0.0053640263872474225,-0.0007973669497371993,0.004019236600261156,0.0026633392673103273,-0.0027940065373626144,0.002818274900219908,-0.0003091499086542715,-0.0008513230056180765,0.005464192555361347,0.0058949047577174785
2017-02-17,-0.0018975211574143724,-0.00415039177880705,-0.0033875467452245678,0.0010261140359579812,0.0026689430516373402,-0.003010593331992606,-0.0006465725540979461,0.0025544309312344193,0.004332575440182174,0.0015761430660330422,0.005936040214970184,0.0019138518823458295
2017-02-21,-0.0012674905438599948,0.010940154049965845,0.000594830851824435,0.003304530142227202,-0.0004758112385920832,0.003374993793673342,0.007835334395850158,0.0004245353942515795,0.0049304580681395205,0.00595547756465975,-0.0017455286976635342,0.012772938546996793
2017-02-22,-0.005076110159320524,0.003092422154412411,0.0013588421410561935,0.000453626362366899,0.0016172289886604574,0.00017670178522100066,-0.004421739823245119,0.0007638039441526523,0.00038314088085833475,-0.000887928634804136,0.0016649856728205847,-0.003300444523121615
2017-02-23,0.003188755322865333,0.0002563123977743498,0.008735465586520608,0.0009081632837648623,0.0026584505853388674,0.001416118075983741,-0.005946328079143193,0.002545340681673558,-0.0037549091133334267,0.0006767950453798743,0.0029922363728589474,0.005203404170810444
2017-02-24,-0.001907171689841558,-0.011813021712050786,0.00638973004234078,0.0007938957956332704,0.004641016833921263,-0.007069779323294778,-0.0007210998196202079,0.00507678402608569,0.0019230619234176238,0.001268961745831243,0.011104649335135663,0.004705846110290457
2017-02-27,-0.00254782644057705,-0.0031180929209778663,-0.004845398633643638,0.0012464715949502825,-0.0035822629119178773,0.0005340132399194175,0.009736752366208412,-0.0023573044676959976,0.0012283251033953224,0.001562992413523423,-0.005901169809055973,0.00526954969360216
2017-02-28,0.0038314656459990104,-0.009645485231676965,0.0009234436519076628,-0.0007922784724598841,-0.00047280733716248413,-0.0008895172759468828,-0.015428274064512859,0.0006749180163778679,-0.0030670765307998504,-0.002699042089074899,0.0037105987675079,-0.006872293724370926
2017-03-01,0.0044529698473034784,0.015530367424206437,-0.0014258642418293332,0.0036863460859561936,-0.006966867017712763,0.010505791790782482,0.01828190477254199,-0.005910208403984596,0.010921219805856808,0.013997275466956616,-0.016756747727575294,-0.0030498454898513216
2017-03-02,-0.015832847785143045,-0.01762562818938096,-0.01243067157641009,-0.0031746420417479992,-0.0028631816054294212,-0.0065198634000760425,-0.011470276332902096,-0.0015317720806833357,-0.00502126985122342,-0.006297518149817161,-0.003599064022828169,-0.005411780311188941
2017-03-03,0.005147972637349563,0.007651583391387717,-0.0005953367386810626,0.00045575767736227846,0.0009573132047417943,0.0054983242439337054,-0.0007210998196202079,0.001022333648361906,0.001835627247080085,0.0006297187761603595,0.002604063348710106,-0.0039031564620434223
2017-03-06,-0.0012804016864904622,0.0005237199960368422,-0.006722839768239397,-0.00318253872747698,-0.00019149398549833663,-0.003880542155161093,-0.006851628771634366,-0.001787123662251755,-0.0022139236205019897,-0.002978063679776377,-0.004775833273104713,-0.004513115255430744
2017-03-07,-0.004487223568018117,0.0010468917139492273,-0.008053482107396648,-0.00649881539259034,-0.00143518403075793,-0.003187535453966772,-0.006535784513400755,-0.004945159134211452,-0.0016826193334854578,-0.002986662451237132,-0.0030312788811074354,-0.0047712034069680165
2017-03-08,-0.022536956967498134,-0.009411805511580384,-0.0062187012290060295,-0.006656184669904697,-0.0033522630191973324,-0.004086070396918773,-0.006579094623447523,-0.0030842506399699765,0.0017622223171189777,-0.0018567408460675727,-0.005404235763936116,-0.018458710332416306
2017-03-09,-0.008563845775723,-0.007917506092535054,-0.005127727710842134,-0.00265683640252945,-0.0027866342496297714,0.00445939683108354,-0.0039735742866185975,-0.0054149881526139865,0.0007650786104311802,0.0012681689736622204,-0.00798060291297642,-0.01501996464911326
2017-03-10,-0.009302416220765997,0.011172920882663862,0.002183978311645074,-0.00034724266911134727,0.002120175964789084,0.008879554289724423,0.004432682146764844,0.002506216004711348,0.004203413362122488,0.0035044223659759233,0.0035089541970234617,-0.00309942217095982
2017-03-13,-0.0013413731999838419,0.013943843510295206,0.0001743082536056484,0.0008109150710196023,-0.0025007616053832615,0.0044005242042524095,0.002353450212993824,-0.003361506852022522,0.0016745991245430414,0.0005049003661548035,-0.006310942934701691,0.002487098742967264
2017-03-14,-0.004029524696387954,-0.005708420153056393,-0.005403478549159679,-0.0030102565791156888,0.0010609026212835548,-0.00736062081496569,-0.004769466776815112,0.0008644621589577461,-0.0024316355607699736,-0.0038268276374123777,0.004806232298129043,-0.0002478579382729773
2017-03-15,0.008765959492436082,0.026096128141435138,0.018664539100545774,0.013819377902262842,0.008764139751783695,0.013594816296802925,0.01548325060986322,0.008641388112410553,0.006170001732598074,0.008653520228101952,0.012214202131459073,0.020225670417860053
2017-03-16,-0.0013368146261348857,0.006103671529208876,0.004129061134912737,-0.002863401154322598,-0.0027689895650363505,0.005399589652515857,0.001307008926187292,-0.0014558260723591676,-0.0006816042750141804,-0.001966834733364675,-0.005062891297622385,-0.0019460755141784691
2017-03-17,0.0033466234846231124,-0.0017691570112087218,0.0022273151662723922,0.0003443705062085023,0.002681134235185567,0.0024253691438791414,0.0039880981581319475,0.0023158705001129487,-0.0003494229512867042,-0.0017564565075249838,0.006276316328527987,0.004630768442656086
2017-03-20,-0.0006671072408941381,0.011648250928791404,0.004444860945005402,-0.0019520459548327818,0.0023864936663968717,-0.0012097071124481662,-0.004333561560739385,0.002311590229547855,0.0009112393377528338,-0.0010964037970264684,0.004299250254906184,-0.0008491319186384461
2017-03-21,-0.005340420560378201,-0.011013893244632866,0.008765200923941618,-0.007134166799735331,0.0033341869293357362,-0.004498888000215362,-0.028216859041275688,0.0024766249825094455,-0.015173065678726005,-0.012839832802602036,0.008308224830560151,-0.0043704502391334055
2017-03-22,-0.00067113672239838,0.004809206624562412,0.0024464392887426634,0.0024338769531733195,0.001899437931023984,0.0005214819508623236,0.00022383150505689287,0.0025560117018756934,0.006779324034588363,0.002353057773800016,0.003995818754203073,-0.00055276151180772
2017-03-23,-0.0020148381053795017,0.0002518117798726571,-0.001346492128619703,0.00034670132456970926,-0.001042617326325379,0.001910900441537633,0.005820933762105129,-0.0006799952706763035,-0.002525499523301944,-0.0010671017169805452,-0.0014096394421403424,0.007373701630297491
2017-03-24,0.0033647925163540204,0.002518307342665116,0.001601099219161961,0.003467504348309891,0.0005694067267640879,0.003121122364861506,0.0007219700689244934,0.0010205983439470767,0.0020714083483934775,-0.0007260833774371811,0.00356978171876432,-0.0010980378486923348
2017-03-27,-0.0013413731999838419,-0.002763097400855563,0.005636868294673025,-0.0010368534926437079,0.0024644894706413734,0.002765795296274076,0.0018585703371438722,0.0021238426279446276,0.00160765486901715,-0.00102654527518653,0.004549983504140265,-0.00903725159660429
2017-03-28,0.00604428704458182,0.002770753261992054,-0.004099371444605038,0.005533983226093886,-0.0034042460685875797,0.004309581510783644,0.007792539722717207,-0.002119341480166015,0.006114083230607026,0.0072768062607890815,-0.006670110271977836,0.0043132967124766
2017-03-29,0.00934581128270029,0.0017581640275625698,0.002436163586164053,0.002063455200806308,0.0028467837993395584,-0.00034335600953128154,0.0032406588313793616,0.0032282160049501574,0.004634307466316656,0.0009347889442694601,0.00596878148177904,0.0056449210408373585
2017-03-30,0.003968303704784626,-0.005265820625912743,-0.007206910225050822,0.004690995836688749,-0.0028387026266907256,-0.003777265506219929,0.007560880346274779,-0.0026251469789321247,0.0016631938745983454,0.0031841057119819105,-0.008076172131802117,0.001830181805050124
2017-03-31,0.0019762721020899487,-0.00705853647679866,0.0021102388572973307,-0.00034139007896238915,0.001992349639849289,-0.0012065438982949983,0.001602292070481015,0.0010191288845882163,-0.0006793288529163277,-0.002327564874001098,0.002907576537712231,0.005968282553441728
2017-04-03,-0.003944822471493414,0.005585714309433332,0.005306580584065079,-0.0005374280390461061,0.004923227282429554,-0.0010353184312141828,-0.010546808507470584,0.004489395559767795,-0.0006045097713179848,-0.0017392500589575866,0.010087033422564229,0.002905925089237593
2017-04-04,0.009901077088451782,0.0005048858110103804,0.002262289701825848,0.00034301198468988936,-0.0014165522091424965,-0.000345637190873771,-0.0011760969993194204,-0.0026237850243886474,0.0015873008102700314,0.0006374341797754646,-0.005424272149318066,0.0
2017-04-05,0.0019606981542277246,-0.0030282576874013367,0.0,-0.0008006663457696961,0.001890798265026472,-0.004665417305872888,-0.011334243398720134,0.0012730384761299174,-0.004075048686021154,-0.002972524622612216,0.0030575643335337688,0.001448914685413305
2017-04-06,0.0026093937291253866,-0.001771514268120944,-0.003678334988324705,0.0012597946914636449,-0.0006603236166651261,0.00034711597507186553,0.009305318399569273,0.0009325273341183049,0.0005304437084634461,0.0028111906165879663,-0.0014834499307971871,0.005304310029510706
2017-04-07,0.0026023089492184237,-0.0017748949898214184,0.0023493772325884343,-0.0004579098929528014,-0.003021069803975762,-0.0008677501102651863,-0.0004426495516388629,-0.0024560466338102716,-0.0005301624871076882,-0.0010195074149822458,-0.004042646266643968,0.0014393133032173377
2017-04-10,0.007787175949140135,-0.0040641840164560294,0.0,0.0013730377798524263,0.0017987870974991438,-0.0010423265474739374,0.0022140390921194797,0.0018677282347752122,0.0003787393843013298,0.0005953320268707873,0.0046392087717352926,0.006226838201315976
2017-04-11,0.0019318055779615761,-0.0022951645055540038,0.014481863135711759,-0.0019428806424214295,0.004631357832314942,0.0055643808418799345,0.0079514130616265,0.004661056251809681,-0.004317551897974559,-0.001189731931137361,0.009483198368555268,0.006901936611199755
2017-04-12,0.0,0.004856851982532495,0.006848701913851674,0.0006871556785421618,0.0031049388031589853,-0.0015563302783820898,-0.013586587481812518,0.0032894679159829465,-0.004031849802786369,-0.004381980269852925,0.005472806460975477,-0.0017728346730101485
2017-04-13,0.0032133473422952807,-0.004324697406655087,0.004753334264967268,-0.002059008501154036,0.0030016945896953473,-0.0058884897404480885,-0.00977470632588473,0.0016815505710472411,-0.003971865499247884,-0.006494783192538267,0.003087061152431625,-0.0022495490409322194
2017-04-17,-0.00576549866631515,0.010475462766031063,-0.0029363834815018253,0.0029805849161876896,-0.0015897088837427686,0.006445945111805962,0.011740594752629896,-0.0019305106884754952,0.008282035328356585,0.008859850920651002,-0.003077560534860191,0.012104016067814971
2017-04-18,-0.003866027617556389,-0.012642179861075076,0.004744779460001958,-0.0002282684573213789,0.005712525033586324,-0.004673579987115262,0.00022214596023406585,0.005887173950212432,-0.0015210348036381882,-0.002984130646388805,0.01307998189088666,0.0026969294727154924
2017-04-19,-0.01746446066127627,-0.006146411016705544,-0.008874746300268521,-0.0009146024765764871,-0.0026070036679126662,-0.0027828920868897544,0.0034728121970120096,-0.0030101306333605304,0.0015999418853254177,-0.001838623305381426,-0.005453248527407362,-0.0014033390488494835
2017-04-20,-0.003949942444014032,0.012368123839882728,0.0018893922713916211,0.0033184082044765972,-0.0022413985058272745,0.008022409287198329,0.01274080488650009,-0.0014255412894894626,0.008365513476379594,0.008139033834408949,-0.0038703245388233,0.0001169782407264286
2017-04-21,-0.009914090457725178,0.0,0.002869780885113693,-0.0007982478473613774,0.0004686000018334635,0.00034626228187017993,-0.002254211196314526,0.0,-0.0002264008138217477,-0.0031867366849944734,0.0,-0.00362942282455192
2017-04-24,-0.0033377628502363477,0.014253014216988324,-0.006785988212145488,0.004680306687142366,-0.002057662729721965,0.02455883982918894,0.012462502910449258,-0.0013436064131391312,0.012070238009810996,0.010997880885539768,-0.00493782671781362,-0.011046015418437305
2017-04-25,0.004688517148692561,0.008782818489707411,-0.010125150830952667,0.0018180502491689232,-0.005155812993974496,0.006583494137434531,0.009717979265380539,-0.003952159440794412,0.007229920262332268,0.005818777633459282,-0.01203924207397944,0.004158966472357362
2017-04-26,-0.005333300044075728,-0.0037312439885416326,0.0049064144523129904,-0.0009073754703844417,0.00263851477356436,-0.0023478506986784886,0.005132731450346872,0.0024483431278172763,-0.001406081232434131,-0.0006289032424747765,0.005517079149436777,-0.007454739964004364
2017-04-27,-0.005361896647703257,-0.0012484061039511607,-0.003723907331012466,0.000681442851414138,0.0006576298165730243,0.002185247654933331,-0.00028351414543226205,0.0009264891601905578,0.006002707772851057,0.0008389426628292451,-0.00032755158538799733,-0.002622781567392596
2017-04-28,-0.00269547679671156,0.001499889811878985,0.0031563855415273068,-0.0003407651573796855,0.0010331521637230168,-0.0016772814807619607,-0.013409236069983455,0.0011779413880363965,0.001767733361736079,-0.0021794813521330836,0.0022112988405595946,-0.010399174958469315
2017-05-01,0.0020270905762542757,0.005741491547054167,-0.009108209859209682,0.0005124598569663519,-0.00216114858412908,0.004536251733977981,0.005752905461347435,-0.003101462775807917,0.008898197929183116,0.0025201373272141225,-0.00831291177376925,0.005918474137831531
2017-05-02,-0.010788949285145844,0.007197808899733094,-0.00016709821486060594,0.0003421541887109747,0.0020710983540153105,0.0056865930065037595,-0.005076556907537055,0.0029587325766129435,0.0016757653645260717,0.00037703356782503583,0.005120419006991561,-0.0016809328403353252
2017-05-03,-0.0040898768684779485,-0.006653438146923651,-0.013957360197643709,0.0009114559916896248,-0.0020668177711314906,-0.0033261943080705736,-0.0061802941054612814,-0.0005056750845376934,-0.0032014835166129796,-0.001214754712962396,0.000657191746450847,-0.013351109834019104
2017-05-04,-0.023956272494859432,-0.011163415417099753,-0.010086475737808298,-0.005347139675419776,-0.0022596830338871277,0.009511202250130468,-0.0013735248884164664,-0.0019398097794139924,0.00036497877378960375,0.001174140850248362,-0.004926778147529509,-0.004876139777130084
2017-05-05,0.014025235789542068,0.008278777277100247,0.0018837333588364036,0.0017153222558563552,0.0001888359616815105,0.01041310667982387,0.006444227367701227,0.0003382347596208035,0.00364892872679512,0.003937167316638179,0.0009077067510609993,0.009432660618645228
2017-05-08,-0.004149351374235666,-0.00024862549851500937,-0.002222050521183294,0.0011420966531592303,-0.0024529976883388427,-0.007197626498246734,-0.0041729629577133,-0.0017733372894528365,0.0021808795044651053,-0.00016699570408862385,-0.005441541740517808,-0.007038859963976907
2017-05-09,-0.00486115860172287,0.012692819877128336,-0.005995691205500586,-0.000684545267393255,-0.001135235001751611,-0.00197740075619679,-0.00043347565835460955,0.00016918511886632182,0.003482565558873718,-0.0009179341531622143,-8.256550767515858e-05,-0.005377632247991038
2017-05-10,0.01605022188548544,0.0066353360691637775,-8.618815999517082e-05,0.004336880849105551,-0.00037816544857460777,0.0013207962227930192,0.006216277026922956,0.0013534273834119315,0.000578374212446553,0.0017961455758142009,-0.0011614099647476728,0.00786441586280806
2017-05-11,0.004120930734879291,0.0021976177135127895,0.003964142371969848,0.00011373333452513457,0.0007572347421522796,-0.0021434524412387024,-0.0069681651000925715,0.0005067836055021591,-0.0007952874248071673,-0.0020428388194830838,0.0,-0.004998663814303694
2017-05-12,0.0,0.0041409290575140645,0.0028326337429587234,-0.0003411612021745336,0.00511119250988612,0.004461380421637351,-0.005280347453784362,0.005066144343800483,0.002242463021254304,-0.0016712361686092025,0.007553305148672695,-0.004043897805201868
2017-05-15,0.005471998760561814,0.010189388049667514,0.0026534071191921527,0.0022733959848089125,-0.0006591179978253647,0.004605850224794317,0.007781250017443231,-8.41262478944449e-05,0.003174221934794108,0.00552357012084892,-0.0027185702635385,0.002952561569518952
2017-05-16,0.001360458815867549,0.0009607685789634335,0.0043537829852127174,0.0014742114893386837,0.0013188420771985676,0.006386134317878822,0.00036057110918918944,0.0014278278900408115,0.004171120877380474,-0.0009152702095576171,0.003717662787108056,-0.006746614932077288
2017-05-17,0.006793512203891572,-0.01703458349851006,0.018189539837597968,-0.004416535294355817,0.007999859022506994,-0.010901251092550246,-0.026978087651485683,0.0061254964920505195,-0.025425714981180403,-0.017744279144964237,0.014566150639054865,0.0040758625438142015
2017-05-18,-0.0026991143942390883,-0.016597657040133496,-0.008181011348557088,0.0011378180377608071,-0.0002799782175381127,0.001480631710879532,0.0036325873847331547,-0.00016717663897503066,0.008745056490116365,0.004028817816306152,0.001135799355250544,0.005534772083397144
2017-05-19,0.019621139454359726,0.021345302356903018,0.0049659454541624015,0.0018176698407599279,-0.00028023062954707356,0.011497972798303335,0.00480093082999522,0.0005840921516897524,0.004225685557705416,0.006503817499990294,0.002350114277751336,0.005382631460826515
2017-05-22,0.006635733196084015,0.0009719820111808719,0.004187604636601616,0.003061581045330719,-0.0011207145699768661,0.0021108366495552477,0.006763357108352519,-0.0008334612125158181,0.008415573627224449,0.005077458282602532,-0.002748567317238715,0.00389329071611777
2017-05-23,-0.0032960324323761947,0.0009708113544553143,-0.006338633249028169,-0.00011288109427065596,-0.002618747770191776,0.00032432280333316577,0.003286069104598388,-0.0030867939526337818,0.0010072326925343322,0.002212798992906162,-0.006727987620395615,0.0008481795125396818
2017-05-24,-0.001984039945198246,0.003881178713578848,0.003944948993712671,0.0016961443880711968,0.0020622911688881196,0.0006478662161548687,0.0006547136527783604,0.0015901169344461064,0.004600075288981209,0.0023329957594058204,0.005631377693632089,0.008113314407794725
2017-05-25,-0.021868797827973685,0.004831954919210402,-0.0010868426783263718,-0.0007902165332642763,0.0005621730827098936,0.00016200386924380972,0.0006545954298780021,0.0004175322312192087,0.008513525754289875,0.004779338937247912,0.0003241611728406202,0.00012038640552325397
2017-05-26,0.007452450827955426,0.003606764196403933,0.00887175702052101,0.000565257853693657,0.0006538592725826575,-0.0030755441237944048,-0.0002908511866598351,0.0007515213741213778,0.0017732557338216992,-0.00020665744753300963,0.001703363861822016,-0.00720644589666275
2017-05-30,-0.008069889276840714,-0.0052708949698968555,-0.003318413164433487,0.0010162607874801832,0.0025238757356007557,-0.0008118162904469095,-0.007851732367085806,0.0023368681917756984,0.0008494588927361324,-0.0008689102770276236,0.004940082310835203,-0.006290999601630709
2017-05-31,-0.010847466078391044,-0.007707125409076476,0.003995366733579031,-0.00011315964806124512,0.00046593433773667314,0.0012998146057767723,-0.0010262713208633034,0.0011655373770274036,-0.00035386036571449786,-0.00024844483994090893,0.002498187222699899,0.0006090854361493481
2017-06-01,-0.006853889357417264,0.008495258465665012,0.0008290372396291268,0.0029114944989176994,-0.0005224888525150462,0.007789903894275918,0.01929252604803189,0.00021706082573635932,0.0038929251348474025,0.00795221056379014,0.00010513684075363905,0.005231482788437214
2017-06-02,-0.0048310427328177585,0.005053948357804039,0.0073724269437449585,0.0005648320932980511,0.00438862989632316,0.010628081788541577,0.006477604521857305,0.004667949615929645,0.011421394255959338,0.003328262759332068,0.011840787696752564,0.010287794309381537
2017-06-05,-0.005547815488981422,-0.0011973979415136338,0.0009867835373715828,-0.0009036021032624575,-0.0016734152665764945,-0.0047803315277981095,-0.006221073690457657,-0.0028209381137613843,-0.00020935922646114768,-0.0007371844398527116,-0.006209574989106792,-0.004312708146368749
2017-06-06,0.006973378150149978,0.00047969016696747246,0.011254375087548674,-0.0015814402585206944,0.0031658666393186152,-0.0036821950986503094,-0.0009352532995584584,0.002912020588716757,-0.00397414284156461,-0.003196750629500089,0.00544689079530758,-0.004812904827658615
2017-06-07,-0.013850408155086869,-0.0011980347394252577,-0.005280272412152454,-0.0020373484561410082,-0.0018566564193530644,0.0009641122034669269,0.0009361288171234605,-0.001244544449468088,0.003919844584384435,0.0018504879880989478,-0.004780225501807789,0.007012348674129809
2017-06-08,0.0,0.005997919137312735,-0.006533241668445489,0.0007943410392727834,-0.0015803538888911062,-0.002087018621710457,0.013670922894529536,-0.0017435371207392691,0.0010459595648852904,0.0004923407381063338,-0.0026413640923516057,-0.002401219794119447
2017-06-09,0.0056180220310178,-0.0076317635377709525,-0.00912454251071615,0.00079316435298038,-0.0009316571072103264,-0.004826232070569647,0.005181881629791052,-0.000999030307389348,-0.025005300456967028,-0.0015179034647662126,-0.001525322382827654,0.006980279242196907
2017-06-12,-0.009078155796419574,-0.005287026615884205,-0.0014932827593217013,0.001698047225224375,-0.0001863664244885488,-0.003394697606301733,-0.0016242582885050982,0.00024931837905328713,-0.005357510103020879,-0.00020532869786493713,-0.0003216028574172247,0.0089640162572453
2017-06-13,0.004228382749921877,0.004831954919210402,0.0009970317877492363,0.0018089064670041566,0.00037297580393191865,0.008272417509046726,0.005092857006700369,0.0010832099106001802,0.008115717941239442,0.004889744761077841,0.0001610091005619374,0.0022504873256521396
2017-06-14,-0.017543986026745673,-0.00024036857713261028,-0.00547811789275976,0.00011271654765931949,0.005219280896764378,-0.0003218133934439482,-0.005911369725492666,0.006821026847972478,-0.004345878094854871,-0.00126763458023893,0.015436766859012296,0.0014184327831714416
2017-06-15,0.0042859294161174954,-0.010341591941627204,-0.004172926066378535,-0.0038362131725914184,-0.00176134803676542,-0.010782038614855605,-0.005097061822333826,-0.0023958599212535736,-0.004436563502536739,-0.001924378665241533,-0.0015835932157690635,0.005074910715230807
2017-06-16,0.004267237471588858,0.001700911758178325,0.00016758836001962152,-0.001698364489122195,0.0005572466124306175,0.00878469894853029,-0.0024907399029761024,0.0008281102277991614,-0.004338563171125354,0.00021863146064249328,0.0019824197408744304,-0.0025833600482148
2017-06-19,-0.006373897959154329,0.009947088483993394,-0.007625239321596311,0.0030626533599438233,-0.0027854585487945283,0.0032253521924674455,0.00741818010153783,-0.0012413514363537326,0.016720985509468766,0.008325036582356171,-0.0014244936627989535,0.0001178646814814499
2017-06-20,-0.009978635071045794,-0.011052948199074986,-0.0021109516115493943,-0.0035059889861422944,0.0025140363420710354,-0.008245547785769691,-0.010124738419851176,0.0022371926162363387,-0.007831156670841666,-0.006743917643688868,0.008955864160504312,-0.0023544868337779246
2017-06-21,-0.010799068539225298,0.0021960590305751815,0.0028769363429739236,-0.005788217385372718,-9.338126386571055e-05,-0.001481802510222452,-0.002503619236604804,0.0004960821561281747,0.009902562905867107,-0.00024678083598050904,0.0020426448674863984,-0.002005783500862224
2017-06-22,0.001455512776190604,0.0051133246245025354,0.0033749707830614817,0.002739688715070132,0.0009291482755637848,0.0006596829448741737,0.0038005705870793882,0.0008264505877972894,-0.0002844175331992993,-0.00045307034407682245,0.0021946907821162043,0.0009459782114489279
2017-06-23,0.004360519927504747,0.005329494748398167,0.004288615406013774,0.004098202100320858,0.00027852888414447996,0.001977011471795187,0.006644155348203062,0.000495256015862422,0.0038379173657669963,0.0011944242844745823,-0.0004690442904021763,0.00347017249737136
2017-06-26,0.002170753361198763,0.009638550167004878,-0.008959220397639522,0.001361174945718746,0.000834404814386458,0.0018089081576930788,0.0012063603734706607,0.0018149544981616028,-0.0046729046754426795,0.0006579489389961779,0.0037563157949054293,0.007129907501373767
2017-06-27,0.01155235556766021,-0.011694486452149766,0.0038019343183648413,-0.003170552299922802,-0.004911641916482634,0.0004926099984583487,-0.008789315283830756,-0.004530145386378082,-0.01813913570042691,-0.008056010628794463,-0.010681022134597207,-0.008967430947668054
2017-06-28,0.006423942525340065,0.007727890575917051,0.0007575454013519778,0.004089165139335105,-0.0009316571072103264,0.0077112168423065786,0.015302895743736,0.0010756235288562621,0.014417260376597518,0.008950224484681746,-0.0033102585461776135,0.002380973495050398
2017-06-29,0.0042553725969076694,-0.012700967066606172,-0.00487806411784153,-0.002489011020095133,-0.003729583272013337,-0.009117364733925104,-0.0059157071202387,-0.0030582124318480064,-0.017354616311794024,-0.008788778272390663,-0.008380989912573633,-0.011402524475935927
2017-06-30,0.020480097099327965,0.004611769730235915,-0.00253552275635216,0.002381998161638643,-0.0023398245183839927,0.0004927707606878773,-0.0015594524006581345,-0.0008292601095113428,0.0003632212170949778,0.0018643822882380423,-0.002312648309754972,0.0
2017-07-03,0.010380793011461886,0.00579852121643798,-0.016353163532217163,-0.0004887648170042169,-0.0036724028220177507,-0.0009852183972455242,0.008373966651679998,-0.0021632362735302113,-0.010534635261804981,0.0016956652777830872,-0.00321968519839122,0.01273536717899959
2017-07-05,-0.015068552208447827,-0.0019218463307043576,0.003704025486608087,-0.0007954325815132668,0.0007542645106592971,-0.0004934198904177345,-0.0035889537358722023,0.0016678800976568375,0.009839138515165713,0.0023119289259765363,0.00024101631136197454,-0.014117288703473951
2017-07-06,0.0006954843719970683,-0.012033605192150132,-0.00042907160833882685,-0.002503071675476587,-0.0018851588825872234,-0.005098588861944364,-0.013058662246358321,-0.0025807850437897795,-0.009016513642120416,-0.009144522911158193,-0.008273650828196755,-0.018773102660865737
2017-07-07,-0.009728995072124547,0.0019487738888765982,-0.010217244173899132,-0.0009128153874672362,-0.0016038728611192932,0.001157131082687446,0.009702137725644988,-0.0008343183941431631,0.010785898644209757,0.006485259447403413,-0.005993875470193033,0.00564165102785541
2017-07-10,0.004210420491889799,0.009482190523597778,0.0016481821948142183,0.0011416507890977812,0.0013235162010869495,0.0016513319569650964,-0.0043419102289479206,0.0016705468956774716,0.006533080982330963,0.0010738158019638622,0.001466759162434883,-0.009146583376948625
2017-07-11,0.00978330734909183,0.008188870840721174,0.0012990519121256483,-0.0006844556262046719,0.0013216791244416992,0.0026377264191046468,0.0029309460490416495,0.0004166822514082291,0.0028128944806480316,-0.0007422975817830135,0.0017086077740118277,-0.0011075018682628057
2017-07-12,-0.004844182718444112,0.019350140275075978,0.0035460648934033667,0.006504283327734672,0.002922931268988682,0.007563198192299447,0.007698608848724309,0.004417948860535814,0.011866253957692141,0.007514369715123648,0.00690483180240653,0.012321164553029007
2017-07-13,-0.0006953274840268975,0.004921370961590288,-0.0018098688846157618,0.000793676596477555,-0.001033937965817855,0.0034269639050925615,0.0008491729078703436,-0.0017430796443638208,0.0022029980788607073,0.0016803793753989993,-0.006292712410951196,0.0015822438503585445
2017-07-14,0.011134158290477147,0.012593273516974035,0.008202356680584888,0.0028317676388771584,0.0014117720282766921,0.006992906415530298,0.0016960046035010556,0.0023280786480668336,0.007872410788963391,0.0046640024138464575,0.0012175253261608177,0.00960020346925683
2017-07-17,-0.003441057222210331,-0.004605902889331492,0.004453235312239068,0.00033884985413878965,0.001222101816095611,-0.001776480826909399,0.002328170273139696,0.0009124260818564878,0.0004919602559738667,-0.0001218246299958814,0.0027567551918066258,0.008064581197995357
2017-07-18,0.004143620262092806,0.0030077061442264075,0.006991215691223296,0.0004516693474161393,0.0036605225222616777,0.0012944451962646486,-0.002604126504897053,0.004308733558897826,0.006681010155289879,0.0005293224509037575,0.008732954085327371,-0.0021488841022977434
2017-07-19,0.008940874215881411,0.008304526552098901,-0.0002539901713813908,0.0016925044345796891,0.0,0.004200909538466746,0.009951004015245957,-0.00032975730423912,0.005868679386951792,0.005413834224608394,0.00040125139551783207,0.007538309693171152
2017-07-20,-0.0013634717071546731,-0.0011441284879163405,0.001354979930841882,0.0005642739993398926,0.0002810194429838653,0.004022594130817181,0.0006991582803672625,0.0009077274533428881,0.0013194328401395783,0.000445376788834162,0.0028844707513331347,-0.004631979735523095
2017-07-21,-0.013651870037702185,-0.000686837398674478,0.008626558617128355,-0.0007884705738322451,0.0017762213008647443,-0.0033654539340577383,-0.0045392782056651315,0.0023085839854453116,-0.000415972492502914,-0.0008904277077864675,0.004234475407014715,-0.0007158454228392008
2017-07-24,0.0020762678918757604,0.002979442316948022,0.00041921366315400554,0.0007890927502458567,-0.0006533830321705514,-0.0022511593438843125,0.0014027583132254495,-0.0011512516075615764,0.004579506386781729,-0.0002428417049115117,-0.003898358596794105,-0.0019102885989209506
2017-07-25,0.011049731934489548,-0.002513675602385357,-0.0032687905257637873,0.00045044844179442656,-0.005603753011196422,0.0012892791407184134,0.00910694130338019,-0.00593045852004026,-0.0025556480569356443,0.0024307050247400763,-0.013018951861844319,0.0013158052175488155
2017-07-26,0.00956278111039821,0.008247131432545185,0.008072646310579579,0.0014629775114227694,0.003193346087758453,0.006116190441655345,-0.005553667194739598,0.003314411779054227,0.003255050281687266,4.065585230406121e-05,0.0016185302251454647,0.006929631902316213
2017-07-27,0.006089271769346816,-0.005453009409085219,-0.0007507202198243634,-0.0007868293877674182,-0.0015916775023463448,-0.0020796613357825233,-0.00635246538160672,-0.0024777247883605025,-0.006281551541112873,-0.0009296824921136704,-0.004928739555951411,0.0011864221044293188
2017-07-28,0.005380077902726876,-0.0004567053621501449,0.00751316068954333,0.00011263732778088453,0.0016881050432986378,0.0011220721338649486,-0.0026692209862264615,0.0026493174432904443,-0.0008333827792160742,-0.0011730749314063926,0.005927079301821125,-0.0027254426282883326
2017-07-31,0.0060200287340645975,0.0011424445187959709,0.0004971211979458712,0.0,0.0002809346576939653,0.0024019940007506957,-0.003170160141629186,0.0,-0.004240775272588038,-0.000566821051255717,0.0012110165720646826,0.001307301441028308
2017-08-01,-0.011303270280965116,0.0029678791522413928,-0.0008281447132181263,0.0009933776845438835,0.0024841522076513023,0.005750782382325292,0.001907953185387612,0.003626023626495334,0.0023039900503525335,0.0022287271486114424,0.007020861082294827,0.004509535740447879
2017-08-02,0.00201754817829336,0.00091082518644936,-0.002072109381170417,0.00022650884213670786,-0.0009353400555498492,-0.0001587520815120591,-0.010932874148386618,-0.0015674465187451858,0.0027164337210305867,0.00048531349429947745,0.0005616325053372506,-0.009097128392393516
2017-08-03,-0.007382579652724375,-0.004093450120250641,0.0015780299800982611,-0.001918081947707484,0.003462878616466325,0.0007943573550106553,-0.004991669952824629,0.0014045644308140481,-0.0038905861813521847,-0.0019400300080747446,0.010343799461243863,-0.0020273159896746495
2017-08-04,0.0020284611495462457,0.003653566270172659,-0.007794965092940864,0.00022567724952504697,-0.0027047654105548657,0.0012698374855837358,0.004873935270171659,-0.0038777310331158388,0.001813704425411844,0.0018221013318020507,-0.008492106453752646,0.0033455740600834005
2017-08-07,0.0020242787094213455,0.006825909318042722,-0.0011700742821817434,-0.00045165773579314283,0.000560944912920025,0.00015852838041796602,0.0016402640459911577,0.00024854533264995204,0.00633478690067335,0.001859091875476171,0.001120580540943772,-0.001071942542207327
2017-08-08,0.0006733204665114734,0.00022603327470416268,0.0029286123995055924,-0.004295321487529091,-0.0008410323227538985,-0.00427958783515725,-0.003133062840415035,-0.0048025113361049865,-0.0017295476301377732,-0.0024609204091741166,-0.0035975310746396705,-0.004768195205105852
2017-08-09,0.006729509122576083,-0.009037501803077386,0.012097421498902916,-0.003860650284832623,0.0012158952275851398,-0.0019102926147673838,-0.008642698603165355,0.0009986451420460618,-0.0013164157774753216,-4.039964287283482e-05,0.005456301550633036,-0.003353670523249752
2017-08-10,-0.015374310734412533,-0.02371192734509664,0.007419021877765664,-0.006382404678981879,0.0037373525136845664,-0.013556658093598517,-0.01815683953836922,-0.00033260660229661454,-0.021440653345778715,-0.014115301424943105,0.008539547701956973,-0.007210454468469685
2017-08-11,0.003394411814100051,0.0023353837349524564,0.004745944156777204,0.001720628607188024,0.0011172727185619902,-0.001778571129584794,0.001467591045669403,0.001829047115193383,0.007587003228183065,0.0014770608516545547,0.00047486355790860024,-0.006173811475602475
2017-08-14,-0.00879576741996524,0.010251594996506519,-0.007085289845225606,0.00526734392494399,-0.00241761042688704,0.007612627539659744,0.015167939492264804,-0.0006637075234866563,0.01287822660188076,0.009912980724588794,-0.0051412898168156085,0.01668671053962556
2017-08-15,-0.004778050565533043,0.0011535785492942097,-0.007709931316675078,0.0003413126305273906,-0.00298235927229884,-0.0019288653947872048,-0.008228468804207245,-0.001162772026646608,0.0006951166373407869,-0.000121694546263873,-0.004213523684595155,-0.0029945524041889993
2017-08-16,-0.0027434670320909404,0.010365959403161096,0.007356582616572016,0.00011429901806936371,0.0018689433595207028,0.006442003546893504,0.00029109193777299147,0.002826856876165351,0.001735351254197326,0.001744311876332505,0.0036726096064785274,0.003965221175863842
2017-08-17,0.002751014349262837,-0.012767765153948729,0.00508734802014188,-0.005579059384410945,0.003546427621430759,-0.010881632762782423,-0.018262835133284083,0.0009950823151361199,-0.020446125569329787,-0.015590708402848374,0.007477255857622822,-0.006223999147252579
2017-08-18,0.017832690444464117,0.008545000292633276,-0.0015511047050799087,0.0014883064712805094,0.0001855588001520303,0.0025886505916408176,-7.38849074531922e-05,-0.0006627287404414872,-0.0007075615860210327,-0.0015633889116343225,-0.00023641135942475966,-0.010116367314017438
2017-08-21,-0.012129455554125701,0.003664032175251686,0.0037612352656932746,0.0010289136132655141,0.0006512319352969254,0.00016136794091003992,-0.0006672161659534437,0.001408934171857501,-0.0012741239197557874,0.0007830623674673909,0.0024485533099087853,0.01070645529288039
2017-08-22,0.002728649846173825,0.011179424689875539,-0.00448031151993189,0.004111628864200911,-0.0019513043214554049,0.004194969257352188,0.010828261315498189,-0.0009931825525369975,0.015242480531199032,0.010456843332195875,-0.003861181550917192,-0.0028890811484620915
2017-08-23,0.008843481089438221,0.004738151578464134,0.003764005301683193,0.00011362531278380494,0.003444701215654433,0.0001607472899396445,-0.0016136718046133591,0.0038115528205184823,-0.0035616325596316,-0.0035853020333598273,0.006801567320342983,0.01026180157279799
2017-08-24,-0.0006743045763412114,0.0031438367715186377,-0.003097719565419932,0.0014785240960559776,-0.0015778927776177731,-0.002409790023967684,0.0030864026104115982,-0.001898455143373834,-0.0029431405124400456,-0.002330844699661605,-0.0036912885302464726,-0.003106879766525017
2017-08-25,-0.002024354824431973,0.005820360164061844,0.003679752595251218,0.0018164717594006952,0.0016728384626532034,0.006602235518346822,0.0028573492332526484,0.002315203806649624,-0.00210888645778462,0.00233629022935955,0.003863084325381516,0.004795315028683467
2017-08-28,0.0006761282933798185,-0.0035609699151444296,0.015887278895027057,0.00011405169738587517,0.0009275350251349845,0.00015997394890643335,0.004237613045200206,0.0,0.0030993274743722488,4.098847638256409e-05,-0.0006283764999019947,-0.007635786006310097
2017-08-29,0.0,-0.0017869517314269556,-0.0021654043401579948,-0.0012469087997915018,0.002316903599278719,-0.0036788913365835008,0.0002178220843300771,0.0007426597757884679,0.003931977849034096,0.0011448454819198428,0.0032220940295077938,-0.0010820606584606152
2017-08-30,-0.007432462198602163,0.001566238747308768,-0.00048221796718150856,0.0027233268727915316,-0.0008323630433552109,-0.001605310349821809,0.006400635313993597,0.0008241789220289064,0.01175131503187532,0.0047373343528849254,-0.00031330043552690867,0.005656910763273126
2017-08-31,0.02791019972254749,0.0015641011363418666,0.011740101940391323,0.002716471460922465,0.0015730075980788794,0.007718419498014439,0.009828359952038346,0.0017298502518956482,0.010715315097688194,0.006015987974129056,0.0029781948859730623,0.005744149763010853
2017-09-01,0.0013244949998632016,0.007361245144710704,0.0019074699121892635,0.001019836813971331,-0.002941790569974456,0.001914707193361176,0.005654326947853283,-0.003957408555329334,-0.0013684263075374181,0.0014145081997867237,-0.007649431688392605,0.0034509248330418796
2017-09-05,0.0019841145499943647,-0.01306486551382502,0.011105834943620163,-0.002264084948725986,0.006959332301436305,-0.006211162041094065,-0.009607397881286617,0.0062081246624035025,-0.008972322564761992,-0.007182197890098996,0.015857939692529355,-0.002727436523840443
2017-09-06,0.009901077088451782,0.0065070678330863,-0.005099651110527015,-0.0006813474731670599,-0.0023959641099475792,0.005608878749199242,0.0020836065112641577,-0.0035376906742369263,0.0030411754465062835,0.003413810303433129,-0.006134944074508097,0.002615714975694239
2017-09-07,-0.0006535906271049052,0.007355801567807241,0.010409331674411826,0.00011364659840262803,0.004342203105647924,0.00828706530917045,-0.0025095842492975917,0.0038804136533656663,0.002342474591760846,-0.00012151709925245502,0.010236295115939154,0.006404019770255509
2017-09-08,-0.011118455032955055,-0.006638505803187589,-0.0012487602904230899,-0.003179040814152212,-0.000736129478387193,0.00047400074668790815,0.000790327133291191,-0.0029601523660679474,-0.008661464082801773,-0.0011747844719340872,-0.002165399299765003,0.0008251642883791988
2017-09-11,0.0019841145499943647,0.013365843734617577,-0.01390950036975469,0.00318917934545504,-0.005707224497289443,0.0071089842090479305,0.010487490188182624,-0.003052104730610017,0.011511312229354198,0.010666093090577755,-0.011938417098699472,0.009183956952942385
2017-09-12,0.002640247513152616,-0.0010991550724529509,0.0029320477853171933,0.0012489571474676442,-0.002406318508413441,0.0028235213151757144,0.006113102353267452,-0.001075189978516522,0.002399222206564966,0.0033703092121177836,-0.00525656026795196,-0.011783902671897328
2017-09-13,0.004608340445680259,-0.00528160654656018,-0.007506297144185381,0.0003401384412711206,-0.002042282912596005,-0.005161881063280083,0.0029677852481868605,-0.0009943681637719637,0.0013676869195129449,0.0004801548005108902,-0.003943304210477394,-0.002597311724892415
2017-09-14,0.0006553038773069453,0.0026548764515945678,0.004378656548724491,0.0013609005632668758,0.00018624555481894234,0.0020440192820809777,-0.0009158692365319743,0.002487076716711778,-0.0058734072798092285,-0.00031985649877619426,0.004117308657762164,0.008285923200465284
2017-09-15,0.004584197019414926,0.005957783430001307,-0.004993697404288455,0.000905652314519223,0.0012086058521867393,0.0,0.004089296096829731,0.0008268840112797271,0.003434665315371399,0.001346452716479929,0.00039397947689856494,0.0018782810427586671
2017-09-18,-0.0013039197893727206,0.0035094171774792127,-0.009320466663927607,-0.00045258467236708455,-0.0039000328635615533,0.002039927315233836,0.006810971756795237,-0.0009910511295253555,-0.001310371992863213,0.002127075872493611,-0.005753556818443362,-0.005389941979263235
2017-09-19,-0.0019580651697809204,0.0021857151496333938,0.0020907215740946228,0.001018153799396293,-0.0011189045404890186,0.00454124785633625,0.0,0.000578863416994313,0.001717685060446117,0.0010007392986794983,-0.0024581324137115113,-0.006597813072388381
2017-09-20,0.008502235133556635,-0.0045801433817526105,-0.008024393981386213,-0.0001134017532880005,-0.0019595417498193823,-0.0020266483384664413,0.0032083552269681626,-0.0012402369601297591,-0.0030862441012656783,0.0003602424427469053,0.0007152024048078243,-0.0027278869226987634
2017-09-21,-0.0038910261043301198,0.0,-0.007603967161635139,-0.0012431210437319207,-0.0013094744542081482,-0.002343088290848283,-0.00104257459013124,0.0,-0.006123202980869991,-0.00267944151813293,-0.0005559730136133201,-0.0019024386200986454
2017-09-22,0.0039062253290549354,-0.005696556412138398,0.004564701313993336,0.0010191058607240677,0.0017789476741589816,0.0026617264330963675,0.004245095021764511,0.001324635771855709,-0.000968880283559459,0.0002003291390333395,0.0028610444355079423,-0.0070535173170771515
2017-09-25,0.016861259425442032,-0.0169679941676234,0.010467388330802407,0.0005653169125434676,0.0029913530915710584,-0.004840710729036024,0.0013862172018044294,0.0037195551557522855,-0.010532599379748375,-0.002044619934002845,0.006259772543629527,0.005818630354664789
2017-09-26,-0.008928586844357378,-0.0026895722086502927,-0.01116196421162674,0.001242900377933731,-0.0008384772073470881,-0.0026674183534849405,0.003183956526123577,-0.00016463149533119115,0.002591112321136846,0.0006025867670493845,-0.0018113298713805515,0.0016873754032633581
2017-09-27,-0.0038611246549054012,-0.003596707997854498,-0.009420139990778287,0.00045139661952897647,-0.005130083393866003,0.0012586495231636796,0.019569738729606545,-0.0038712935762361678,0.009010400008822916,0.0038942926869427463,-0.015067658553772012,-0.009023903564574609
2017-09-28,0.0,-0.000676561385673291,0.001885519931214219,0.0,-0.00018733050300501208,0.002828479096054215,0.0026450153388597464,0.0014882803856468563,-0.00034619597101059885,0.0011999839603695772,-0.0029636091944122978,0.0067987225317243105
2017-09-29,-0.005167780906726316,0.011512164359744892,-0.005155038524977895,0.0014670316310358977,-0.0012193524182881887,0.005483925433725778,0.0023681367956289723,0.0009088494002160719,0.007201674098027855,0.0035150492558078117,0.0022492846457411453,0.002050509677525403
2017-10-02,-0.008441651143512807,0.00022320849499779527,-0.006662322551317712,-0.0005097225692135554,-0.00113730158833647,-0.001246608034281338,0.012281948226452677,0.0009333222439094069,0.0008938279897876544,0.004338648815066515,-0.0018314262959234773,-0.0014441696632854217
2017-10-03,0.0006549486072924271,0.015841050428986536,0.0004968550936175209,0.0018116988138747736,0.0014120406994948542,0.003744877466619556,0.002199806246270475,0.0022315956754381805,0.002129038762848756,0.0021401528416924442,0.0009657137944953931,-0.001446512179935966
2017-10-04,0.001308892213575108,-0.00021947448473791376,0.002813840376879373,-0.0010169154751104026,-0.0002820968363873577,-0.0013991856337167707,-0.0031927256031032414,-0.0005770674313667623,0.0009594942776016691,0.0011864422853968826,8.062396611174805e-05,0.005069713486377303
2017-10-05,0.0111110406607835,0.007469388897526352,-0.0053643767904709705,0.0012445267561524975,-0.001034212284828473,-0.0010897375700582579,0.0027361160764456383,-0.001402487734245117,0.009793392323327321,0.005924906972865074,-0.003777736021932321,0.003602840508775129
2017-10-06,-0.015513873498358421,-0.005015339350104786,0.004729503075844965,-0.0014685380727246233,-0.0012237694081839168,-0.0006233425140844684,-0.0013975875575356067,-0.0008264994309576945,0.0013561736933771495,-0.0011385467789531978,-0.0028243195936182852,-0.0032310483099567966
2017-10-09,0.0006565946844345749,-0.000657693675960469,0.0081757826666502,0.0001128109237975572,0.0011309972981006222,-0.00015600986999331212,-0.004131899667801808,0.0008271830973169969,-0.0011517101832348997,-0.001651186254697623,0.0031555279393693514,0.002401176445598896
2017-10-10,0.011811023330640325,0.009868430780212378,0.002621229439913275,0.0007913969892732187,0.00037639913869425,0.009669497962039086,0.0028770281631294026,0.0006606924899004163,0.0007463341197588846,0.0026383297804108974,0.00161359853103904,0.0029937289356609664
2017-10-11,0.0019455130521650599,0.004560251574181384,0.0031862694835504968,-0.001016992807317374,0.0011292075268554136,0.002162413716182199,-0.0007336149160452887,-0.0004950655176394481,0.0029803810953694665,0.0015706698728878976,0.001932749695943592,0.0033435092127118704
2017-10-12,-0.001294417242464152,-0.00043212270958126187,0.000814386133850542,-0.0011315222497068067,0.0009397131519954804,0.0001542825829432548,-0.0007344929164765368,0.00024782435480541487,-0.0018235321518484948,-0.001489844099916815,0.0042597064539402485,0.0064260953289578815
2017-10-13,0.009721260270102894,0.009082924588486474,0.0075677460313676725,0.0004532155755825329,0.003380190667582994,0.005239773426891636,-0.0018045213574465757,0.003963869352812344,0.0038571843056125488,0.0012173203433964996,0.007202588927026632,0.0026013616970614883
2017-10-16,0.002567377923025971,-0.0006427768277856849,-0.006864791440930884,0.0005658435627362568,-0.0016844449966584296,-0.0006132129206143366,-0.0008698639716044898,-0.0013983346195645119,0.003437881408297594,0.0013337572892990757,-0.0007148866744924876,-0.004953531183509496
2017-10-17,-0.0012804016864904622,-0.005147416713592978,-0.006830966568647456,0.0014713669418591202,-0.0003742400794310985,-0.0032214189916764946,-0.0028813716332533046,-0.00016464118963621655,0.0012765079988763528,0.0007049941041745722,0.0012724390586871248,0.0011853310800538086
2017-10-18,-0.0006410939176557662,0.0023715689181336153,-0.003766470931119148,0.0010162460113347649,-0.0025319649410902034,0.0027699228200506187,0.004771343159057695,-0.0014836158832941537,-0.0012074231714982453,0.0009786236009703408,-0.006591611215368887,-0.001065354169946131
2017-10-19,-0.004489957433895353,-0.008817343051293669,0.005917656213846323,0.00011382705831031181,0.0010336800461243634,-0.002301943500287118,-0.0015386656746565475,0.0014858202698462275,-0.003694836807315527,0.0002737222495212688,0.001758561552613891,-0.002963069565077414
2017-10-20,0.005154606580757948,0.003688457317859939,-0.006373059753138954,0.000902488329373563,-0.004132100438513087,-0.0013843984015274868,0.004621975577647541,-0.0027186281394530054,0.0026972379709573335,0.005160440023302071,-0.010613959459713551,-0.005704956783276427
2017-10-23,0.0,-0.007998240549916602,0.0015623915833617996,-0.001127360465257632,0.0009432521114618453,-0.0021564179671511585,-0.00746786692357837,0.0009911256691408354,-0.006523001581832721,-0.0038894579381013594,0.0017746171116213016,-0.003825693278247333
2017-10-24,0.010256418043561588,0.0,-0.003858794818776823,0.0,-0.0030149873907305835,0.002469738232306007,0.0020824657341229624,-0.002475740662387871,0.0016924413447312325,0.00175721572567622,-0.006199305316077153,-0.006000242792791988
2017-10-25,0.0012690991149875153,-0.0021789459349039753,0.0001648120231156902,-0.002822117190534934,-0.0016061981090671473,-0.0036957087219137152,-0.0048262732443213885,-0.0026473328937755003,-0.0037842757078764278,-0.004950085972717622,-0.004780326920168831,-0.0028975327739845236
2017-10-26,0.00443603819241889,-0.006770152956774411,-0.00840541125580585,-0.0012456536106347782,-0.0013254971533228632,-0.00030911813742273697,0.002087873998961154,-8.273131101810272e-05,-0.003187964094066742,0.0012926366745460438,-0.003337697800299244,-0.00823315056146301
2017-10-27,0.005047215114245329,0.01451177043558416,0.004736970715121469,0.0027203368043717813,0.003222623474018693,0.0020098891864492874,0.006924009691221755,0.002986295845848641,0.029123415241202766,0.008176130173074725,0.00661551522781223,0.004517072890992235
2017-10-30,0.0025110405484083387,-0.006285149004974011,0.0019023633137824625,-0.0002260462323819823,0.0035897953274224292,0.0027773413406022573,-0.010548107523126071,0.0033084715705722356,0.002248151477874938,-0.0037249759156389173,0.009575635512084846,-0.0008508267272233638
2017-10-31,0.002504609749111708,0.009378432293245975,-0.003797565383496959,0.00022609734083389732,-0.000658782169484784,0.0040006802486816095,0.007084250939230152,-0.0014016155050162737,0.00376044624500671,0.0015578425089379788,0.0003211300066428002,-0.00012170508308961825
2017-11-01,0.000624676159733939,0.005185843473211049,0.003646328400454868,-0.0009530778923837468,0.0006033019349818147,0.0015324869205926017,-0.006632139314426966,0.0015808356777047283,-0.00032880440998195315,0.001322076089249835,0.004452268590201314,0.0048661052304384
2017-11-02,0.00624229852230207,0.0012900221990570504,0.0006605716344769696,-0.000568705039250883,0.001320075134435994,0.0019893584857559876,0.0029671827327264477,-0.00016533792086337318,-0.0019066335360091724,0.0003884595392664725,0.00440922690073009,0.008474605986509731
2017-11-03,0.006203224078253022,-0.005152642131654117,-0.004703355749991034,0.00011403379733687657,0.0016009344999863284,-0.0009163831500189623,-0.0006721834317948705,0.0011572195260536322,0.00961771136252687,0.003338537317504775,0.002713706388379533,-0.0025210361339029763
2017-11-06,0.019112367037229516,0.011221311671984369,0.008539203746006141,0.00011381958194478514,0.001222236175812741,0.0016814382852712306,0.001143822480757395,0.00024763483464051994,0.0033924745764137842,0.0015477303249851193,0.0037404085869772175,0.0067399443183138175
2017-11-07,-0.0060496366232749565,-0.006402021592843865,-0.003616953850285376,-0.0028414101613692955,0.0003750734847576265,-0.0036624344648835683,-0.01196424437331256,-0.0008253292980532345,0.0005853269931814786,-0.0006953654276903309,0.004202798375553041,0.008128945082909844
2017-11-08,-0.001825916646887915,0.004725218941103115,0.0034650455582678763,-0.0044447840050456655,-0.0012195065945984629,0.0033697994503558704,0.0013608123612982581,-0.0013213985232261027,0.004028928204999893,0.001700994806524303,-0.0022106576810788647,0.004980425989809412
2017-11-09,0.0018292567171791507,-0.0061993589714917086,0.004110828013571766,-0.00492312265247119,-0.0003761714474246336,-0.006716737821948482,-0.0035325903675335057,-0.0026473909220255942,-0.0052425875139402445,-0.0036277238527672173,-0.002849124656228219,0.001061958515952366
2017-11-10,-0.001825916646887915,-0.004301848754759363,-0.008187996581421442,0.0021869087715591373,-0.005076754053848331,-0.0024587316598336795,-0.0007499812302557141,-0.0057218361625495096,-6.552127785153239e-05,-0.0003098952084371609,-0.015079580072314247,0.0010607698867974857
2017-11-13,-0.0030488299772771787,-0.00216041820923063,0.0014860093226882753,-0.0006896020542282999,-0.0004726170414121045,-0.004313728385593296,0.00027291462765766106,0.00016713775572130274,0.0012368082609608422,0.0009298391580250254,0.0020949171524560217,0.005063234629399949
2017-11-14,-0.01345571099832854,-0.006711222921203075,0.0020608359165059653,-0.004250215751035569,0.0014183469973885199,-0.0004642558184868584,-0.0027282860945813114,0.00024981387334888083,-0.0036393496248923185,-0.0023225056692049995,0.0067544898757885274,-0.0021089854278520948
2017-11-15,-0.0012398479537578666,-0.005231257330104766,-0.0012339083538733808,0.0,0.0035868597773824895,-0.005417864843166864,-0.00396683171087564,0.0042518998891258875,-0.0046967505603080495,-0.005005220373244024,0.010863346235303828,-0.010096254187813902
2017-11-16,-0.003103642762840697,0.020815104855434807,-8.23831309511025e-05,0.009806077338964325,-0.0025391159760326243,0.009338417214449724,0.014694535886832893,-0.0011619840297077966,0.01277995685811617,0.0085008681594958,-0.008691723369428028,0.008301736576728613
2017-11-17,0.01618932829866382,0.004936856837539194,0.012026351450757033,-0.0006858890892937897,0.0013203234836063338,-0.00370076149215004,0.004602102022911669,0.0012465281405487083,-0.003818218876949664,-0.0029387478431924796,0.007412312077367922,-0.004351902968085519
2017-11-20,-0.007965704740163226,0.0051260314084877745,-0.012616010451388715,0.00022903397987250607,-0.0016010614041608306,0.002785861882854457,0.007275146390280041,0.0,-0.0007794853847536976,0.001706405635552688,-0.00039555475415431474,-0.0029533696065390247
2017-11-21,0.006794274401593192,0.013386937469789473,0.0016487064682373376,0.0020576638231364353,0.00018870832763662193,0.007408453541848825,0.010432406562239205,0.003320416602472731,0.010856160947273041,0.006543006868757972,0.003166145950624255,0.007464474551804656
2017-11-22,0.005521368416878447,0.0025163571011814767,0.009217308019892956,0.0015965504817214704,0.0032063044376746674,0.003217547251906039,-0.001323526476472714,0.0038892932497733845,0.0012220211653983792,-0.0008848788580190226,0.0032347427299110887,-0.0022344680318721055
2017-11-24,0.0030506905623433056,-0.0020915386877761177,-0.002527909692056296,0.0006837020524030901,-0.0008461835343446245,0.007025327487193644,0.00039748310107334817,-0.0011538080543050944,0.003660864545631526,0.002309987783757128,-0.0027521824524595617,0.0012965723911826377
2017-11-27,-0.0018248747388441844,-0.014671944044281293,0.004169409233999888,-0.003073482674850636,0.0006584974531758103,-0.005308288485690982,-0.003047282032069054,-0.0005777809020807156,-0.0004477030369877122,-0.0004995774782596829,-0.0014199975828862454,-0.004708889487980539
2017-11-28,-0.004265596521202397,0.007445009866111851,-0.0001628614521104188,0.003082958093137078,0.00018827873307936116,0.005641088529415139,0.015749070440078894,0.0014030427225497633,0.0025608489165158677,0.010145056058105784,0.001342973805228187,-0.0037846603851825478
2017-11-29,-0.006731903853377297,-0.01583603228511532,-0.0062698205225436565,-0.001251970579396522,-0.0031960569062332578,-0.0037900158348027624,0.0033356169295277738,-0.003957436735773312,-0.01743401191660432,-0.0006087088734787471,-0.009858954743578008,0.00035654669242446424
2017-11-30,-0.004313042840047299,-0.01094182017162093,-0.007702412605330111,0.00022787357044462553,-0.003112621073341426,0.0018262760285123747,0.0018260322605661017,-0.0011583528081188232,0.008384473346439103,0.00875505659122311,-0.0033453091108881505,0.00154261008025669
2017-12-01,0.008663381714136609,-0.005640117020551227,0.004046225185331043,-0.00032045613270148543,0.0036953654958489235,-0.0033420066344787003,-0.004100146610233835,0.0030910856940709053,-0.004254320887140173,-0.002075506958902351,0.01349448436774181,0.0023699749261894
2017-12-04,-0.01226993058358794,0.0019635352723748056,-0.00337195530112111,-0.0003433550509100991,-0.00047197812611110557,-0.004877366636188651,-0.003725187560342569,0.0015737797222559191,-0.011521778557041618,-0.00120976978299836,0.00047378029761069307,-0.004965304499041534
2017-12-05,0.0,-0.0006532966118476535,-0.007096885692240984,-0.0005721186309675108,0.0007555738260660583,-0.001684710542392387,-0.009970866120292965,0.0019021304163631125,0.0006551973716140136,-0.003596666277855709,0.004976081303072144,-0.00831671953926083
2017-12-06,-0.016770220714452888,-0.013507554292344848,-0.002077792558461522,-0.0009161830489577971,0.0020764114904918696,-0.002608154500256532,-0.004703428091880957,0.0018983511895942495,0.0045149494900502685,0.00018989117373813258,0.003458333110685219,-0.0009581235591397119
2017-12-07,0.0031586111488584034,0.002870769273742191,-0.01315900587216201,0.0004579052864313038,-0.0017898840386408876,0.00230725467017856,0.00698911948981884,-0.001976832353147273,0.0033879176760251983,0.003153073728678679,-0.007832302856643936,0.0025181257884536734
2017-12-08,0.00503775152618946,0.011671796663506928,-8.434894941455884e-05,0.0010316166254042969,-0.0007546159676982134,0.006138642374246217,0.0009256910342372304,-0.0012386500134533573,0.004414726998688723,0.0054528918067904275,7.884456055684552e-05,0.005143849977792714
2017-12-11,0.002506249898841739,0.005006302286890474,-0.003966924437765251,0.00022884745238704873,-0.0006609290413387425,0.001677998519900692,-0.0003960061454245656,0.0007439434841820525,0.0077571688796727045,0.0030129550193664922,-0.0020521401889384006,-0.00011906907535463862
2017-12-12,-0.00875001559846389,-0.006714029960899204,0.0011863349471583629,-0.00045772469265326077,-0.0008507011622156391,0.001218284025921168,-0.0031057211247358385,-0.0007433904437053052,-0.001346933785280835,0.0017651486405758643,-0.0003954567840190881,0.004879655716522713
2017-12-13,-0.004413520419448758,0.011992850119892928,0.008633065001213636,0.0005725860853911247,0.004066846661916257,0.0036499539857672847,0.005965000970754142,0.003471932513686271,0.0019268307272117813,-0.0001126229847553395,0.007516727180614247,0.0016581966783675295
2017-12-14,0.0031665409813625978,-0.007326049164482762,-0.002013911785324396,-0.002059726833015696,-0.00037728373420964356,-0.0048490567676409135,-0.011068398431535065,0.0018118919690950364,-0.0007051493461280867,-0.004086153714661256,0.004240987037651411,-0.00023661762330551284
2017-12-15,0.0,0.0021705333718622377,0.0021020768465358497,0.00011448575679939843,-0.00018836568753566318,0.0,0.014256929721400136,0.0013975622979458535,0.011354951673469449,0.008327242906416066,0.0037538129577543433,0.006268612356381098
2017-12-18,0.004419163910282409,0.011262831839155663,0.004614893860962033,0.0010322077799225227,-0.0022612484144638456,0.011725334845661628,0.013531360150478733,-0.0029556492201818774,0.008384035961571223,0.006341503255571812,-0.009115607186986563,0.006582174842914679
2017-12-19,0.0075424494537270625,-0.005283317792112996,0.0007516606979649509,-0.0020621522372884504,-0.004533442956396128,-0.0034850356888029843,-0.007906397807123655,-0.005105597923437455,-0.005925688239089455,-0.0038403345488741136,-0.012973267892353535,-0.021251490897141734
2017-12-20,0.0056145780446192894,0.0013114752128782214,0.002670670135530351,0.000803350452276641,-0.002941171326225067,-0.0018325257842355391,0.0019596467279123786,-0.002649031723357287,-0.0010775639042091,-0.0005241007052484425,-0.011073217054370033,-0.011572979727841215
2017-12-21,0.0006201334707489625,0.006548487524557389,0.0014150005810633637,0.0010484840651043825,0.000705030265516049,0.004130808795675733,0.004378213296619249,0.0026941551224290983,0.00012666281949180735,0.0020594316440012417,0.00582836669270681,-0.003873250425426411
2017-12-22,0.004339852471450856,0.008458284740199717,0.005236513137702126,0.0009200811841882928,0.00038110374059274754,0.00259036206921337,-0.0018244418235223714,0.0007470674654139753,-0.0011423723074420744,-0.00026161661103307754,0.001363767649332992,0.006890907607091101
2017-12-26,0.014814720941724868,-0.0008601492987497794,0.006862859144246114,0.001494505807890345,0.0003806080880095486,-0.00045595913715001934,0.0005871493727176436,0.0013264645457091717,-0.0054008530899914975,-0.0011961638222229842,0.0029658427193477443,0.005010425792086437
2017-12-27,0.0024330748322836104,0.0025828665579412657,0.0037776687734956127,0.0004586967732931324,0.004282664248424384,0.002432841834300037,-0.0009781548715481758,0.005545431301891224,0.00012737739899670864,0.00048685513775503786,0.013025582144059245,0.0032832127752533413
2017-12-28,0.004854270247168113,0.006869867340492775,0.005072364396301321,-0.0004584864670301725,-0.001231843176639713,0.0010616832404128917,0.003918103729059874,-0.0006581575933866102,0.0012136287551132163,0.0020574560046742185,-0.0008682372680332007,0.005332523004192735
2017-12-29,0.003019577631052872,0.004690765835473343,0.006512031434223742,0.0014915368430554743,0.0016131944725801262,0.0013635101669129401,-0.008261265201940038,0.001318018512480812,-0.006188918298051016,-0.0037707766904130358,0.0015795460555447782,0.00036171368767479173
2018-01-02,0.004816209105975133,0.01888776622952948,0.012131014811884722,0.0009164296127606164,-0.0033160411813991653,0.007262965485775874,0.009445239817004847,-0.0066636127683687985,0.017527187910125752,0.007157599881102872,-0.010799542641990456,-0.0037361899673806764
2018-01-03,0.005991844835185001,0.00958137009031823,-0.002636850395774437,0.004809630731468895,0.0010457567562438541,0.006609510395926055,0.0010395782201180204,0.001821926182809852,0.009716380853562079,0.0063249721900249245,0.004781218166999501,-0.0029029467113977914
2018-01-04,-0.0011912447308197738,0.004951611293646518,0.00512737855482448,0.0017093984040459365,-0.0004747997457366093,0.009849240338964949,0.002661050002191079,-0.000331053674007431,0.0017496969804138285,0.004214904787501084,-0.00015847156712389676,-0.01722675388804007
2018-01-05,-0.003577996461891386,0.008622553354952212,-0.0010361649479244672,0.0006822730355511286,-0.0012350307809217975,0.005172282573140841,0.0020715941812667893,-0.0003305755423470558,0.010042859147328276,0.006663868014814778,-0.0028556690989451905,0.0004939199390090465
2018-01-08,-0.0005983053168976404,0.0,-0.00015961279955856167,-0.0007954203265613247,-0.00047526258257690746,-0.0007352493253091064,0.001550674485063963,-8.290219850415337e-05,0.003891288589670916,0.0018287492457935706,-0.000636182461295598,0.005181551690018438
2018-01-09,0.006586784525180134,-0.0016283017395558597,-0.0046284750854691525,-0.0030723751652869113,-0.004757600220598679,0.001912623480316178,-0.0013545897151125974,-0.0036394310505646343,6.142501281902746e-05,0.0022634440313427096,-0.013372976349433796,-0.01288761323755383
2018-01-10,0.0035692814712284804,-0.006320158484424465,0.002405158456580736,-0.002167614184040212,-0.00028648096670080836,-0.0017620234403578072,0.00012907970639153277,0.0006637562448983392,-0.002337666679293804,-0.001529527282363552,-0.0012099436490370374,-0.01119156750296002
2018-01-11,-0.0005928982332675803,0.00615520233291722,0.003279242310744168,0.003316270706197333,0.0006691458713357079,0.006619412904918853,0.017179010991179133,0.0024068267707346713,0.006844241337802037,0.0072960621951458915,0.004119594681901928,-0.0033952556934359057
2018-01-12,0.006524344658495496,0.009583840319080883,0.012117319941670202,-0.0017101832944306228,-0.0006686984145524155,0.009937196665722237,0.004190578742243378,0.00016540981542512156,0.007349020683619534,0.006518518036156884,0.0016891995773848922,-0.008075671575614729
2018-01-16,-0.004714172389546967,-0.003837408170224821,0.0016540570729914883,-0.0005709263204383141,0.0004782505149070193,-0.0015916127220416687,-0.01277208758710302,0.0009104438855129793,-0.0028576184636071034,-0.0034180587218071157,0.00417620134665575,0.0019082203218372396
2018-01-17,0.0011842588411012933,0.013179064916442051,-0.008099385028916384,0.00011511957193177658,-0.0021984257121945294,0.006231992694570865,0.009478716020214772,-0.0027288471942964465,0.010791553086505035,0.009531728806716266,-0.001359580341339539,0.006982911201799169
2018-01-18,0.0,0.0012007204139152794,-0.002219746160232239,-0.0010289382103654265,-0.003161331497319564,-0.0018724742693138063,-0.006852051562362682,-0.0038968609419985922,0.00018115871753598967,-0.001681108007726917,-0.00928964508656449,-0.012860681561918996
2018-01-19,-0.0017740869239220025,0.008195098084365027,0.004449368789751107,0.0010299980146792898,-0.0025946262042830792,0.005338940846475904,0.013160021387609078,-0.0030797680982543874,0.0031359603958707183,0.0045496327485854415,-0.005254546649743674,0.00536501481509255
2018-01-22,0.002369586376565591,0.005749511005964214,0.0018193589642852004,0.0009132971329970374,-0.00038581266369996925,0.005885067596569593,0.005359076310939459,-0.0009180778506957532,0.010700287368265338,0.008130928448754515,0.0009752505044178239,0.009147119203291032
2018-01-23,0.0070922208042654145,0.004730837512187058,0.004974316982453653,0.0029673271449459637,0.0028920062488340115,0.0028538498385515254,0.003198602213902335,0.004345465942583671,0.008268403646372047,0.0021225859758629007,0.0043028558891988755,0.013848673775544551
2018-01-24,0.010563380048596471,0.008436319742233689,0.012177899643490031,-0.0014795404262447631,-0.0019224739280782055,0.0028457285565697266,-0.006188881981050054,-0.0006659526671733973,-0.0064893773627571205,-0.0003889410623382217,-0.005416144197539552,-0.005215396882932377
2018-01-25,-0.005807164409766141,-0.0005837912424541125,-0.006675468432262743,-0.0006836509333816299,0.002214992719786757,-0.003972784040921051,0.00037723617012175303,0.0050788845324833964,-0.00035629889085264654,0.0004243811779407469,0.008208844230862544,-0.0017476231050559399
2018-01-26,0.00759334402320988,0.013821580276142775,0.0007814808358339587,0.0007986944891815728,-0.0029779810848064026,0.009116848698998536,0.0035840372844313517,-0.001325132702538867,0.015325358001722966,0.011577682881594553,-0.003708020733486306,-0.003501041052463849
2018-01-29,-0.0028984019324859167,-0.015169041438587105,-0.005621994291566623,-0.003532881165439372,-0.0025063576875736793,-0.0093165300517708,-0.005638852241872105,-0.002654287404440958,-0.004855853861026049,-0.006629782791269245,-0.0069586885951672395,-0.01342704065782796
2018-01-30,-0.006976830968887016,-0.01364809153644897,-0.004318770545372663,-0.0034302486990528402,-0.0023181156756792998,-0.006554848606419306,-0.009578085839890504,-0.003410384320863491,-0.008230474457919135,-0.010257007916900762,-0.005866379261345256,-0.007250339570068931
2018-01-31,0.001170886796994841,0.008697522843435612,0.006703457836465088,0.0017215650530351123,0.0002901703717157478,-0.0027250515371289863,-0.005216888751152116,0.002086317034767138,0.004149198052035619,0.0004969005993855635,0.005900996746278864,0.017937022794256352
2018-02-01,0.009941590754789509,-0.01352132271760298,0.003290292152912322,-0.001887517749939449,-0.005158384747310563,0.0037392814013057496,0.0031340050831916155,-0.004417311728303397,-0.008500630794223696,-0.001135348896542876,-0.01449282132953611,-0.021522886068543357
2018-02-02,-0.01621311524772351,-0.0256257857666512,-0.013117887393550687,-0.006337694048817011,-0.003703806194163106,-0.02120652426575409,-0.019254058314209455,-0.005116369741446358,-0.019944933939681553,-0.021769849191433877,-0.009278858931763945,-0.008489746572996837
2018-02-05,-0.009417245523405726,-0.035066378519959085,0.002531843471552664,-0.005567453614634399,0.008217713035864271,-0.04128243949803556,-0.038419143705949454,0.000589974430456941,-0.03942631429350041,-0.04182242449512619,0.009449178200053865,-0.02970928959395802
2018-02-06,-0.005941800237253769,0.0325376311535317,-0.010496423649786535,0.006064569674147702,-0.004366368398458831,0.02046136465006909,0.01196601345463355,-0.0020226495104392894,0.02649851342684828,0.019702098831277937,-0.006212623729094258,0.00013367998606073073
2018-02-07,-0.011356705353929297,-0.031512295699267945,-0.004705665583148222,-0.0037096240205028996,-0.0029238572134705487,-0.013317334594046826,0.0010020646794581811,-0.002786095736354355,-0.012938239768977788,-0.005424661585798907,-0.009503271126625634,-0.004278019701435709
2018-02-08,-0.010278184172686222,-0.03465039144761295,0.0015225774502147793,-0.008727073557179388,0.0008797652905470077,-0.024416197948079255,-0.02936465990265813,-0.004318016824669257,-0.042194431587495695,-0.03750909601294605,-0.0010943897517092793,-0.02873285239853196
2018-02-09,-0.01466107896053892,0.015977422503390404,-0.0016803225174144565,-0.002817487919262174,-0.0017578942381339946,0.004041463607306506,0.009144831736836778,-0.003231308802345567,0.01726955037705724,0.015021602084107855,-0.006319078895566821,0.025021073414766226
2018-02-12,0.006199729302077905,0.015725862990897843,0.004808897328354433,0.006827830164412463,-0.0002931237799430608,0.01532762410705546,0.009470439892687033,0.0,0.017744962856613533,0.014684385285413493,0.004409414999336558,0.00040436150953993
2018-02-13,0.00184841714469286,0.007635109515777172,0.0056632293923437604,-0.0031566734409266273,0.0016634099796686286,-0.00335456980224047,0.0021600491499185193,-0.00034107673120631343,0.005161214321453889,0.0024876059519578497,0.004473698255883285,0.007010061190358519
2018-02-14,0.015375126061589972,0.025047569354460508,0.017052616317100977,0.00175897990783902,-0.006057055185206162,0.018359648605386747,0.017982262593551734,-0.0036693814621869825,0.01872381067832629,0.013496050557851191,-0.011093200095466105,-0.007229013853799149
2018-02-15,0.0018172057828917954,0.020533815624740548,0.001169844500285011,0.00807926965509087,0.00029495821049052573,0.0063101005435977076,0.010916125528073639,0.004710764898838038,0.018564393987687833,0.012760061224488473,0.003399215969507541,0.009708963932689718
2018-02-16,0.0018136367368750683,-0.0032191620925392517,-0.003271582663696204,0.004064785071130839,0.0023579767499537496,0.0034337868017371154,0.0035342078624553963,0.002983853074459919,-0.0044662207367595075,0.0002929317209465765,0.0054206922397235235,0.0054753304724097784
2018-02-20,0.0030175506863896473,-0.013726432932269828,-0.013441710167313103,-0.0034703433460079314,-0.0010781707091012116,-0.007885536525905845,-0.008217332788989395,-0.004250027458405303,0.0020008232147736837,-0.006260863818283058,-0.004380491429604283,-0.011820781184718854
2018-02-21,-0.0012032260956718055,-0.0008187905205919721,-0.004594377467322608,-0.004526629560262729,-0.002944139349376873,-0.00509921690362003,0.0010521305143487147,-0.0054629947951266855,-0.0028438844956448772,-0.004974454702285969,-0.012268267030933533,-0.019758077078908975
2018-02-22,0.009035882385119098,0.0006146430280706827,0.005093103382117992,0.0006992994639203332,0.0013780670651466487,0.005426752504377408,-0.0015767587839555786,0.0013734028683181077,-0.00012115809580448555,0.0012960545433837733,0.002998089985830399,0.011380547905114335
2018-02-23,0.006567123490812454,0.017809760548047393,-0.0012668539845070992,0.006642097388367851,0.003833011748205495,0.008396002873195973,0.013026860000841634,0.00462797682209759,0.020449223191767008,0.015939302134909905,0.00888219534379453,0.01599774913673313
2018-02-26,0.005338313055874844,0.009251470352907631,0.0024575674654647717,0.001736511363846338,0.0011748779621270078,0.008176876962462387,0.006559126572245333,0.0012800974311737434,0.013260189754162433,0.011612381631426638,0.00033840412103880446,0.0028024224045433144
2018-02-27,-0.010029500998617658,-0.029095047625637305,-0.01043890649807222,-0.0026579228273178046,-0.0031292414552648307,-0.01415705041849491,-0.014388144487802568,-0.00434578328379609,-0.012382948601648458,-0.012486624939443192,-0.001438457270112381,-0.023286554408748272
2018-02-28,-0.010726987512743258,-0.01436784608009356,-0.0010388975966705294,-0.00150641646457228,0.0023545461535667833,-0.010620785625147566,-0.015776563195915583,0.0018828153085148625,-0.0064170948264842265,-0.010130187943692248,0.00635570465405344,-0.0006814814103089928
2018-03-01,0.0018069454359015413,-0.0018742666498912097,-0.0022399902343750444,-0.006628347101961807,0.004303320466209293,-0.014665957431089671,-0.0026603680598666912,-0.0010280877731774218,-0.01632707576041237,-0.014540433566028521,0.006826463425054108,0.0009544135333858783
2018-03-02,0.0,0.004172911140932101,0.005372018620811936,0.0056293281024180075,-0.003709098372370212,0.003836116554121638,0.01600568746924269,-0.003172297628453169,0.009180421903510094,0.005154809622862411,-0.00812940301453835,-0.0004088057954931834
2018-03-05,0.006013327648215938,0.0014542830639547866,-0.0016747674096407872,0.0,-0.0012734155714601014,0.006114644905058864,0.008926703867636387,-0.00034469048523089185,0.011085122711642859,0.011557924100889627,-0.0027036781022820033,0.01130957276596023
2018-03-06,0.0035865515744537557,0.009336241540325974,0.010784458146907872,0.0013991156148978057,-9.818378005754802e-05,0.006988530397512571,0.010799547550017996,0.0008611543691765533,0.00423058286050626,0.002535206454527872,0.0009319442059081418,0.004715710644263238
2018-03-07,-0.010720732287314183,0.0010276705594181035,-0.006401624645603676,-0.0024454200891057543,0.0,-0.0015088079038945157,0.008817721002219114,-0.00034442583640037494,0.0023140609083498465,-0.00036652423013439073,-0.0011005681838320847,0.0061689516683394174
2018-03-08,-0.0060205669881117085,0.00020522905189346297,-0.0023862794212923255,0.0011673016766104993,0.0020599017669775677,0.0036267289629230426,-0.0020419147090868783,0.0019781562083325266,0.005505442006263683,0.0048390064432408675,0.005762373098032958,0.001865602140663114
2018-03-09,0.009691172036580209,0.021350914337272986,0.0009568071147663115,0.0036148356814120763,-0.002153658862340313,0.005721030780169611,0.015982765429860768,-0.003519083037808235,0.01942735030842324,0.017402458324784043,-0.006571687060428544,0.005454070081085671
2018-03-12,-0.001799763960723122,0.0024121521868329943,0.0,-0.0016265590161209653,0.0023545332235548333,0.002395256273402646,0.0017618747052081662,0.0012921094683073786,0.005312921898126044,-0.001255373185082509,0.005766532592604623,0.004366359811403875
2018-03-13,-0.0030047211623641656,-0.00902387279891148,0.0019117242474055995,-0.0031421086872416293,0.0016646325348599333,-0.0073178299642223665,-0.004647943708991242,8.62669302108543e-05,-0.013614391208496501,-0.006462289355624651,0.005059841351302552,0.0009224318371852114
2018-03-14,0.0,0.0016190253834225121,-0.0006360457292980959,-0.0011675727009143877,0.0019541293747145083,0.0028582904832350486,-0.004733237838464244,0.0022364922461579617,-0.00017510025660150141,-0.005132107309788525,0.008809545577401323,0.0009212404901097759
2018-03-15,-0.0006029049315406931,-0.003636178565562531,-0.006364323323672649,0.0007012811099371685,-0.00038984889664350764,-0.0005999068473091507,-0.00500949768997816,0.0010295104070432437,-0.0008729386762686975,-0.0010894051378197434,0.0,-0.0002629985337678775
2018-03-16,0.003618863483237922,-0.00223025471377436,-0.0024019459414951205,0.00210243676590105,-0.0011714349957857584,-0.0021014477552847577,0.005608234790352107,0.0011152093515498507,-0.002973359185370228,0.0010841805701009566,-0.0035758369415821445,0.006970714840320635
2018-03-19,-0.006610467905125539,-0.01077036749934801,0.0021669685053569143,-0.004079836595482167,-0.0009768179590401438,-0.007370886735689419,-0.009632606399938903,-0.0033404308371333125,-0.021336066766672768,-0.013530326408519033,-0.003172355822715023,-0.008620665131111704
2018-03-20,0.006654456979414025,0.011092756483649824,-0.004484705499084418,0.00198992938287601,-0.0019553667227585336,-0.00015127730470199108,-0.0002557476807206749,-0.003523273599407406,0.0032913409260308946,0.001700872559018407,-0.004019003707826707,-0.0034254652325219626
2018-03-21,0.018029004873554078,0.005891929549229014,0.01745640608927701,0.0003505304051740765,0.0006856023418335688,0.001970086996500031,0.005824177319964541,-0.0006034978316313833,-0.004354557223807287,-0.0019192811329624693,0.0010931541252907628,-0.007403326999814608
2018-03-22,-0.0076742281589776695,-0.03332627739211669,-0.003953194075975608,-0.005954828119696387,0.00411223276976358,-0.018151515507637717,-0.021927528101895133,0.0017255821585104858,-0.02468225772855026,-0.02499716957187248,0.00990940316765232,-0.005860512333280443
2018-03-23,0.00892320367807109,-0.020267615715309883,0.012938539529958382,-0.0025835720700991827,0.0013651901556390733,-0.011246255545308448,-0.021519328313554964,-0.003187040978850808,-0.026351667341592,-0.021314643228145913,-0.0007486340198924468,-0.017818713014750465
2018-03-26,0.0005895524442947053,0.03241615845468382,0.005250357853935794,0.0064763781491847805,-0.002726479248091329,0.01822996727265469,0.02185926898971946,0.0035431508334022865,0.03715853834400318,0.027359346681828933,-0.0038277048153115834,0.011376519132175744
2018-03-27,-0.00412476789746985,-0.018178093636782577,-0.0061584106879087885,-0.0009364336099129122,0.005663224244421894,-0.007651174571604247,-0.019369878476579006,0.0036167289889803556,-0.03235999607090112,-0.017011509931537994,0.010692403802153416,0.0038132787314977268
2018-03-28,-0.004142052316972178,-0.00504934616773467,-0.01380496145836152,-0.0004681119069535056,-0.00019425759929314612,0.004780322759001976,-0.0003329617332556989,0.002659276283833778,-0.011503596627204682,-0.0029551654967346908,0.002644841116424379,0.025098077304410715
2018-03-29,0.008912532794312256,0.020934511510630083,0.0004771936450476133,0.0033977978304171597,0.0020392547860483834,0.011049526960382305,0.010112725984964488,0.004535792657181625,0.018314503421560158,0.012777309549036442,0.004863621297318765,-0.0011910140325962493
2018-04-02,-0.013545330213926787,-0.018019837712830222,0.011686153191860393,-0.0038808236159126874,0.0010194637835645448,-0.015330701573774808,-0.024369341256955335,-0.000538854145241352,-0.02885120756026227,-0.021584361766946336,0.0019727262861795047,-0.013515275448022002
2018-04-03,0.005373235727441417,0.009913440001746876,-0.007543604183229413,0.0028249890632197072,-0.0032003092134250677,0.007091027036277842,0.01431144359586467,-0.0026492453394842963,0.011253214249254295,0.012816911487834481,-0.007712208053366032,0.008462156593079584
2018-04-04,-0.004156676437966578,0.00041787042783214545,0.0011876001018218396,0.0022294993524940576,-0.0005837749586737884,0.0026022572592183657,0.012712585310394653,0.0,0.01577014555557721,0.010699207210550732,-0.0020675369219848028,0.010522249043091403
2018-04-05,0.004770392891495723,0.0025052190469705415,-0.005140323544257752,0.000820376031291703,-0.0025309908191628594,0.006870190454513647,0.008280686532360804,0.000342606935002987,0.005696579369294463,0.007891992538313408,-0.007456901333975363,-0.0003957208536631285
2018-04-06,-0.007121750318993203,-0.019575207560556418,0.004689954877408642,-0.002223122106747022,0.004391538822552832,-0.007733083121233886,-0.01994518952946156,0.002998897563087244,-0.025023174139129578,-0.02228594939627626,0.01093566657573497,-0.007515916700220782
2018-04-09,0.012552424821178132,0.0010621355628224194,0.0034021703240154633,0.003752369634914432,0.0001937229837860599,0.009321748890643189,0.0011967807203396852,0.0005125424090353103,0.007022808010213266,0.0049285292317728935,0.00165184471154034,-0.0031880012595347784
2018-04-10,0.01711900177700465,0.01952044003916309,0.0023655815524343815,0.0036220464251639495,-0.0017480624558657842,0.011203285275112496,0.018865860370216314,0.0002559250033999927,0.02206305748676618,0.015900203764348975,-0.0018140013660205012,-0.001066362316361591
2018-04-11,0.007545195128950022,0.00041610594047702953,0.007787899955785216,0.00034944445195872476,0.0009734207647351667,-0.00479101083546718,0.002151335914277741,0.0006828363811441918,-0.005768903324866237,-0.005242269975182734,0.0035516135362578805,0.0021346587088224567
2018-04-12,-0.00403223238758188,-0.0004159328683397412,-0.011630613197024187,0.0036072429806583983,-0.0035972283151489703,0.004362858955031079,0.006830604535177809,-0.002729481735146533,0.0120416141455566,0.008227459685316907,-0.0073241224292652785,-0.011183684437426011
2018-04-13,0.000578169577228449,-0.00998959306173608,0.006555000660688037,0.000580245421627712,0.0008780469148348402,0.0002995772761889004,-0.005233705590649507,0.0003419037199123842,-0.005178371176240759,-0.0029334288241548157,0.002320713176038769,0.0052511867204858564
2018-04-16,-0.003468186609174362,0.001261298996420468,0.0014123209845888773,0.0015061421312112522,-0.00048756438510466626,0.0014972182705994541,0.009224099524192342,8.58341312663935e-05,0.007621971235817426,0.008221802203300266,0.00033116681947253923,0.006161472936796919
2018-04-17,0.0005800427981945688,0.002099356594807089,0.0009402393572395251,0.0004630555512823431,0.0005849875003471894,0.005981015756396202,0.010877186251248672,8.556850934238192e-05,0.02152535756799856,0.010698442366156469,0.002728551954619407,0.011714359843317146
2018-04-18,0.018550805573029905,0.008590001740840458,0.0007827669207129961,-0.0010410752036438264,-0.0038987078700835065,0.004904857671975238,0.002674007499872788,-0.005129195241937223,0.0020467862537221215,0.0007402614668508001,-0.007998851657375461,-0.00210543728824919
2018-04-19,-0.003984038678206958,-0.00581602022652461,-0.001955416527053,-0.003126145885960274,-0.002740368604088883,-0.003549804148985869,-0.0069216880449840534,-0.0037807273320966672,-0.009192447982470209,-0.005547440179182073,-0.008146080166156588,-0.01450390642934607
2018-04-20,-0.0017144038023320096,-0.012536848100503817,-0.007601890535287481,-0.002438885207645569,-0.003335996127041607,-0.005046629097639088,-0.00537103607340772,-0.0040537141662089216,-0.015826451988634194,-0.008479587235559638,-0.0072078401995993024,-0.009232040762420901
2018-04-23,-0.0005724062972828348,-0.008040787598256438,-0.007975949843974872,-0.002677703388154873,-0.0009846451265025369,-0.0014919986315631295,-0.0014787022063289523,-0.00043305154752271147,-0.002526625955409534,-0.0001501695171639561,0.0002537315778048388,-0.0008105470009760474
2018-04-24,-0.005154477992731277,-0.0046926705309123795,0.004855919415812648,-0.0019850580469382706,-0.0011826484718896468,-0.004183356605434008,-0.0057301489294459,-0.002945869270475354,-0.02118724610618894,-0.013467157806583363,-0.004557594359595241,0.003784417973771159
2018-04-25,0.001726974843107465,-0.007715289492449706,-0.006496075996334616,0.00011697253180686928,-0.0021707410457383336,-0.0022507944055724094,-0.00148953568468424,-0.003128433235416339,0.0011991092736316489,0.002471826326649662,-0.0066977656884253944,-0.0018850059257367047
2018-04-26,0.005172446431150668,0.014471021797153316,-0.0035085115107064135,0.0035094415877414686,0.0028678045089562954,0.005263358221084813,0.004604900981032722,0.0029642841155554933,0.02105251761779514,0.010165353393096321,0.006998907750513261,0.013085281358559131
2018-04-27,-0.00057175171180468,0.006173875502628823,0.004241008034887361,-0.00046640141363485377,0.001676372360553291,0.0011966227914721461,-0.0014200225020789548,0.002259174137299924,0.0006172582595080911,0.0009392127903129488,0.007713347612987587,0.017177058585831517
2018-04-30,0.004576759455288126,-0.0071943736003348135,-0.007251025196090666,-0.0006998274662093351,0.001082625736580356,-0.004332801309214429,-0.008856545774060254,-0.0008668806450821132,-0.007094734813489434,-0.0076907652159576845,0.001766181980406678,-0.0039273132413504275
2018-05-01,-0.005694917318572967,-0.004901879909799622,-0.007063145351023148,0.0007382236134294562,-0.0015667543339470402,-0.0016508254200424677,0.004891523416949317,-0.0027071575946401305,0.011433286032928924,0.0017770192403216978,-0.003601168819011513,0.009068111063301965
2018-05-02,0.0,-0.007924592902820993,-0.0004849855228984401,-0.0003508777605506497,0.00019761728215894614,-0.0006011525677477314,0.0037644549846949094,-0.0007852500233971327,-0.005897864814761289,-0.006717442657681261,-0.0010982676676128955,-0.0036464329270718965
2018-05-03,0.006300204685423916,-0.0021589276086810827,0.005095004008440096,-0.00011738236648517475,0.0025650903512384193,0.0030080852764102772,-0.005431357355874078,0.00017452020755448494,-0.00012370036498055015,-0.002203672836039061,0.0044808180274835685,-0.000654215119089252
2018-05-04,0.006829908994682388,0.004543438266679134,0.002092067418605348,0.0007026911229159882,9.867128367924138e-05,0.0031488997974027377,0.012482937055525944,0.0013973209772373263,0.018974233409302155,0.012946074111123806,0.001515283233306075,0.01098806681487341
2018-05-07,-0.000565415052717122,-0.005814959529191754,0.0002408766587147504,0.0009363534370356863,-0.0004928580550813688,0.0005979007300729311,0.008476245006268979,-0.0011330386090349087,0.008309661082430031,0.0033832982516648347,-0.0015966076646246607,0.006727981960904517
2018-05-08,0.0028280366158803805,0.0056325483138226495,0.00016052535213439967,-0.0015198143370678263,-0.0016730343893015531,0.00029884472498187264,0.004966636043366668,-0.00035002744204626346,-0.0010224829408344016,0.0,-0.0009262036180327504,-0.005012412555703394
2018-05-09,0.009024132790566686,0.0019388685568686448,-0.0020868008225221057,0.0016393752102734638,-0.002267829991977277,0.0020908502606191703,0.0053851928482231415,-0.00017485577467768465,0.010898766950968586,0.009665814113798188,-0.005982154290880448,0.006716884537327994
2018-05-10,0.0050309018232637115,0.020855512802457454,0.0068366320405601755,0.002923967357703283,0.0020755970458155026,0.005961112622566267,0.00535666625101805,0.005066792729849778,0.010364371819281182,0.009350793242059341,0.008052265189518515,0.007826449769512633
2018-05-11,-0.006117870405166537,-0.0016850808075692392,-0.0014379318160805399,-0.0003500759482252258,9.85344954573808e-05,0.0031109682933152527,0.0019434209169344463,0.0017380400123565565,-0.0009430549985132153,0.0030514653307061046,0.0025232425303847172,-0.0034376216297783424
2018-05-14,0.007274779374006446,0.0012660162996336322,-0.004080017089843735,0.0002337118736106536,-0.002169618579269006,0.0011817852086619673,-0.0038165124160443042,-0.0018219629863188702,0.001711226279055289,0.00047630539992860044,-0.005284685982202553,-0.008558813863971615
2018-05-15,0.0011111040783660098,-0.020648935380655042,-0.01614583132241265,-0.004898546364521805,-0.005533901629202753,-0.007965904194349838,0.00018866954761409538,-0.007561660543971782,-0.011074985470204579,-0.0068869598041889635,-0.011382949688433008,-0.016235147493260715
2018-05-16,0.0055494170799053055,0.015060174770597845,-0.0015512935679184991,0.0012887767083391566,-0.0020871471126223673,0.0022304950481237817,0.010423083551943657,-0.0013136862824999485,0.0066120619569913774,0.004204786712373565,-0.003837357836648958,-0.003012275922375851
2018-05-17,0.0011035589917554045,-0.015260510010504658,0.0005724073456552237,0.0005854884159726126,-0.0005968857438523045,0.0014836631756176555,0.004598450028390433,-0.0019292273809756733,-0.003846733681946546,-0.000844495173612958,-0.005051542510970175,-0.004992066371793058
2018-05-18,0.0005513267068415484,-0.008394464198637985,0.0004086552101045804,-0.0010524680078541904,0.003885490165359773,-0.003703699145803041,0.0012992723220828228,0.0041295220242349995,-0.005168238089121258,-0.002499921816114803,0.008605603288358354,0.0013200000244104615
2018-05-21,0.007713699283564468,0.006077641451964544,0.0005718461950008358,0.0014049938141451612,0.0006953711094173087,0.006245357071028135,0.006610169174140923,0.0006125581807268077,0.005613121650802411,0.007518497798224999,0.0005115847096319737,0.011867386586781548
2018-05-22,0.0010933016754646196,0.0034522264454204254,-0.0005715193738216051,0.0007017805047031533,-0.00039731195162773236,-0.0010344565146281903,-0.007242040669276473,-0.0010497203028814184,-0.0013062020528619156,-0.002780208038124732,-0.0015352622260202953,0.0014333667816812667
2018-05-23,0.0054615240739293025,-0.0004300806290384873,0.001061982268841355,0.0008181809560698916,0.004564463454223677,-0.010502879325095527,0.0012980526191743724,0.0042896095586866245,0.008443242957418162,0.002751006178725479,0.007259684110755504,0.010019473585024086
2018-05-24,-0.006518033350189412,-0.005377483498518076,0.00856859323093273,0.0005836491938382427,0.002568745244381221,-0.0029900235149048493,0.00037105975143258974,0.0027897890656898294,-0.000294544202784186,-0.002048192300525553,0.007969988531662198,-0.002061693327749081
2018-05-25,-0.014762255454158102,0.004108781368611147,-0.003074660285441455,-0.001633734628706307,0.003940737277036588,-0.0061478903646244865,-0.0017898629032777613,0.002954928094945908,0.0010025216890345856,-0.0023831629042141422,0.006224871748272687,0.003485930504162793
2018-05-29,-0.009434027815380386,-0.023260824656225476,-0.000162297242228715,-0.0042076374142155926,0.010794489265615104,-0.021122573427950986,-0.0013606817630954504,0.005287031279070931,-0.0044191055782518696,-0.011500917033667846,0.02190199651687874,0.004760159540599718
2018-05-30,0.01288526303256976,0.007938561671646083,0.001461160009810003,0.0030518848116323216,-0.0042720755483580675,0.016029643984935227,0.015849369375004807,-0.0038793010540698614,0.007160967681594688,0.013344893616272113,-0.0067075600261080615,0.013572142187678438
2018-05-31,-0.002765531517239017,-0.0004378081454360361,-0.00218857312515075,-0.0009362517050847119,-0.0004870111783504827,-0.004399260644907588,-0.007983725273887354,-0.0004326831036421952,-0.0006460340123843888,-0.006125854221497362,-0.0016470664073294783,-0.003410484007419945
2018-06-01,-0.006655594550847299,0.014007575824410257,-0.004955325896935703,0.00228245304141228,-0.0036952053911939453,0.006551847036409653,0.006573827637057494,-0.0019197050186884335,0.01569908143270826,0.009817428635403136,-0.00528352906910301,0.004436341715556402
2018-06-04,-0.011725345248866037,0.010144432628755418,-0.000979631964080463,0.002113273021301154,-0.003531422048299926,0.003935994742933602,0.005310167647743169,-0.00226293829022417,0.009031057082703908,0.004751761408180011,-0.0072323794836556266,0.008707889254594647
2018-06-05,0.0016949046685430513,-0.007692308445184537,0.003922495029546447,0.0011710277780649925,0.002559934350708115,-0.0012065539100679645,0.006192546799121956,0.0006985193589650329,0.003098190946036361,0.0007276407389111839,0.002344976206692273,-0.002627544055889941
2018-06-06,0.003384200899582135,0.015073543010023505,0.0005697980927446,0.0024569724781404734,-0.004026753158463459,0.00905816786062541,0.0072406315058104465,-0.0036616787188600286,0.005833777776227178,0.008360281825876559,-0.008103003904099237,0.0023836720557888214
2018-06-07,0.003934833286675765,-0.015273746653775677,-0.00048810250152531154,0.0003498969502655491,0.004240395018176857,-0.006283520008140919,-0.005451156129920198,0.0033247935379392413,-0.008131474971279196,-0.00010807557319469918,0.009684646866162216,0.0
2018-06-08,-0.0005600331611380627,-0.0019388685568686448,0.0012209142530825723,-0.0005826901969393505,-0.0013756078579751918,0.002107554584140914,0.003011490321542798,-0.0016567134115327287,5.705677240874785e-05,0.002956723440102449,-0.003002691611530439,0.0036291211457297745
2018-06-11,-0.0005601573900709811,0.0,0.0017884823744616085,0.0018674215642138225,-0.0009827388328496056,0.006911128920990661,0.0015014264916879405,-0.0009608151586927294,0.0026945824004622754,0.0013293112923307149,-0.0018400696703447794,-0.0014962707216461535
2018-06-12,-0.0005606610324458972,-0.002590311917056276,-0.0033271415316106223,0.0008158955685719782,-0.000590349036797333,-0.00686369305342438,0.004557001034892538,8.723992308889983e-05,0.005259505269325171,0.0012924338129172153,0.0002512622939050413,0.0059936668173345975
2018-06-13,0.003926069660548093,-0.0067082906606114046,0.003012561044629436,0.00034924151214710264,-0.0011817548691462898,0.0010515610697174882,-0.0039393589412271,-0.0009614803279760498,-5.641990505200756e-05,-0.003190827840875876,-0.0005031113129224662,-0.01948853295083275
2018-06-14,-0.011173239982480987,-0.006753695536934612,0.0015422908372948463,0.00290993008138396,0.0031549549144385125,-0.0022509571554718555,0.005333026822459841,0.004549729196965391,0.010124018496182163,0.0025181966620051455,0.008299452061004908,0.009494785231319414
2018-06-15,-0.024293761042850415,-0.007896667748076291,-0.01653429211330959,-0.0005805766746886931,0.0007865271098106419,-0.0057162353770957575,0.0002982264310527061,-0.001393522630619204,-0.0034910086912776084,-0.001276261420201319,0.0009148067181934394,-0.000626602775382068
2018-06-18,0.008685527471642418,-0.01216015493703304,-0.0018954650937899054,-0.00011563720390839194,0.0004905211601420323,-0.0077156834161373755,0.0047078834343514675,-0.0010466877383618067,-0.0005781286861485935,-0.0020566408554022475,-0.0009139706117375912,0.0002786002884347383
2018-06-19,-0.010332951151873715,-0.011038416761769199,-0.0025596363391253707,-0.0013941949931285391,0.0026507393656332034,-0.008674648208190971,5.932812397779763e-05,0.0005242855004163882,-0.002832236712841163,-0.0038325276892501314,0.005820947061554893,-0.0010131319293633645
2018-06-20,-0.0011600201657293585,0.0043281054742470015,-0.004470206141435118,0.0010467729387639846,-0.0032310487918109088,-0.0006261508772612556,0.008065749239291709,-0.0055852263029472216,0.007101976811227484,0.0017059095344631459,-0.008762361218849879,0.011153173735277022
2018-06-21,-0.007549313732695961,-0.014062080203194216,-0.001746208886931222,-0.0020910238741367326,0.0026517636266556455,-0.006422368464093164,-0.009354365679430932,-0.0007900356078200943,-0.008688034417047574,-0.006269093573675888,0.005253890333958067,0.004763564006935228
2018-06-22,0.019894681196466202,0.010351722169081645,0.0024156041546103957,0.00011613347438332866,0.0001959769410295742,0.011351205384895646,-0.0033261156483750387,0.0012295057107489793,-0.0022197831449631833,0.0018235804099755448,-8.30563285824093e-05,0.0078590385418158
2018-06-25,-0.011474655400832812,-0.013433585715382557,-0.0037393797734436296,-0.002328135746601512,0.0013711230548543174,-0.014341378892565593,-0.016326648566752255,-0.0009646783043261165,-0.022530262151684854,-0.013613021567771888,0.0022399618991564285,-0.002599440847179224
2018-06-26,0.00986658211610214,-0.003923452915834291,-0.0052547940330739396,-0.00011625725705344259,0.0004891310215333622,0.001265099309119,0.005815210211887356,0.003336350186521786,0.004084743113860201,0.0022140538395900577,0.0014074319985111217,0.0032267159985361893
2018-06-27,0.005172446431150668,-0.019230390053756263,-0.005701830395735019,-0.0021007635025036553,0.0038123222337989038,-0.009003287164710327,-0.016020337335594825,0.0034128502984864806,-0.01359914498701531,-0.008284359879662473,0.009423434099731898,-0.0038347795533648643
2018-06-28,-0.00057175171180468,0.008504556146605058,-0.00303593021413906,-0.0028060213143716872,-0.0009738037809813305,0.0027094948086443527,0.0030601527705771403,-0.0013077873801878859,0.008601851587082043,0.0057177837094621875,0.000245655790636512,0.00894085473196271
2018-06-29,0.011441640509038509,0.014991535394480726,0.003637288959023266,-0.002345468541742446,-0.0007797312559471026,0.007312068239662128,-0.000671303003960233,0.0005239398282117502,0.0026869138984260132,0.0014395924892609546,-0.00343818161834486,0.0024617223376111053
2018-07-02,-0.02092766236439303,-0.009923793199782427,-0.010029518972628937,0.0009566104686078436,-0.000684399222081078,-0.01009927003295874,0.006900156262740653,0.0001308726822846218,0.006699844252603837,0.00213789528881958,-0.0007825897850129993,-0.005525414137420803
2018-07-03,-0.001155198850991912,0.0006993762895843858,0.01013112932642235,0.00011788086537212195,0.002542650173550376,0.002550519072874735,0.003986461736166014,0.0036769712651505415,-0.011573929449995024,-0.00353121679769286,0.005356263958279817,0.007531219099718989
2018-07-05,0.005783653015266621,-0.0025622341672776328,0.003371272825408722,0.003773963172626349,9.727287715932675e-05,0.008427482612840098,0.01139691784409802,0.0031394720374453566,0.01241206983995502,0.008157749954215365,0.0028691746804727636,0.011885941303363845
2018-07-06,0.00460018604943202,0.013778253283713404,-0.0015959885471287238,0.00258560276755615,0.0008783907958784809,0.006149478656827911,0.008450966553151806,0.0013908672830984514,0.0155563159646952,0.008458316189285275,0.003268794430837829,0.005327984767679483
2018-07-09,0.005151850383260381,0.017968478582431446,0.0024398528860691826,0.0015233082133767617,-0.0025339067104864776,0.008775954106930772,0.006300467414143585,0.0006948576118055438,0.008997295885707413,0.009004330653377357,-0.006435449592781972,-0.007949744273960446
2018-07-10,-0.0022779540797707165,-0.0022628222819974786,-0.001846422307055895,0.00011640886397423778,-0.0007817126571610933,-0.00015527154733918636,-0.0045479555011511685,-0.001128056538411859,0.0007340488561946579,0.0035985715271842356,-8.259991747738837e-05,0.002063895179703401
2018-07-11,-0.03481732506510282,-0.019505665860243937,-0.010846724226159843,-0.0015212814216459813,0.002053756874720758,-0.0169361031455576,-0.008484891081909529,0.0019981062543188433,-0.00507585599853444,-0.007314492762709568,0.003854439806796117,-0.0032711997543594107
2018-07-12,0.00532226077176623,0.01364789488106033,0.004165231777556899,0.003164372723148512,-0.0003907158381556419,0.007744831644717065,0.004847098272444894,0.0021668730108090895,0.017231554702327845,0.009065795001651722,-8.144200897475251e-05,0.0030389529972754126
2018-07-13,0.0017648274669979092,0.0006844851588434508,-0.004401901762097649,0.0,0.0016596579380097065,0.0037639754302574158,-0.0029772652286077506,0.0007788502830161637,0.00083588830425807,0.0007878452759995103,0.0025323053286907538,-0.003029745742370693
2018-07-16,-0.021139229069882637,-0.005473069699159172,-0.0005101399394812356,-0.0007006944577706564,-0.0016569080374327916,0.00015631921944803118,-0.003882724132560633,-0.0016424806935421143,-0.002394271299913542,-0.0008942812964424229,-0.004155763181450833,-0.0053490818405439455
2018-07-17,0.0011996170807120343,0.007337794084914417,-0.01080394929383155,0.0003501261414271539,-0.0005856361272419397,0.0010934635329911124,0.004437634667377122,-0.0006927858778462692,0.006083316467265565,0.004045389021799295,-0.0018819418942046529,-0.006600041432169967
2018-07-18,0.008987496905366932,-0.0011380555906903567,0.00025798744076199753,0.0004675157536611074,-0.0007814836234441014,0.00031209831201706173,0.0028054539675868018,-0.0001729923421710522,-0.0018860485807231653,0.002103050642831006,-0.004017347778731972,-0.004429553083674209
2018-07-19,-0.0011877749475943666,-0.01230637312323457,-0.004298856594405098,-0.00046729728481886834,0.002737153830021377,-0.0024959326042027774,0.00708411065404424,0.0015593621608673836,-0.00500187349923098,-0.0037709837787618383,0.006338294605349404,0.011740480926953456
2018-07-20,0.007134588091949778,0.014305531098919078,0.006476124823511453,0.0004675157536611074,-0.003509464671036855,0.00516074655251364,-0.004078417899176401,-0.0029410294500941125,-0.00022323016282377317,-0.0011431387095445222,-0.0122686242439205,-0.00964944191778827
2018-07-23,0.003541823401458366,-0.006596962701477249,-0.004804371742649027,-0.00035017315782837066,-0.004891873140559055,-0.00015521438931498377,0.001246163190711469,-0.0039911843090884025,0.003184268200900009,0.001859519456088865,-0.01233931069669636,-0.002096666308101236
2018-07-24,0.005294150629089334,0.014655528338689994,0.0003448354786839136,0.002103174515899031,0.0006887052341597588,0.005446495166241183,-0.010670363866798094,0.0031360029710874038,0.004121359956010373,0.005032130467200968,0.003438304592219721,-0.005067149638079638
2018-07-25,0.013458143395865818,0.01624905731455617,0.005515334234738045,0.001865254484265666,-0.0006882312456985007,0.008512670036070258,0.003655070343138167,0.0013026335539545464,0.013976698129332998,0.008522546030271139,-0.0015881047408276006,0.007950056283584361
2018-07-26,0.0,-0.011103862799740294,-0.0077991400388178755,0.00011650242590577342,-0.001080729180654716,-0.005218026052851266,0.0053729350006792576,0.0009539583950546326,-0.015151556304576652,-0.0023595075902624885,-0.001924465954579846,0.003327677247792371
2018-07-27,-0.004041675163213521,0.003593096969776166,0.0005183138095208317,-0.00034946656401491083,0.0015744525712295676,0.0024685047353432132,-0.01864583778585438,0.0012997855163667804,-0.01349594910681784,-0.006775804780345673,0.0016769814113140047,-0.010686605596360588
2018-07-30,0.005797261614075566,-0.0015663455057584041,-0.0015540041641225466,0.00034958873358847953,-0.0012774107324692308,-0.00015388778691705074,-0.006414357308851315,-0.00138479934874014,-0.014131577829595954,-0.0052235827430126,-0.0034317287173520894,0.0006206821476233415
2018-07-31,-0.00576384708462252,0.00537882528267164,0.002939873181190933,0.002094476244537402,0.0013776876421858208,-0.0007697051387219878,0.010170614872021977,0.0031198598475732364,0.007652156986396319,0.004928908954251909,0.005459187538011223,0.01675143240083976
2018-08-01,-0.014492663589720789,-0.008916713364661932,-0.007328204929526905,0.0008975070763961313,-0.0023632812622322863,-0.0030808224331021483,-0.0006634859668014359,-0.003526275168083237,0.003797295414241564,-0.0016700713608629458,-0.008146605166162169,0.007078488416321749
2018-08-02,0.005882249506406367,-0.01327042499465192,-0.005384772884042377,0.0005826248613254315,0.0011843501127626332,-0.007880104503342866,0.007300053263928907,0.0012172171077571292,0.013606612305693044,0.005447508674855994,0.0014345967827278372,-0.003999171972719484
2018-08-03,0.003508750172501962,0.007750213923663374,0.003492853105171001,0.0008150278893905849,0.002562787624987406,0.0012460901277469016,-0.003473643041298269,0.0031261816067846837,0.003063609534635914,0.004284469701867577,0.004973871604694979,0.010828749846071739
2018-08-06,0.0017483724169320425,-0.007690610050568036,-0.0051339744804317355,0.0018616775743089953,0.0004909653880569298,-0.004666555755540758,0.005589081078432034,0.0009524175401252055,0.005886131717207421,0.003667391581489543,0.0005872478718087493,-0.0013243168073026057
2018-08-07,0.007562554338264693,0.010257755063447949,0.0022740706959851753,0.00046483488170556697,-0.0020627395016669103,0.007188732992843283,0.0023908748443906003,-0.003113817945776809,0.003643797444266017,0.003302444150762751,-0.0051977108013308015,-0.001807818531498362
2018-08-08,-0.012124699847475773,-0.0013538341229244466,0.002792628802213759,-0.000580328601015756,0.0008858457262843622,-0.0006206131765443823,-0.0008943645429877467,-0.001561340427201463,0.0012098957702812996,-0.00042050362467516145,0.0010118071662721384,-0.0057957176939273936
2018-08-09,-0.004091214786073216,-0.0029373352709930467,-0.0014794690881722028,-0.0006970361844638173,0.0027543399003497893,-0.0029498923016151313,0.002565939827279262,0.0007814154877276991,-0.0006044808495996312,-0.0013660556519794476,0.008417842666861075,0.00048598768468655074
2018-08-10,0.0,-0.02130066924100371,-0.0004357279352805721,-0.0017434758782751691,0.004317302279904789,-0.019152950684958703,-0.002797572261378445,0.001650248271567456,-0.007640930591820583,-0.006699864404284495,0.0072627328022838444,-0.007647128876871134
2018-08-13,-0.005281590726367691,-0.016438941885821623,-0.01508416880379293,-0.000698806751265435,-0.00029306385072047636,-0.004762560910494984,-0.0058495088285468455,-0.00026021339741066907,-0.0011079141772020185,-0.0037434993682129436,-0.002071982758956925,-0.0019578548921661554
2018-08-14,0.0017697005464629711,0.006120831792930437,0.0009738014451408095,0.001748006938556479,-0.0009775803040302788,0.000638113224856296,0.009906616775775312,0.0013008880012126411,0.006266311579822492,0.006380624225187814,-0.0022418310574499056,0.00490280457485337
2018-08-15,-0.0217901405201123,-0.028778888851622386,-0.016626844065553037,-0.0017449567420638745,0.0024451866438246483,-0.014506765977324476,-0.012544330012911331,0.002078079044719461,-0.012234590720489491,-0.007467605183557047,0.005826017420317742,0.007683628442160639
2018-08-16,0.007826492600031099,0.0062636428607527606,-0.0008094609704913935,0.001281721753084053,-0.0002927208630344458,0.006470469378490495,0.009272053580755113,0.0012961597302130201,0.0032918978773452956,0.008091474995116199,-8.294589552171328e-05,0.008109442771670583
2018-08-17,0.004181642135502761,0.010533887124954955,0.009270916232611892,0.0011638242011455802,0.0003904678997599387,0.005946652186197499,0.004295154625966857,0.0008630737860679805,0.00022233853821673755,0.0035206550082775845,0.0012420328337212627,0.009245075794348079
2018-08-20,0.0017846407356141292,0.004501501291056309,0.0049942495470025605,0.0004650809376163245,0.0031216372750764165,0.005432053124793779,0.002791456715228513,0.002586988596161577,-0.0008896017498143394,0.0021394895979827133,0.0066950477401976904,0.0007139442130748019
2018-08-21,0.0017814614669113826,0.012735718388001027,0.002928336094692563,0.0015099360961101649,-0.0013611458834772439,0.006833118172574482,0.011491948648901351,-0.002494225893157398,0.0036729080402055914,0.0023457977065430846,-0.0033666809936264697,-0.0060631679604957744
2018-08-22,0.014226481775851507,0.007917960635509758,0.002211997942183075,0.000348007610311063,0.0018505269536370772,0.0036299917785345137,0.0024593437917757033,-8.630272026000085e-05,0.003881140009499351,-0.0005940274793687639,0.00395446376933184,-0.00562112243519286
2018-08-23,-0.0017534154384813982,-0.01617353497065077,-0.009446452957847074,-0.00011585240995737323,-9.709535576740702e-05,-0.006761970354409508,-0.003038089874138117,0.0003448974946629324,-0.0014359222250521775,-0.001327681546208992,0.0015596916668365601,-0.0025259049083405927
2018-08-24,0.007611193463798127,0.018553100749551854,0.01746886601762876,0.0017394366456953136,0.0002913143525731243,0.0063331153458050515,0.005449930435519557,0.0019826483746476775,0.0092918540526854,0.006018350838343789,0.0019658756254787857,0.005908355238117613
2018-08-27,0.0034863889842928764,0.014295424716995964,0.00376657902932398,0.0003473884613769407,-0.0022352328882123684,0.013373147918975148,0.0014569888577511403,-0.0015487760013160878,0.010192951554688356,0.007895271751052313,-0.00572374695825173,-0.0035958281585876106
2018-08-28,-0.0040531808364376865,-0.0036369971274995416,-0.007941321771505638,-0.0004628265668364939,-0.002240417406220385,-0.0015526455046172005,0.0009310186007458476,-0.0037908455268382824,0.001464594354720905,0.00048309264481694036,-0.006004076973305517,0.013474262969465522
2018-08-29,0.011046506937973044,0.00615999818924351,0.004574213948543848,-0.0005791792332513479,-0.0002927147997809909,0.005753468055431643,0.0029072268614416252,-0.0010381687955408614,0.011538233609057702,0.005380754074266525,0.0013238778711957,0.00023763400135434765
2018-08-30,-0.0017251184182386359,-0.026077059949355386,-0.004903656511020316,-0.000810675970840391,0.0018552315835449473,-0.008657984881703107,-0.0008117066285062702,0.0009525001600134697,-0.001767348670770108,-0.0040481677262400595,0.0021487974790843634,-0.006409037754176006
2018-08-31,0.0011519364397236664,0.005122082009468398,-0.0011439392301669793,0.0012748871014669483,0.00019534087647365972,-0.0063943232646469506,0.0038290719567448672,-0.0014706370884552955,0.0012872998814095205,3.4605092121609005e-05,-0.0023089367274201633,0.00394178990192362
2018-09-04,-0.0057535742736670725,-0.01945763685972013,-0.005109698001402485,-0.002080999416412488,-0.002285440469647737,-0.00878972976540926,-0.004450436718255846,-0.0018415209449520464,-0.004285768964270242,-0.0017225181006123025,-0.005781500489589253,-0.011897540861282474
2018-09-05,-0.004051095848256692,-0.014410560627496904,0.0034534613352918964,-0.0010491944257648989,-9.809698942553347e-05,-0.009184520769222493,-0.002670392917136888,-0.0006092738105517581,-0.012913854145173653,-0.002691338949704636,-0.002666329535549239,0.005779481947597143
2018-09-06,-0.00581047352124564,0.0009584761766803229,0.0019414156485668688,0.0008175936224530389,0.0020559772364245887,-0.0031964550054189855,-0.006752459908398567,0.0027867769189138247,-0.008939691658173765,-0.0030102298704816066,0.003675553509790097,0.0028732271156126643
2018-09-07,0.0023378652753793805,-0.005028625405166909,-0.0027302937827557994,-0.0010504931549509822,-0.004493632787172297,-0.008657995996352308,-0.0005276636986648597,-0.004168979367748182,-0.003850274352531602,-0.0019430558108737284,-0.008489238219414719,-0.010863049092468047
2018-09-10,0.0034983884050405756,-0.009867563225337439,-0.000706542689065337,0.0019838804270879695,0.0005883035115668012,0.006469422421357729,0.0012317013298910329,0.0033146412140983017,0.0033681039967778936,0.001738331798739834,0.0036935266724049676,0.004465577542952293
2018-09-11,0.009877981956850634,0.0021874455558352768,0.0006186451072049959,0.00023302081452825085,-0.003628169912100798,0.001285505890230576,0.0016399533474593664,-0.0022606695583230474,0.007704363431863648,0.0032973548328436575,-0.0076106277532953515,-0.00012031996306272053
2018-09-12,0.006904574704237554,0.0050933774834436285,0.008390716640166218,0.00232913850913663,0.0011815362882066083,0.0036910074798603976,-0.0023971868298839905,0.0020039054765090825,-0.002949140598648814,0.00024221567799687094,0.0023595198943628937,0.0004804817290982033
2018-09-13,-0.010857267648877289,0.013513730177398875,-0.003591101333891067,0.0018578904636239457,-9.83525896647297e-05,0.007515373943336456,0.0002336567387792865,0.0020875362672874154,0.010680331473749582,0.005914347329305736,0.0015137035050134529,0.004924619909281613
2018-09-14,-0.006354538588411729,-0.000952303145536737,-0.006504970809317334,0.0009274520562891908,-0.0018686154820241052,0.0006347201764751453,0.004219488102561675,-0.001214999053566146,-0.002926346213006581,0.00017235651438074484,-0.004785085410396683,-0.006334483498487087
2018-09-17,-0.00116278330054298,-0.009056425334434515,0.005220350246058381,-0.0006952065599408197,0.00019727150634674118,0.001903409523519528,-0.010619777295131305,-0.0006081092611006644,-0.014402701755876657,-0.0052945114735238885,0.0,0.0032476269989427653
2018-09-18,0.0093130298571249,0.009620100272400567,-0.0014963310274801467,-0.00011531465100500515,-0.004136524976006917,0.01044798997233709,0.004187585379767711,-0.00408619364301277,0.00827151617080446,0.005426496765834399,-0.01046000330937058,-0.004795823950825007
2018-09-19,0.006343804445561707,0.013816004212119815,0.0038786565809445506,-0.0018548851811582834,-0.0016811085449683905,0.0029766215848912037,-0.00364154052319976,-0.001483711899949558,-0.0007655942856652498,0.0010650866094439326,-0.005967003775484314,-0.011685174946909349
2018-09-20,0.0,0.011043107339093083,0.0034246522572403126,0.001393601336217687,9.928252428115236e-05,0.011714805044443999,0.00925462090650453,0.002622879056797256,0.011056448478566683,0.008103800033742337,0.004630880038730467,0.00938556344176078
2018-09-21,0.0022921844455061624,0.004648070225942824,-0.006825928084458366,0.00023246841178026223,0.0003959227592160719,-0.00030855122710071736,-0.004789347310927394,0.00017384762592898007,-0.005467900193131592,-0.0009133881257208376,-0.00042659048635884655,-0.0003621762182092203
2018-09-24,0.014865737993117412,-0.01133450680020931,-0.00017619740455376842,-0.0004641729687645535,-0.0010890526633789976,-0.004478747062928279,-0.003697055697769791,-0.0022665444122070832,0.0027810678128543653,-0.003321759329611762,-0.0025619183048934957,-0.017957699899778357
2018-09-25,0.0022535068054825302,0.003977186518260956,0.0015863250483771907,-0.0008122534535206505,-0.0009910782282031017,0.0055848755335592415,0.0015314135465906986,0.0,0.0013593751847686963,-0.000927942867242626,-0.0010274637523570718,0.00012481364802807704
2018-09-26,-0.0044970700849379375,0.0020975339499731405,-0.005279352979018381,0.0010449684447633167,0.0032739647316040177,0.0006172187592436984,-0.009140090222643504,0.00358227226361274,0.0007061169420656821,-0.002992319634676388,0.007027740679234062,-0.011973041864120182
2018-09-27,0.004517385082253522,0.004883930969655337,-0.008845643281780058,0.0018560083835561514,0.0,-0.003854534581121505,5.945637157189765e-05,0.00130598722858144,0.008465862441839889,0.0027940706359423917,0.0006805755226648724,0.004796500910777768
2018-09-28,0.010118106504148239,-0.006711781894944924,0.006336448595585464,0.0006942145145765188,0.0004949502161528674,-0.008203131907674743,0.003034883080569095,-0.0006956123035660733,-0.00021527758418282694,0.00010320880762115792,-0.0026364348232693624,0.013568144399386917
2018-10-01,0.018920239010597806,0.00023315819078151279,-0.001685016298391906,0.002893618023577682,-0.0025360149627303707,0.0017166905472567606,-0.013171204108638035,-0.00137916010452932,0.0020452331737939033,0.0034744553450187787,-0.007341747886425831,-0.009296375314267857
2018-10-02,0.0032769390871663084,-0.012578385009101578,0.011548397044346626,-0.0008109233396262905,0.0025818305461697832,-0.005296803079258061,-0.010821794140825736,0.0008739800612926896,-0.0022560290676307826,-0.0005829987593580777,0.006112889533358645,-0.002251634183277562
2018-10-03,0.009254345089657612,-0.008256874332051689,-0.003951915050342092,-0.0026672497691269115,-0.0074279989012557834,-0.0010963540476230937,0.008752088244044165,-0.0058502595385041545,0.0010767655783463503,0.0005489215021179383,-0.017370645392404516,-0.010658424931646926
2018-10-04,-0.010787600128134844,-0.024976204246961453,0.0005290529796950771,-0.003720803866467448,-0.002594092178831553,-0.01207275461004953,-0.014038694179821176,-0.004128236080276015,-0.01919841839537162,-0.00781593874921116,-0.007054083427709856,-0.00836527327492198
2018-10-05,-0.0021810113988290913,-0.003659491235017742,0.002819877382429281,-0.0044349849422627985,-0.002400983430642545,-0.006348039830043395,-0.009044202465782525,-0.003880802418024354,-0.012227482800061251,-0.005596991164718457,-0.008594982211979407,-0.0005113136482709502
2018-10-08,-0.002732284899290227,0.0014691952052867663,-0.011072074713894375,-0.0022278328551783577,0.0004013085509040337,-0.0054307772001973564,-0.002096757548863848,-0.0010622216166783494,-0.006105726440592152,0.0,-0.003361589015344557,0.014450331609451528
2018-10-09,0.007123243202215024,-0.0036674326947491176,0.0005331220730910857,0.0015275674256103322,0.0019040218378165719,-0.0038538871798620145,-0.003893015447344661,0.002836099732185682,0.003239100385232563,-0.0014590941923331435,0.010119114893682113,0.0013866657422649808
2018-10-10,-0.019586385663752592,-0.029693367319874597,0.00248666770063255,-0.007156040345478343,0.0005002777610234599,-0.022247401950681645,-0.028723857189145163,-0.0027394475198389,-0.043979483451026424,-0.03166320777404674,-0.0027241183644125533,-0.014853940327895554
2018-10-11,-0.01498331969834299,-0.01011608843046119,0.025691013434101517,0.0008266587810541459,0.004100244492137861,-0.011706554044475515,-0.019098585419026648,0.004164852720419887,-0.012402845417257002,-0.022026597584007934,0.012159637595114736,-0.028622649453338256
2018-10-12,0.007887083167174902,0.029381425319216614,-0.004750349180877911,0.00531307421067817,-0.0011949313993985244,0.002502570085898048,0.00019560016232089694,0.00017701270118508639,0.02783010360844429,0.013888254892833185,-0.0034825841023629067,-0.0026306328952487856
2018-10-15,0.002236124508199433,-0.010672459366650844,0.006682258271583086,-0.0007050406338925397,0.0005983158703442015,-0.0011648761053880685,0.003710882579072594,-0.0018535918971853693,-0.012104184925353256,-0.005616610358734175,-0.0004367522786257183,0.006726134631899194
2018-10-16,0.004461830434463687,0.02508804133461595,-0.0017241116227775244,0.003408457511032692,-9.967471764771307e-05,0.016494449567810987,0.028994088620757807,0.0025639135786699185,0.029092192746013268,0.02186567761049285,0.0022723334760330616,0.020568945340749156
2018-10-17,-0.008884084502993161,-0.012237296294262623,-8.63742311474347e-05,-0.0019906624557750607,-0.0028905843198655523,-0.006228334985986961,-0.00428635248112974,-0.00493820571490966,0.00039526458412186827,0.0001782663117326777,-0.005929476678911305,-0.0038513950428338273
2018-10-18,-0.011204538083751103,-0.02626345950714548,0.001122698440194414,-0.004225017184119606,0.0017990730770183205,-0.01451459769547947,-0.018738728545501848,0.0,-0.02318269971688558,-0.014441196385191812,-0.00035110529953674696,-0.0019329164812590394
2018-10-19,0.005665878988078132,0.009414539171259229,0.0007764317521294917,0.0005887595301841131,-0.0011970776314100817,0.005188414562816046,-0.010581125162512861,-0.001240634332583257,-0.0009235490133729929,-0.0005425385208832623,-0.002193616748737859,0.008650694913608037
2018-10-22,0.0011267534027412651,0.010839373785232143,-0.002586010225269386,0.00047183130628236647,0.0002002795051947448,-0.006160517965006829,-0.0021519289559003285,-0.0012419999199728693,0.005143774984310623,-0.004488519331638963,-0.0013186845421315763,-0.01395283524402624
2018-10-23,-0.021947216455318164,-0.010972356040668707,0.005876763551604158,-0.0009425547356183284,0.0025960608977289024,-0.009549387090296069,-0.008952153808552854,0.0014214571767905415,-0.0036798838471441275,-0.005091084560928216,0.003169549879528777,0.004413849192063557
2018-10-24,-0.006904379993439513,-0.032274450789184894,0.0023198236435848507,-0.004948834750478692,0.005379300221198813,-0.02807842145013084,-0.037650267562244655,0.0014193517708689374,-0.04576688961016373,-0.030298204907501014,0.007549460886148829,0.009435169514913522
2018-10-25,0.0040557249298693865,0.019280785863152072,-0.002228717024418514,0.0020134224607986084,-0.0023779084289113905,0.011660355135082012,0.02165134673525393,-0.0012404572879778364,0.03459538004911855,0.017940236219049277,-0.00418169287380854,0.01280401857778779
2018-10-26,0.007501198973335121,-0.01150291600776232,0.0031786521678458524,-0.00449133662979273,0.004468868545593141,-0.007397269188486377,-0.010931533811899374,0.001685148830983474,-0.02572193354611796,-0.017587154609685296,0.0060367333799862255,-0.02402016419890385
2018-10-29,-0.01030908519790108,-0.017326002985127653,-0.003939360261170033,-0.0009500989502589929,-9.853820673533242e-05,-0.002426336521385686,-0.005491908795734468,-0.0011505867519555624,-0.020580869423727943,-0.005540274354113306,-0.0022610687872531843,0.012694317526620313
2018-10-30,-0.005208430572123723,0.019473710431039626,-0.0043847864976440665,0.0023770378995302544,-0.002175572826553007,0.01181373909608796,0.020862872258919918,-0.0022167667345943665,0.01647968331486549,0.014818429098533148,-0.004968392939376232,0.013686594465115443
2018-10-31,-0.013379918972538318,0.010841502755484012,-0.005613139108367582,0.0,-0.002477232532263396,0.009271882148801591,0.0020037063202249517,-0.0028429921640226175,0.023505662384339043,0.010680925916483952,-0.0050806082022473165,-0.011735327800828865
2018-11-01,-0.007075427462103101,0.035750634446831464,0.01285276342099273,0.004586946841917738,0.0008558216193292889,0.012079145883570952,0.023062018681485608,0.0030305911445902556,0.013190022283407599,0.010641640036554545,0.0009266267979843867,0.00472430723445072
2018-11-02,-0.0023754159255353624,0.006410350628250017,0.00017151910256396619,-0.0005930003238412418,-0.005570258292470931,0.002521338577803567,0.0033227919520337768,-0.004010277076244573,-0.015575694333898604,-0.005922787930148998,-0.012432237264536905,-0.008260373503058416
2018-11-05,-0.0005949658409973857,0.0026948997353037907,-0.0024003324100665413,0.0008306265725910311,0.0005999369885458794,-0.000335172003446349,-0.0007792377422730645,0.0017893062358900202,-0.002479660188002164,0.005516758286247203,0.003928031132498733,0.014864231479705392
2018-11-06,-0.0041693229657217,-0.0017101248821447257,-0.002835798085983776,0.002608250707728299,-0.0010996464029110475,0.0035220964002180555,0.004938984789371048,0.0016971834203951541,0.007575764028019405,0.006327891537625696,-0.0006222819326184847,0.005050524890895192
2018-11-07,-0.0023923294873229306,0.018844489608127013,-8.619558903444346e-05,0.005794977094648379,0.0,0.01320415147175047,0.017912788767413534,0.0025859378248078713,0.03136729345902434,0.02140910756429948,0.0013350045427584778,0.011934641211814645
2018-11-08,-0.0059953013857591,-0.02594300898414037,-0.0021546152083956605,-0.002469751098783335,-0.0014006140319396954,-0.009237928875557966,-0.002668620806120847,-0.0029351228181316857,-0.006378751361652002,-0.0018148062023459754,-8.946311415869435e-05,0.0007452245386081469
2018-11-09,-0.01085631830867606,-0.01849555370955902,-0.011228151978489587,-0.005656923955397297,0.003908101144612264,-0.006493505974481062,-0.018535899514510623,0.0007133651013668807,-0.016852196387165397,-0.009768112580795019,0.007466227768047062,-0.00012438136147163714
2018-11-12,-0.0024389401742604955,-0.014070348081494988,-0.007162820324765118,-0.006164344624725482,0.0029952292923451918,-0.018099601752927574,-0.019795022788821726,-8.900822258484098e-05,-0.030258620496784627,-0.01868591784138718,0.006528505407396468,0.001985057188300221
2018-11-13,-0.027506211890824583,0.011467853733257094,0.0003518677181439944,-0.0016697067799236187,0.0007960848627361905,0.004267027881280194,-0.0031783563736931253,-0.0013369996620373747,0.0008417099786179882,-0.0018708139129951507,-0.0006134461195969054,-0.000990220516069229
2018-11-14,0.008799441645614081,0.006047173017415641,0.008267391966898296,-0.001911791204180835,0.0020889251126545716,0.0005099199417533118,-0.007306239593082631,-0.0026785471523641524,-0.007629049303603974,-0.006836690361639697,0.0006138226667300462,-0.0024792490400684652
2018-11-15,-0.0018690769048468336,0.02228886353464654,0.0011339606953078007,-0.00023961606705868999,0.0006946476986937622,0.002887611558470393,0.014251754343729273,-0.001879074688498683,0.017493776592243826,0.010436632484649433,-0.00043788321437576716,-0.00683406963478117
2018-11-16,0.00624229852230207,0.0019597750567537098,0.00740616997802257,-0.0029933361645170242,0.0030741614921521165,0.0006776443313718516,0.0023753671905222262,0.001972597198763415,-0.003509848321626041,0.0026008202259903968,0.005787016357369668,0.010759488942325257
2018-11-19,0.0,-0.013447587011540252,0.0004324115306661991,-0.0031226205845770183,0.0014827600896318849,-0.00846311163540936,-0.020271306166738112,-0.0009844450796272497,-0.03247759337299738,-0.01691465854778018,0.002789830336658694,0.0013614202399547803
2018-11-20,-0.030397176524330383,-0.021561414680172586,0.0,-0.0031315919927082936,-0.00019707571738236673,-0.018777944198592023,-0.019280010153527094,-0.0024190754617494648,-0.01789478606942796,-0.018506077972858637,0.00034788049683287525,-0.010259605904790914
2018-11-21,0.008317358399004826,0.018490570343967283,0.0016426250921932617,0.005075304605274944,-0.00019738214020748046,0.0140920059805274,0.013973867502559356,0.0021553954330473246,0.00760281786469319,0.003407483709357617,-0.00034775951807886063,0.0008744109696461333
2018-11-23,-0.02918777656640803,-0.011688614909488804,-0.0007768338236752159,-0.005530501251270636,0.0005926201616996973,-0.006004484998134996,-0.0009458689819411559,0.00044774737755526317,-0.007233383755983591,-0.006678811912403493,0.0010431539214770247,-0.0019963886917812035
2018-11-26,0.00457520811682155,0.012330141914466575,-0.0011228924348919422,0.004714964709226166,-0.0007895733522202963,0.015360811921173223,0.012982679312975032,0.00044798844447613284,0.023113817413375815,0.016144262548440702,-0.002258176880564622,0.0018752093273703974
2018-11-27,-0.003903756989054097,0.0069602041026404216,-0.00596681464067883,-0.00048096062682634333,0.000987568133992367,-0.0033997446213482885,-0.008276847224498174,-0.001253082292091312,0.0033764954376378498,0.003364556719110068,0.0011318066134573534,0.0042431534732843
2018-11-28,-0.0032658923060112643,0.023944515416453482,0.0037407596049732206,0.008306937131589365,-9.858806909646134e-05,0.014668370741174996,0.024701667754549073,0.002689125974413953,0.03218310831936666,0.023025292176400924,-0.004868881289374571,0.008947469676054975
2018-11-29,0.006553112693417296,-0.008678940951539205,0.0031201301691909933,0.00023848009045779328,0.0025659495296992407,-0.00537917841563107,-0.002693184400085813,-0.0028609843601578033,-0.0032603041876412275,-0.0021850978032796897,0.00393190052175707,0.00024642944623587404
2018-11-30,-0.004557262883897351,-0.000972683303325006,-0.0017279847238081958,-0.0020297742128656537,0.001968598283151879,-0.0032109679011115277,0.005203293144821819,-0.0006276608418468443,0.007255770645950399,0.006095445059738802,0.003742338699345149,0.009481890322349473
2018-12-03,0.022890854377800807,0.020204408089473436,0.007529883500850154,0.006921836219308197,0.0021864160880182837,0.012546485875375213,0.009566543937977956,0.0037170388274561095,0.01747655616165078,0.013241340575221638,0.007100182184791137,0.005366631028691282
2018-12-04,0.0006392378363597739,-0.021235959765570578,0.00609912432039339,-0.006205050933955625,0.004617435334520081,-0.026456865101796345,-0.04257548169318803,0.00017973634792300963,-0.03835668345752741,-0.032402569299543105,0.016741572400784444,-0.014802201973212914
2018-12-06,-0.008306657175403576,-0.00926373898847943,0.0001707363609755319,-0.003482227926708492,0.002541826160668448,-0.009115920894782636,-0.002169282537281214,0.0030478335179411342,0.007059782914401014,-0.0015170138186363369,0.0031402226221239893,0.024754305402908017
2018-12-07,0.011597937488693422,-0.018700716533825656,0.00810992789134457,-0.0019279427369824909,0.0029268065374636887,-0.009893917023857002,-0.021602995099948452,8.940335729801241e-05,-0.03301565658336636,-0.023235715492325837,0.0018616982876336063,-0.013099508099783996
2018-12-10,-0.015923609896668633,-0.0105317042605515,-0.003471894702593792,0.0007239710783251141,0.0005833199425726576,-0.009817644070089004,-0.002916499006705542,0.0030392667823770925,0.010472455892412302,0.0018969461672486698,0.004137959819799031,-0.006454008346408413
2018-12-11,0.005825279153209184,0.007602649550412233,-0.001189661703648759,0.0018096275820751462,-0.0025269470489731605,0.004072086703683642,-0.0010446202233300728,0.0017820520958045094,0.003311289122085226,0.0002270965620527754,-0.0001682275226657648,0.0004898889142290752
2018-12-12,-0.003217482898343449,0.01634798481259936,0.0021269354947484054,0.003251848722038986,-0.002728870293548513,0.0144595886103005,0.009550235092850246,0.001066892256816221,0.008801548162436612,0.005035501464485392,-0.004458348014863667,-0.015435286931571368
2018-12-13,0.012911474040290694,-0.00024730256083149715,-0.002207336227265433,0.0024008055974078513,0.0005860560410144711,-0.002259773765612816,-0.014155401466441453,0.0026652610244728425,0.0003031218939451019,-0.00033937546813600505,-0.002365500286921951,0.005779214620480255
2018-12-14,-0.015296343331268503,-0.014108969582483533,-0.0039989894119348834,-0.0041914473636758265,0.0015625169171438191,-0.013066053618415951,-0.015128974823917507,-0.0010626610425588101,-0.02434912701878389,-0.01846458891594749,0.0034723140902186422,-0.0028793978531097553
2018-12-17,-0.011650485295123691,-0.009289493429258666,0.0069195729103175285,-0.006493372360633964,0.0029254891869308075,-0.00812007288083616,-0.02227062220163034,0.0010637914923352643,-0.02265946959819587,-0.01961829156206485,0.005823990303450044,-0.037664846390331075
2018-12-18,-0.02095606540325956,0.006790983704868303,0.0023754880187698557,-0.0018123005571574202,0.002464431885049745,0.0011184289947099302,-0.0012404888702002292,0.0035739541560799726,0.00628823313080451,-0.0010965556404081145,0.005988475178345443,0.010306931282380472
2018-12-19,0.004013352489376398,-0.016607214183921748,-0.006093958623821227,-0.00901533185982395,0.003498350215801471,-0.009729898748086496,-0.020825719945421928,-0.0007977362509571373,-0.024555095957043638,-0.014975637943858144,0.013210950743372196,-0.01097655491322369
2018-12-20,-0.009327206680009081,0.007794560744073253,0.015413416962360094,-0.008729178853650543,-0.0012590923559139267,-0.00527659350038534,-0.01649272159000459,-0.003279190697090484,-0.014495428848669167,-0.016277896628336785,-0.0036311452290732626,-0.015015039708235478
2018-12-21,-0.00874238004991068,-0.006960917266854327,-0.004360924625816387,-0.004960931997897822,0.0008732478785449249,-0.01810839252896579,-0.025950188531391416,-0.0009785351225551908,-0.030993307813290683,-0.020489512343585536,-0.00016581116989411449,-0.013918274630104532
2018-12-24,-0.01106443575969318,-0.009345699755995751,0.010950096100037499,-0.00747825616486697,0.002518985197367263,-0.011550040410671203,-0.01939731700006353,-0.002314492869002427,-0.024798081510243986,-0.026423044465478496,0.004970228028938761,-0.035623092644959
2018-12-26,0.02223762686387909,0.019915978145435664,-0.002999441684935489,0.01682737969805137,-0.004735590475864249,0.024500443463096877,0.048061594289309006,-0.0008038191767815173,0.06243894070900491,0.05052475784305832,-0.010715696379170803,0.03345429344096762
2018-12-27,-0.009517423249480461,-0.0012846640123240771,0.007604847107346435,-0.000617127079436175,0.0025250480733833847,0.002023662897805867,0.0041690857701093265,0.0,0.0038699275175522185,0.007677502045723372,0.00016727100227731384,-0.00013484293206322828
2018-12-28,-0.008236145798956485,0.009519111177446637,0.004064011487183938,0.0014832680463536807,0.005423399416339736,0.0062419383477179124,0.0028684624672301595,0.004733551420515791,-0.000522841964323173,-0.0012900680626832806,0.008413843258718856,0.003237268869719312
2018-12-31,0.002768335201983385,-0.004587280177828612,0.0015694898830167503,0.0007399534013610154,0.003756916628389506,0.003466491603727917,0.007827248430495537,0.0027549619568003614,0.008433217571843787,0.008758893943270563,0.0037998162457648643,0.0026895857567177384
2019-01-02,0.002760385278129718,0.0025601187131087944,0.0006598089159148834,-0.0013565706168583436,0.002111409457964619,-0.0036363921327099424,0.005676336821478056,0.0031024834453186045,0.0040190785823606134,0.001040192206773094,0.005267127812143668,-0.021724906518336473
2019-01-03,0.008258742773830097,-0.018130724491665196,0.009066170423806419,0.0004946351923240666,0.007948718302123403,-0.006569256446807281,-0.017896998344771986,0.0004416680146932528,-0.03267018988005033,-0.02386273530561489,0.011379581580882592,0.0069912120072159745
2019-01-04,0.013652027079669837,0.03224973673743792,-0.00808623590052937,0.01678373022505908,-0.008076019204614204,0.030308506103131183,0.03735341577425033,-0.0006180449397570342,0.042784237137634795,0.03349577088267153,-0.01157534865507992,0.011707282497164684
2019-01-07,0.007407315200867126,0.002267578819092231,0.003458482876331992,0.0097098433021916,-0.0027776818061626685,0.004813692144771453,0.017493947481868055,8.82972702465068e-05,0.011905507857506548,0.007884818764323898,-0.0029482966632952134,0.009822428424263174
2019-01-08,0.010026735878137183,0.003770672427566568,-0.00270804061547536,0.006491538540273956,-0.002497277998085745,0.007097203868237978,0.015330552129881214,0.0022091411459592702,0.009045873404567528,0.009395285309206525,-0.0026282198960280168,0.020652710847115063
2019-01-09,0.019854396961917375,0.017781320400837908,0.006418158373500793,0.0011938996758324993,0.0005777243688296352,0.010747227453302477,0.008255404458568094,0.003791792806415506,0.008149408521472612,0.004673344610151897,-0.0015647996761458671,-0.001436090415884883
2019-01-10,-0.002595586469651967,0.007135743841336417,-0.005886691481276518,0.003936845984797932,-0.00048138983764500765,0.0031373625185155962,0.005178307110131897,-0.00263535774364021,0.0028601728416823846,0.003527657012504015,-0.006433368497073877,0.013596643183856338
2019-01-11,-0.003253234252282855,-0.004886414335380729,0.001727170986037363,-0.003208622599419564,0.002984478201747187,-0.006603063323634029,0.00027832528759996755,0.0018495989631204246,-0.003658191913067821,0.0003860909727591011,0.0039017580539308927,0.002837536016073283
2019-01-14,-0.00848559447098196,-0.008347661642035153,0.002380897199235621,-0.0032183554844644746,-0.0005755182232901612,-0.004547701949514593,-0.00995272920854795,-0.002637442993463801,-0.008836800332743033,-0.006100647715568841,-0.0037213505854738482,-0.003344090601377636
2019-01-15,0.007899976299264644,0.006932264150000922,-0.0017200351443329431,0.003348499594307386,-0.0009605845828507542,0.004744332762769421,0.008436157466341188,0.0006169645568281368,0.019526436783910528,0.011460675890374583,-0.0036517029620861674,0.00954962319545083
2019-01-16,0.005225370562577325,0.01229385849451381,0.003199863787636481,0.0015496729629669304,-0.0005769222121019268,0.002098635712839192,0.007459160355844485,0.0019378482145160358,-0.00018449340310899842,0.0024197278265636335,0.000999815707173779,0.007030713962971502
2019-01-17,0.0006498302670259193,0.004372235839592564,-0.001308546962521917,0.002736846625017053,-0.0018281624237554972,0.004014071485387571,0.0090645239134175,0.002022283962322735,0.007883908175449816,0.007586808098463793,0.00024960749144553596,0.004823682935520601
2019-01-18,0.010389519862340713,0.004836891790132469,-0.008926410300850951,0.002848681155883881,-0.0031802419116440106,0.010081584798521837,0.010285659126579638,0.0017547868820870782,0.009900373641473115,0.0133101655447323,-0.005242229519200503,0.003410565907245644
2019-01-22,-0.007069464070314613,-0.01732856036838515,0.0035531343340227117,-0.006627910139054949,0.0034805103681743166,-0.014455260629691602,-0.01581463040668296,0.0016642045624668533,-0.02003038210147856,-0.013510758290863345,0.0067756394135720655,-0.0030213236374279084
2019-01-23,-0.0012943971967964707,0.01028661508004447,-0.0013997379433262624,0.002025393198598957,-0.00048142663829353616,0.004539925541747536,-0.0027588727925567103,0.0025363548042867112,0.0012968336170935402,0.002092671911051447,-0.000415956435094178,0.00012636913727503973
2019-01-24,0.0025922940019353913,0.00969712502344966,-0.0015666428373899421,0.0010698472806371928,0.003180680386231982,0.0015644832096941563,0.0060168749321638515,0.002616140240563336,0.006475475110221396,0.0005314634956203879,0.006565753838895461,0.0034091562970557376
2019-01-25,0.005171326741658877,0.013205047567859785,0.01461726258147622,0.0024943896504683316,-0.0023060135266536053,0.011280665185648742,0.012854582485472221,0.0008703393727080844,0.011948817105304821,0.00846130244263521,-0.004788840648587089,0.012457228470402537
2019-01-28,-0.013504804960393413,-0.010426293762104355,0.0034999210730881636,-0.0015401128372679596,0.00028909120363995733,-0.004633682851650667,-0.0053618577631022735,-0.00017393353542427548,-0.012352408218076483,-0.007600063275874813,-0.0009958283575361992,0.009818498878503057
2019-01-29,0.009778354254698085,0.0016762368809475348,0.005596580714432919,-0.0005933509132229897,0.0028884310071521924,0.001896578841251939,-0.002388382985280657,0.0021733978790381414,-0.009441632681467915,-0.0013270563503634536,0.005066001727864311,0.007876958803004985
2019-01-30,0.007101339191424083,0.021754613566727032,0.005726722578225818,0.00795466055684213,0.0023042795885717116,0.009981042401396856,0.010944347703871538,0.00459745132843814,0.025437933608990493,0.015830604142787363,-0.0007435015108332443,0.008059923616694054
2019-01-31,-0.0051281608347022445,0.008422832175483341,0.00048117377030232333,0.0024733645832890616,0.004597274909681648,-0.00017027916744949412,0.008525051832915409,0.006993809593404787,0.014968494824582734,0.0087824188790111,0.008600170904875748,0.010417949456990039
2019-02-01,0.009020558179414495,-0.007888638862097008,-0.002004008016032066,-0.0004837999098010748,-0.005350521051006085,0.0005110859316896921,0.000805286402565164,-0.0023821308438405353,-0.004222458472995516,0.000481541274014452,-0.006039888525813497,-0.006354607868049089
2019-02-04,0.0006386263184157137,0.0016374557437663917,-0.004337356751223598,0.0023616400181476482,-0.0022091995861490688,0.0037473666139653528,0.011931724801803156,-0.0013792133802724704,0.012421831543655948,0.007035562558832531,-0.00446436176539422,0.007480736924416531
2019-02-05,-0.004467175829865555,0.013775186659149341,0.002581475453272253,0.0035342113691578803,0.0017329208820897612,0.00814517562123207,0.001059759287035611,0.0040575301252305795,0.00884803114801902,0.004192032704767534,0.00456770554559327,0.005748707404939379
2019-02-06,0.0012820223631526684,-0.013588009294787318,-0.006758902044908588,-0.000938968597971046,0.0007689888883088969,-0.006059585606235984,-0.0012574078129028443,-0.0018916781861518794,-0.002981491318036711,-0.0013184501259057013,0.0004957518113433146,-0.0065493877833492364
2019-02-07,-0.009603070518759527,-0.010040119443431972,0.002430293392984062,-0.003407877322130215,0.0032648725829060865,-0.013378545560013055,-0.008215542597662995,-0.00017220490078151407,-0.013429951139759089,-0.009532595746798544,0.006609842082239359,0.00827063360996827
2019-02-08,0.0012928676763861446,-0.005660426637831728,0.0037982966608789415,-0.00023578252238432018,0.0013404494032547287,-0.003089517055551938,0.001068750566854515,0.0024989577158684995,0.001961510346855766,0.0012211624954447942,0.004268524360325099,0.0
2019-02-11,-0.0058101408636198615,-0.003320455190763516,-0.004911042708701019,0.0004718717577552045,-0.0015296585318556044,-0.0018939664223606156,0.008341757045811304,-0.0022350626182630062,-0.0009492766920223827,0.0005548530762227166,-0.003923481601543988,0.0027340279722340988
2019-02-12,0.0058440958839258705,0.008329113454042192,0.002103577179937588,0.0048332155675892,-0.0013401902030248936,0.01311028318381613,0.012508299294497816,0.001378361838909381,0.014786753244392381,0.012859308732375174,-0.0025435486357330284,-0.006283264983808046
2019-02-13,0.0058101408636197505,-0.007079935185599684,-0.003956062177902009,-0.0014075583432738847,-0.002492768793371014,0.00017016318407403475,0.0028104758142093456,-0.0025807240694226685,0.0007020634133529935,0.003246836851849011,-0.003784124544565781,0.005130052195050805
2019-02-14,0.0025674077658348615,0.0019014306128624092,0.005592889654295163,0.00011691009412517772,0.00470969030382995,-0.00034042973165882007,0.0022817592756465555,0.0011212185193667512,0.0012277723237053006,-0.002217977152762174,0.005697901099232849,0.003204574317353437
2019-02-15,0.018565950594407576,-0.001423526079310511,0.005964900110646543,0.003171975804711069,-0.0009569448652931856,0.01447544917424537,0.015932590516739786,0.0012058549329763135,0.004205473848411412,0.010897243212535379,0.0015600096120187423,0.006744110564314232
2019-02-19,0.0025141553785958948,0.007840075330850738,0.015224309695700766,0.00035132735421194994,0.001723720947661489,0.004196716712995263,0.0027524733130945833,0.0006027054441619661,0.0019772331198926185,0.0017305039522348409,0.002541482574875964,-0.0002349807277338689
2019-02-20,0.0031347953628124703,0.005657863502299021,-0.0017363346220005127,0.0008188938161648451,-0.00019150004075385585,0.0035105315947843163,0.0047239931237041954,-0.0008598053711006415,-0.00017416919120993857,0.0020156167553393445,-0.0028620242018541076,-0.0062302016307718144
2019-02-21,0.0031249295324911053,-0.0021099197124893054,-0.011306137470128319,-0.0009355837319974247,-0.0029636703241141538,-0.002665386599406294,-0.003812481885756891,-0.0028404129339811846,-0.003657264550867456,-0.003556189457129877,-0.008938791833958404,0.0009462724654656363
2019-02-22,0.0024923639568774636,0.011040994513099367,0.0035985360836492397,0.0019903249082995345,0.0029724797742098907,0.0038418417170389407,0.008674180041439605,0.004488104571681806,0.007399905854513333,0.006200008892540465,0.00595777063600722,0.005908670355195378
2019-02-25,-0.01491610542823052,0.01115219756386887,-0.0010358346885893654,0.000818331556494245,-0.0015295477141825664,0.0028286448660919117,0.0002530003318850227,-0.00034394153983940967,0.003643818221304329,0.0013612803864393452,-0.0029615101411183398,-0.007871061541743773
2019-02-26,0.0044163038754296835,-0.0034466307422855724,0.001675034536747555,0.0012839028996827206,0.0029680384526595827,0.005309309039334131,-0.006890538346371988,0.0015475559745716794,0.001037455535322751,-0.000715284917576553,0.004949847548554986,-0.003078721553681607
2019-02-27,0.005025152341674,-0.008531113365858878,-0.0070871108191714605,0.00034994060930637616,-0.003532100044662201,-0.0037960318994566533,0.0014005367308593808,-0.002831949987516791,-0.0006334302279954462,-0.0004295145956604296,-0.011328848967121052,-0.004988759740468529
2019-02-28,-0.002500013223532549,-0.013023296065328704,-0.005613959130088775,-0.000583008856350764,-0.002586637834327443,-0.001159839196585577,-0.003432516598571911,-0.0013776792760628043,-0.0023042414280712853,-0.0018627589141002598,-0.0034045879506735544,0.0026263462199878074
2019-03-01,-0.011278150635312123,0.00117832428426623,-0.017017506627186707,0.002835167416896933,-0.0032817089751890904,0.0054738594888754655,0.009312173612490371,-0.0017457677986594256,0.006928965833414624,0.0062438181299462325,-0.009242962580057634,-0.0030959372112098205
2019-03-04,0.0031684962556701723,0.0014119239994263566,-0.0026255308667169075,-0.0015186006410584652,0.003089581069692038,-0.0039590886876650355,-0.009036641104870013,0.0022513022573302788,0.00017160472912269853,-0.0036374910067105137,0.007837333050864759,0.004538810513722513
2019-03-05,0.005053722444121389,0.009870692016875848,0.0013162525939691694,-0.0004683585147359226,0.0005776038048379561,0.00099362790121571,-0.004655249067737621,0.00034547913590343704,0.0007457171993210387,-0.0013600743574518903,0.002090809685123096,0.00273399886659198
2019-03-06,-0.0056568321040304514,-0.005585235196518323,-0.0009037184460104486,-0.0016384777332105749,0.002789996485355939,-0.00248203496618582,-0.01960559909007098,0.0009506434817854181,-0.005671740548606197,-0.00605664245578541,0.0036713589252836965,-0.004624048249465718
2019-03-07,-0.0025283880540702963,-0.01848821089980257,-0.0008222882461903502,-0.0007033111146952375,0.003357554549303421,-0.013932424961861423,-0.008757309974984251,0.0032786843929180076,-0.012272700716194573,-0.008365369197104844,0.0064847946543298285,-0.00214389965032713
2019-03-08,-0.000633769818979335,-0.007153163147900599,0.010945553273622899,-0.0016424508792575176,0.001434344784107422,-0.0003365233473429097,-0.00026324250550568973,0.0012902899505680132,-0.0015166101220124295,-0.002000216302962876,0.004213092422845177,0.001074548901979444
2019-03-11,0.001268272863176323,0.018731852720238695,-0.004884390198699684,0.0032902412843609508,-0.0007641733238160642,0.00925471805327116,0.017475809738841663,0.0011167712549067232,0.020798322497788346,0.014501129613732955,-0.002961515460870756,0.01466705758005138
2019-03-12,0.0063330498302507365,0.005186480568348362,0.006053709964792153,0.001756694635947742,0.0027709841637626464,-0.000667020484169889,0.000518551428691838,0.002746127320600422,0.00549407934045143,0.0037710300001201347,0.007012825069403483,0.004583522885619251
2019-03-13,0.006293334873209933,0.0011724819711576018,0.006992949727453013,0.002689269375277803,-0.0003807246778394502,0.008842043812046896,0.003951459699875759,-0.0016256364382484234,0.007513070283007517,0.006619280635389746,-0.0018846651122504943,0.004913472961453502
2019-03-14,-0.004377776589236992,-0.005387562888945263,-0.011547098821608426,-0.000699602797256671,-0.001430310839192539,-0.00016511019499843016,-0.004065371378390803,-0.0019716464737492556,-0.001694160635683617,-0.0006400984210122029,-0.007223010967298826,0.0015129719681070686
2019-03-15,0.0,0.014601952220623993,0.004574769560006908,0.000933028862274865,0.0031498398269846906,0.009923915343392986,0.0026563683900913126,0.003607041719969395,0.009280238164238508,0.004940676936646238,0.006614133743990447,-0.003138271031932316
2019-03-18,0.005025152341674,0.011142155786824315,0.0005692420438265788,-0.00034923903597205985,-0.0013318698649843475,0.004257899379939367,0.006396738767879606,-0.0005136657926739785,0.002381841861755829,0.0036259950409185393,-0.0005745384083718497,-0.005014004309712217
2019-03-19,0.002500013223532438,0.0004590463261111566,0.002763299214570525,0.0005833803446113617,-0.0006668657361619257,0.0017939713571688554,-0.005071799991047676,0.00017119879497395907,0.0033625421332219574,0.00024824291403802157,-0.00221916670986555,-0.003046855249967284
2019-03-20,0.007481266807111364,0.0016061307033612415,0.006484057947534483,0.004312022809733307,0.0069605499077878275,0.0,-0.008334355834824003,0.006762694917799461,0.003965104590855084,-0.0030100581919061398,0.010460902549329631,0.0030561669482784826
2019-03-21,-0.004950452408133521,0.0013746079316818705,-0.004026413261163153,-0.00023224030372792637,-0.0004740343607047004,0.0004882065203017927,0.013115419906385206,0.0018704650204333095,0.01563204526784201,0.011294933503311011,0.0022004731036047165,0.017813072977959976
2019-03-22,-0.00870647885903808,-0.02928389363284356,0.002344768069306058,-0.0035981345200815085,0.007389124306911521,-0.01952481968407982,-0.03638852003006099,0.006110686534116061,-0.021964330529043008,-0.019246655345372288,0.015534927464346815,-0.007253609218440982
2019-03-25,0.003764100356542066,0.0023568871295682747,0.007663119616744263,-0.0003496355613201718,0.002539417758737672,0.00033184273955289,0.0044113844158137905,0.0020246337695772887,-0.0019039460042981071,-0.0007519143115305438,0.001601455760971593,0.0012758008609556892
2019-03-26,0.0018750273170342613,0.003056590729616948,-0.004963137418149799,0.0024477279971157895,-0.0008439643314773759,0.006469965387287946,0.010513527188032556,0.0004205810673285626,0.004657322672137809,0.007453790729045506,-0.0007192362098066285,0.007992230184684868
2019-03-27,-0.005614485040740802,-0.010783018152077717,-0.005229296137734152,0.0006971681683833886,0.0029096493121931744,-0.0008240003872138635,-0.0038850546107146444,0.001346489616293356,-0.006423096125387939,-0.005228629821853792,0.009202191621296985,-0.0028727988145003103
2019-03-28,-0.0031368317998821116,0.006635146013478144,-0.014152850613865509,0.001974764399973461,9.350619203885024e-05,-0.0014848145212422725,0.008924467410815762,0.0012603349140012376,0.0023044473776847596,0.0037901343789743525,0.003488620854949387,0.00970394165336197
2019-03-29,0.0006293124635192715,0.010357569774307018,0.0009023839948698598,0.0025509346655994136,-0.001590714453841957,0.003964975941519455,0.003079443629309786,-0.0007552000585662189,0.007571215831283951,0.006305616219269616,-0.0009479813442423435,-0.0009199980891388959
2019-04-01,0.009433960282020815,0.016542702252564823,-0.003934131206699276,-0.0002442849410803083,-0.006876082445463116,0.012506144503445116,0.01090860136073113,-0.003723988540215162,0.013247262328711207,0.0118587990408765,-0.014204203733431897,-0.00057491926599329
2019-04-02,0.0024923639568774636,-0.0032087857387940177,0.0037028271386223555,0.0004647638498227469,0.001702549570518963,0.0013001274571369237,-0.002584675337713005,0.0013532108472882332,0.0037904372610377823,0.0004900518644133101,0.0018493832057695503,0.007021927182693233
2019-04-03,0.0012429107406823903,0.006898118705207734,-0.0014756542074283452,0.0003487289678207883,-0.0031164015182758575,0.007304086339987803,0.005182638629360081,-0.0021114936165881337,0.005746184923216768,0.001573635695066633,-0.008668052336608278,-0.0011429279084036459
2019-04-04,0.0006208567214478489,0.0061659076896363185,0.00254513588527594,0.0015089366012017713,0.001041850337038852,-0.0020947215261313268,0.004898405603336098,0.0016082029851138824,-0.0003810231093979155,0.002653402211306055,0.002833906162726496,-0.0016020652146715442
2019-04-05,0.003101666693377414,0.0077167552445902565,-0.0010645913747292512,0.0018544913708888888,0.0004735138500897573,0.0019376714658756455,0.009364031484772939,0.0016052108053852265,0.005171501498338005,0.004840187805357221,0.0012915938586057774,0.006992821472453947
2019-04-08,0.003710560190532508,0.0,0.004344964459018774,-0.0005784716536849643,-0.0016081872952189435,0.00032226980531913085,-0.0016525400126601308,-0.0014340644338347586,0.0025451702653580544,0.0007626354968774951,-0.0035475808693670174,-0.00557823423628645
2019-04-09,-0.0018484557219691222,-0.002027031393641132,0.0052240582686200465,-0.0006950242741761148,0.0017993991387446062,-0.005800055947914995,-0.012219923904972063,0.002112125400281828,-0.003511141236954285,-0.0051250902702134615,0.003155650071093641,-0.005266131162425802
2019-04-10,0.008641986680165026,0.004739312995404976,0.003085645543724258,0.004403105382735806,0.0023644813257801545,0.0034031681238735345,0.013595088773644681,0.0048891877916756865,0.005366274433888485,0.0034109277154250606,0.002419804332866926,0.00920705787926579
2019-04-11,-0.00489598669070157,-0.01078166111559642,-0.012790430232882732,0.0014995691557593283,-0.002264351909605389,-0.0009689157567257523,-0.001271019135288265,-0.0010068197668861023,-0.00237213753918597,-0.0002773889345604186,-0.005873944444270918,-0.0006843503208832091
2019-04-12,0.0030749614653911017,0.007265809455009764,-0.0009839698252590567,0.0014968822941632265,-0.004632395489591934,0.006466188014754737,0.003627861553222367,-0.0005878626932701581,0.004323435945483123,0.006766205848985907,-0.007122727273407348,0.004792833831271048
2019-04-15,-0.001839321037920505,-0.005184740556286038,-0.0018879040751599296,-0.0006901994946724166,0.0013295071430221572,0.0011242919638418947,-0.0032340203411186375,-0.0015962280285213293,0.00016151869364766647,-0.0006549456430047229,0.002527390993549705,-0.005110748352150751
2019-04-16,-0.0036855575488230485,0.007477957778417199,-0.008963785785923273,-0.0005752168691123272,-0.003415199158740556,0.0014439274461792717,0.0023540077558850125,-0.0027772411937023733,0.0034434916722987374,0.0006553748779254409,-0.0062613656671517415,-0.022602720091999928
2019-04-17,-0.003699053823498666,0.0029240057992041546,-0.0019085831288392363,-0.0024182219976728314,0.00019064353854147953,0.0020826404666898224,-0.009140824189359131,-0.00016839921556766058,0.003484922647158717,-0.0024471097918273843,0.0004090536295853209,-0.009109918824225072
2019-04-18,0.003094058595754623,-0.0006727646161406309,0.0007482870651696061,0.00046183262467591746,0.00237918630637024,-0.0014388489208633226,-0.0029466430838603896,0.0008439401338262709,0.0012826959268281701,0.0019689565732381453,0.005235242331509626,0.007661645182999388
2019-04-22,0.0049353200556052634,-0.006508205486395857,0.0,-0.0017305358159436235,-0.0014245479812734496,-0.0008003859445100403,-0.0026344010518366545,-0.0016021505191519125,0.002828184620725871,0.000862150207977308,-0.004801295606085443,-0.010995589415980667
2019-04-23,0.0012275825871941315,0.0022590289760520132,-0.002076929420084306,0.003467514575302033,0.0018064972010769509,0.002082898068147321,0.015074576692920338,0.0041387124106033735,0.012718419863428032,0.008991763263185515,0.0021260354561900563,0.01324655107371564
2019-04-24,-0.00367864207584101,-0.013522714182647166,0.0029137401441747812,-0.001382276060870824,0.0037964771231258077,-0.007834960167079186,0.003109701949156163,0.0033651370915555034,-0.0031529905367635447,-0.0022190546160592017,0.008158777779604165,0.007354074586992887
2019-04-25,-0.001846249277641765,-0.0013708391988104252,0.0008300695036758121,0.00046070168517409193,-0.001228412848500171,-0.0006447686038679734,-0.008288194918390945,-0.0005035211081370061,0.004058985272976212,-0.0006159701356220904,-0.0014566547604810687,-0.0020857759528141173
2019-04-26,-0.011713807748199634,0.0038895299638432856,0.006635175033447016,0.002536227881082098,0.0026502058393402805,0.0037092576848345438,0.009697437653037877,0.0035228412766734607,0.000892483255704013,0.004656402344998201,0.0034035196917656663,0.007896181817890646
2019-04-29,0.0006238162340186371,0.002050746027707717,-0.004449212353194509,-0.000460332152003029,-0.0020773493535507503,0.004337969734280911,0.004801940072494126,-0.003928272161390911,0.0019406431001405267,0.0015675854555152746,-0.006380555861402293,-0.009793042560594767
2019-04-30,0.0031172754976049877,-0.0009096340142962234,0.0030621129817147708,0.00011579755915369638,0.0019874366998364756,0.0007999730261036841,-0.004653787478223981,0.000419445424734155,-0.007747787138015161,0.0005105590650502645,0.0051210858150370075,0.009540334145995866
2019-05-01,-0.0031075882887757755,-0.007512104115807605,-0.0066006224629272525,-0.003280256987901131,-0.0004542940581866439,-0.006074117558969361,-0.009476357079677089,-0.00031970321902141663,-0.0032184454684202057,-0.007516360635013153,0.004125116834086784,0.0008067984887707436
2019-05-02,-0.011222039058624733,0.002293846379441078,-0.0038205903541769226,0.0006945895456120788,-0.002840100444533755,-0.0017692349938183138,0.004656091414584118,-0.003618435518521368,-0.004339905736920557,-0.002159346354014713,-0.004761874632700613,0.0010363465173528486
2019-05-03,0.0006305730695237433,0.01189922541461641,0.005919618726200282,0.002547734253993017,0.0013287598537830014,0.010633156114064679,0.019108718801757796,0.004476126833156346,0.0159478034354672,0.00978780405595514,0.002838394813313938,0.008512488872989277
2019-05-06,0.003150597817884293,-0.020579026489193963,0.001326117121353887,0.00046265430393543916,0.0025600959342320095,-0.010361742485160086,0.0011214897877387386,0.0013455199336873669,-0.0061220290367514085,-0.004114882576128798,0.0027495895603453224,-0.003193615285501772
2019-05-07,-0.01256281090690703,-0.019625814904132843,0.003310996887363693,-0.00600385354367905,0.003404407267955545,-0.017074867253841997,-0.01978703040218177,-8.386010671523891e-05,-0.019479726761492566,-0.016699681824564272,0.0076611838557685275,-0.01807978539452726
2019-05-08,0.001272235971721214,-0.001413344207865208,-0.0024750055657883907,0.0003477215339022788,-0.0018848736180255843,0.0013110714320088146,-0.004888170894644439,-0.0033592365229691,-0.0025239198142744668,-0.0013893825173884045,-0.0043217273623409325,-0.0010486711725022912
2019-05-09,-0.005082548523018038,-0.015801737981810615,0.002398422606480155,-0.001509013711449958,0.0026434693114671948,-0.0062193382808871656,-0.003635961564602108,0.000927034197524268,-0.005382554594849487,-0.003025855839448255,0.0040992611737245,0.0025663008930645326
2019-05-10,0.0019156656294530006,0.00599078841074685,0.001897717514232511,0.002791350188491526,-0.0006587678386179574,0.00757573157475,0.00275271117609055,0.0005889919602191096,0.0012446096344327362,0.005023749254263299,-0.001361407967529371,0.010705406134418727
2019-05-13,-0.005098745296022278,-0.03334895090802115,0.010211626950944463,-0.009161616900124292,0.004994296724690539,-0.023536871986416186,-0.03186044627055884,0.0005888895040400133,-0.03470269213789201,-0.025130330914342802,0.007856214986425414,-0.0010365610254188251
2019-05-14,0.013452896884141863,0.014046321760700753,-0.001711902564663248,0.002223543518356186,-0.0009381250750885028,0.010378092378183101,0.012596542796201149,0.001429411506717937,0.010975202640308268,0.009043602756066527,-0.0029427930508184597,0.003688189237315065
2019-05-15,0.008849569357513465,0.0019440506091623622,-0.0005716127335255727,0.000933746123721102,0.003191179959453505,0.004307671495498155,0.003256326066393367,0.0027709705831688858,0.014124401856514757,0.005857489492044232,0.006142353850933535,0.006774524450161357
2019-05-16,0.00563904043167085,-0.004850859635963101,-0.007190107507202059,0.0030336732834981284,-0.0019643626614826992,0.006433284722404009,0.006232453507937885,-0.0015913989263567352,0.010049720548456653,0.009261229071360955,-0.003329555669022821,0.003991562685560224
2019-05-17,-0.009345792447269297,-0.01803552709923939,-0.007077611679961793,-0.0003481436483322442,0.0004687215360816843,-0.005736635374657961,-0.013935546821550626,8.456623244357253e-05,-0.010220121726839948,-0.006465365138650703,0.0022269968212380586,-0.001931131010957099
2019-05-20,0.004402626854700165,-0.004219467974028834,-8.290208125960596e-05,-0.0009308851563510911,-0.001686991547067973,-0.005110503352411144,-0.006935371876720997,-0.0023483404062975,-0.016881399299230493,-0.006612040291108512,-0.002063712285478636,-0.014454960951834184
2019-05-21,0.0006260902016150816,0.012711818475518166,-0.002320944800343727,0.003144418590307785,-0.0011260869896546621,0.007456425051936888,0.01344046426031964,0.000840585833175922,0.010447415884996536,0.00901592492947989,-0.001590449148208939,0.008546483659327864
2019-05-22,-0.014393015702808376,-0.004922715322587368,-0.0009970317877491253,0.0008125141874968378,0.003006898781210854,-0.004111738451617497,-0.008386670349233127,0.0012599010365696994,-0.004454576318983938,-0.00307164941524396,0.005735604691665452,0.002977028136360804
2019-05-23,-0.020952334086878133,-0.012861313085073878,0.007734533613593886,-0.0049883628066099694,0.006088883353658536,-0.009413628966677745,-0.020585910802638385,0.0021805014966749248,-0.01530256362646265,-0.012218296460865252,0.011247342028774643,0.0022833973850096
2019-05-24,0.013618659059213112,0.0010021698139173196,0.0010729131367257505,-0.0013990641028625017,-0.0002788989862266833,0.010503341853959958,0.00937148975554214,0.002092818810439212,-0.0005047151988468723,0.0022682606658692706,0.000861808843574563,0.003075283307782728
2019-05-28,0.008317364934993243,0.0035043632273719094,-0.0038747008151563955,-0.0009338463524117824,0.004376453627400467,-0.009569352191498681,-0.00795795265757826,0.000668102934407333,-0.0037607897935482137,-0.00930059599369415,0.007200120506041685,-0.009879598992078908
2019-05-29,-0.0038070914453035565,0.006485248213117911,0.00033105118696652447,-0.002688226011108963,-0.0003707619493159564,-0.006330115649469281,-0.008356498879502627,0.00041718457998562997,-0.008225957985485421,-0.0067106971562521656,0.0030298113949571714,-0.013304126261291516
2019-05-30,-0.010191065725752901,0.005452441170503253,0.0067841455794739325,0.0021095859981412612,0.003618276991958158,0.004023311225633819,-0.0027638193208766593,0.005756845594494742,0.00420400508784069,0.002731297354405804,0.00859880556784387,0.004184416037819494
2019-05-31,-0.026383575769236445,0.003450698334039215,0.013476862164072179,-0.007250318137656753,0.00665509018235233,-0.00834842916132783,-0.013993344266922003,0.002322695392716012,-0.015952725489474018,-0.013475567463288929,0.01251917770967692,0.005787902376680698
2019-06-03,-0.0033046918366214095,0.009088868668887251,0.014432812396575123,0.0016092591369714082,0.004811299894009746,0.0037043003506600503,0.003496893076133434,0.003079846224731675,-0.022017828055656552,-0.002542599729520867,0.006688802702217611,0.002416939109703753
2019-06-04,0.005968183031565433,0.002190415301431381,0.0003197259638094696,0.010041132690766563,-0.0036621733733129824,0.01241397053582971,0.02589318427912035,0.0003309521809629068,0.028156338787237445,0.021706471102386438,-0.011401112799979574,-0.004477730231140398
2019-06-05,-0.020435122539752215,-0.008015166754585468,0.00255692921232642,0.00233957265939555,0.0,0.00016567391809862997,0.00019962012356944392,-0.0006620844621826327,0.007432414173431656,0.008662116111652685,-0.00565213815384813,0.020874298346968745
2019-06-06,0.01749669154068534,0.0004896194635812812,0.003267681746441209,0.0021001051826328165,-0.00018404767399415878,0.0031478322989124674,-0.0025964265161345645,0.0019043446021098642,0.007944948213962633,0.006502569465044683,0.0032261861545113124,0.0019201070810122012
2019-06-07,0.0033068774301141524,0.007831833281670475,0.0056402851919619135,0.0025616618163897265,0.003952310354460531,0.012551739954962837,0.007075672047264447,0.0044623151759610735,0.0193120869851251,0.010007185187197454,0.008651860850888093,0.0037210445705926354
2019-06-10,-0.002636797108882427,0.010441754125852132,-0.00995334973762696,0.0015101940780037904,-0.0049436240807494425,0.003098901494501094,0.005899842599560667,-0.003619960640110498,0.011654504910340702,0.004589155859821004,-0.00941258860368921,-0.003257463753566836
2019-06-11,0.006609383673242819,0.011295399627922365,-0.0011968524989021123,0.001391380817655996,0.0,0.00439032057804023,-0.002965339768832398,0.0009081984384116115,0.001365279649017559,-0.00024283096240917956,0.0006128838625987232,0.0027046500003107266
2019-06-12,-0.013788557129537415,-0.010693940530098534,0.00519253494403471,-0.00231597647168591,0.0025763083035799106,-0.0072853187634626115,0.001123500386996934,0.0014847293001145623,-0.0057797755063204725,-0.0017648989065626175,0.0007657413089876552,0.003371859275346889
2019-06-13,0.012649811717801551,-0.0016814715789517098,0.006119340633088832,0.002321352669851784,0.002477504810401321,0.0004892368283953008,0.01056293288559429,0.002553441575820159,0.005922999263967332,0.004126471719071878,0.0034436218726543455,0.004256698276780657
2019-06-14,0.0039447574355979675,-0.011068312198898256,-0.00031596300165459557,-0.00069434655789824,0.0007321375277262732,-0.007497860153019009,-0.008754212632703595,0.0004104871013206335,-0.0042525821386865115,-0.001105196043087786,0.0025161228601848773,0.0005580069047861347
2019-06-17,-0.004584194483258641,0.003947156278109931,-0.0006320654488249922,-0.001506867948136703,-0.00018288010836275959,-5.0171481456473543e-05,0.006898516005050537,0.0004930320695850643,0.006022888544931382,0.00038029133165862206,0.0017503123432376366,0.010702268438265383
2019-06-18,0.011842131964708624,0.02417591969828181,0.005060083591572395,0.0069638798314393124,0.0019212849217222772,0.012564891705063364,0.011626061086714712,0.006648574768057358,0.014531316138691741,0.010471081934353865,0.005011544107857313,-0.000992788057346261
2019-06-19,-0.001950541253476934,0.008345190874227137,0.006057242183997058,0.004725323519090718,0.002739661862784626,0.006618068403812849,0.003571324402546816,0.006359935302478803,0.0037553647152634984,0.002257244795633051,0.0014357569688907557,0.005410091879578083
2019-06-20,0.020195419370194756,0.014660714646447692,0.025177896911959374,0.005047754686471118,0.0016392248760586092,0.008875721355558808,0.004723407253625522,0.005428546571085713,0.009299489491325863,0.009554277071383677,0.0026404607556798076,0.005051792935535815
2019-06-21,0.0025542919478684922,-0.003262617705279802,0.006635612181659978,-0.0031961815610086486,-0.004091315055953615,-0.003258358484187429,-0.008629063316303087,-0.003626157970527011,-0.0014825854983199216,-0.0014536589955799206,-0.010986567133064229,-0.014095204852132559
2019-06-24,0.0044585690901954855,-0.0014031983517829305,0.014850786310930397,-0.000114446527331169,0.0034692873278658887,0.0008172335490765903,-0.01214692900168668,0.0025069186444506286,3.156427393435912e-05,-0.0012244293029592956,0.007456489049546544,-0.0034358751773897467
2019-06-25,0.003170576239044598,-0.010301663597197863,0.0019411266395166216,-0.004237182231538683,0.0015461165892136641,-0.0045728618522827835,-0.006115229336359329,-0.002984543497162706,-0.01716611896503173,-0.009807671940254892,0.003096537984618619,-0.0147911857403078
2019-06-26,0.0050568464975631056,0.00946267739822737,-0.009165393111099984,-0.00045953695907163805,-0.004087518899243969,-0.0003281879136344257,-0.0023153537464195573,-0.002023261456560843,0.004650428720789579,-0.0009977894609890514,-0.006399515152758273,-0.019979464633182897
2019-06-27,0.0,0.007030871914667225,-0.000977700846950591,0.0027612378771075807,0.00301021724312478,0.002954279876467014,0.01876652912093113,0.005838340204507464,0.0038215495668962873,0.00354592772164275,0.007046859432303876,0.01287321152464127
2019-06-28,-0.010691723603586167,-0.0013962532283955387,0.0027100317696175935,0.0003439239826459328,0.0004541333054548513,0.004745505404759598,0.012172121994193041,0.002579592189720703,0.0012867956022293292,0.005146293772302801,-0.0006771642593562666,0.003444366504425922
2019-07-01,-0.0006357843441592292,0.01188505763812775,-0.019369383559800002,0.00030027735489657204,-0.001255827374932239,0.006351778241546757,0.0038582792575516667,0.0018949838120800866,0.013494627583092278,0.009078295146316417,-0.00233841654625655,-0.0004576650356188372
2019-07-02,-0.016539421818336897,-0.002533200347146769,0.021359735486276676,0.0021884033980794637,0.0035552630747173186,0.0030749498742592696,-0.0060857016645924356,0.0027360219612642123,0.003962751977285794,0.0026040905600352993,0.007713265815542991,0.017399346024233875
2019-07-03,0.00970245530037217,-0.0018470904190776016,0.001649060899963084,0.0037921013821071714,0.001907410287756539,0.007099024351434169,0.007154052950162804,0.0027291742753743353,0.0075260859881753905,0.007995343412549483,0.007128485902260007,0.01192633367133289
2019-07-05,0.0019219443211118126,-0.00693958690401153,-0.011150231525253074,-0.004007052442001835,-0.006346574830024876,-0.008010286229893637,0.002688244187873279,-0.008805132954827877,-0.0020371158374786758,-0.0011379223044248876,-0.013262871065466197,-0.003557919983238511
2019-07-08,-0.0012788858243032442,-0.006056620425287984,-0.006432617734537516,-0.001953928226440471,-0.0010036796178084506,-0.004844951430880373,-0.009509947459420798,-0.0013726514445741023,-0.007014090269051088,-0.005495014890499084,0.0013595265074375362,0.0035706239776411852
2019-07-09,0.0032010947969485226,-0.0030466590245581404,0.0035037454291328984,-0.001152253249937507,-0.0006395314563242271,-0.005842247120602995,0.001352961872472802,-0.0021023767631861423,0.005007691166095007,0.0012466645832287515,-0.00037717201204956474,0.003335278867486524
2019-07-10,0.021697447224547917,0.008462934249535037,0.015787490178783115,0.002767937275628185,0.0005482072153397688,0.003591192528318521,0.0017374768388864759,0.002268802103984058,0.009965644868938917,0.004777946103129871,-0.0055070567480051125,0.005762400759284025
2019-07-11,0.0006246650971559742,-0.0018651578901841548,-0.008443584154164463,-0.0019550989790612094,-0.00493286699668849,0.000650566443686218,-0.004881818195370258,-0.005902193095409403,-0.0007273445171211979,0.0023445107901203244,-0.013350203153447704,-0.013001244682266377
2019-07-12,0.002496822494479911,0.0007007801686693682,0.006254723814186791,0.0016126787337333859,0.0011019804881797768,0.0008128680407231137,0.0077463763161236265,0.0009760032611685343,0.005768854802602252,0.004476647922699639,0.0011531177682961857,-0.0013397999413558015
2019-07-15,-0.01058534391932442,0.0037339423552984474,0.0,0.0006905148588465249,0.0021089279635206903,0.0012993816888839937,-0.005252643230860277,0.00170591039639989,0.00320322969968867,0.0003326894627351251,0.005759371340697816,-0.0007823895196438224
2019-07-16,-0.010698522117845277,-0.0013949548031126913,-0.008462554430785363,-0.0020693695468654294,-0.0021960883335776504,-0.004217397359103092,-0.0003218246421822224,-0.0021087018931652546,-0.005150646640318279,-0.00322562325829312,-0.00297793930443635,-0.002349333738946524
2019-07-17,-0.008905864313625167,-0.003027003933271488,0.01646531748539748,-0.0012670088150815717,0.004676836431793507,-0.001303191563789774,-0.007150544218900157,0.005283715867334671,-0.0049182584023022,-0.006804880986641004,0.010798158361780885,-0.003363703825632114
2019-07-18,-0.007060317750750333,0.006072181188666148,0.014117951186161548,0.00046119028862179334,0.0024647948756546523,0.0027727631533009944,0.0037633060826223197,0.002345137169677436,0.0011446153876659704,0.0036611369443859676,7.557996663209998e-05,0.0
2019-07-19,0.005817724588880635,-0.0051067982263161005,-0.014727392803034478,-0.001728946738258852,-0.0018210210556368622,-0.002114303179822863,-0.005752846798820488,-0.0015330188862276994,-0.007327841928889023,-0.00555470485898002,-0.0023482298818515712,-0.016314181492553037
2019-07-22,-0.0032132951697876333,0.00023316770052206337,-0.00014876383044060137,0.0033488440492681626,0.0004557614204121485,0.0008148932237848072,-0.0009101516718298397,0.0030705121090333076,0.007958058268698887,0.0024562241126311335,0.0018984071752761178,-0.0009150159675975766
2019-07-23,0.006447379237731532,0.001166500844127727,-0.005652618252780628,0.0017267826369664618,-0.0016410474397674513,0.006351778241546757,0.006636914719642117,0.0005639483575798909,0.0065442343476751486,0.007150064104879172,-0.005457047386612346,0.011333609362479846
2019-07-24,-0.004484275182592534,0.001631032516255182,0.005086339018351538,0.000804239928059447,0.001461467436719266,0.0008092408405644402,0.01654819814592723,0.00281706829276418,0.007017920217690321,0.004699550070020431,0.004343908038767497,0.0007925295970276913
2019-07-25,-0.003861131682841634,-0.008839270651236797,-0.007070008058076338,-0.0013783337501264148,-0.0017328788424687547,-0.010187709350057639,-0.012082045251858298,-0.0032105728502487274,-0.009479711911148159,-0.004777057098603099,-0.0047803335527502044,-0.005881786397621491
2019-07-26,0.001292104537745642,0.002112178866996217,0.001648937368628589,0.002184503996731868,-0.0001828959180911749,0.0021239328752553632,0.011844003979653683,0.0013686598282225404,0.010294914861311177,0.0066998089531242755,0.0023634782623311867,0.0045510240386712475
2019-07-29,0.0038709522610094194,-0.0018735813977334148,0.006659678193005059,-0.0014907565097906916,0.0009139970377138873,0.0011412031487698648,-0.006679471112758351,-0.0006433177773962351,-0.0034308211382100273,-0.0018212740167986574,0.0003040745642255427,0.0027181994417113664
2019-07-30,0.005784002871211724,-0.007742873864632238,0.003344956160896251,0.0004594507827553329,0.0004565000494236582,-0.01156158523238282,0.01082264661600818,-0.0003215175691196892,-0.004316161458168821,-0.002454283860691353,0.0024332540246374545,0.008020004951218906
2019-07-31,-0.006389703839813521,-0.01229603234190979,-0.013112972808538625,-0.0017228784893984495,0.002554747101208843,-0.005436561528396555,-0.008109182117078562,0.0008852514749997376,-0.013830222246259738,-0.0109404175168768,0.00804098981658119,-0.003921700641586812
2019-08-01,-0.027652753842589806,-0.01963136190249648,0.02402219643390402,-0.0004970886274515696,0.01134262411449094,-0.003975629674672132,-0.014499304081683206,0.008129976247560178,-0.004971183340233054,-0.008707848593715317,0.019860001477859823,0.0
2019-08-02,0.0013227215127691316,-0.009767919950365522,-0.0038120684590625675,-0.0015025203326072267,0.0020736331374240358,-0.007650024432387159,-0.01108289562443654,0.0010401237403407926,-0.014725250663220057,-0.007529989276430449,0.009241652822566504,0.0048373472836789055
2019-08-05,-0.008586479608085451,-0.03699138180477901,0.013981852270352535,-0.010417405174917627,0.008636962318557373,-0.024635443464283924,-0.03001749273164067,0.000719402341726294,-0.03533486661742191,-0.03007284251250708,0.017287763795141853,-0.01970450396618051
2019-08-06,-0.005329808319195606,0.014340592752552395,0.008128386897085838,0.006433842450718652,0.0016054247239682962,0.006529009402708619,0.009189400957994032,0.006229776326574177,0.013998555703175652,0.014023128288068065,0.007993223640206049,0.01107784624577235
2019-08-07,-0.012726066612855802,0.004544191824588539,0.015189695160357397,-0.00011684870794603786,0.0,0.0042677654863538805,-0.00026779258670661665,-0.00015905930696435977,0.005402300513862368,0.0005904153187425987,0.0003577173858442251,0.009714370642687875
2019-08-08,0.005427437319150297,0.012314782323591844,0.005034686098196239,0.003952612937339284,8.914389381309284e-05,0.009858842670433576,0.02156435426382708,0.0026988791807591728,0.021763796126600177,0.01962013419527775,0.0021423288580528776,0.017563536542172686
2019-08-09,0.008771957507367478,-0.01017893864291719,-0.0033161732510501585,-0.0013894742063349508,-0.0015139677531743612,-0.007405963551739392,-0.0125865113473983,-0.0029290298482921306,-0.009401704355190166,-0.006811494416867014,-0.00199565930382406,-0.001209454613068317
2019-08-12,-0.007357842442420548,-0.012038972988868468,0.009698502260031328,-0.0034788932313434273,0.006331837778580374,-0.008479000330703479,-0.012946803038543453,0.006272731988442359,-0.011475259637903412,-0.01217347674168312,0.02084956450599118,-0.002641605288664528
2019-08-13,0.0235848231896143,0.012693431340466077,-0.005959518154781018,0.004421985869783374,-0.0035446014466397058,0.009064432323487415,0.010762198745511986,-0.0007889118746376989,0.021914791974215087,0.015551982095455497,-0.003427147326104385,0.0014350136660534751
2019-08-14,-0.015141566258656813,-0.02882903181908436,0.0068415942238304606,-0.008919684251593729,0.0066706375379292915,-0.026440467159778214,-0.02794959630383187,0.0029217785607300595,-0.029884697830701468,-0.029567578842605524,0.022529074770847757,-0.015208201791696574
2019-08-15,-0.008021284492282565,0.0067111110804829455,0.0066549698650941735,0.0029220072778437522,0.006360502649758626,0.0029593339546407638,-0.003970733838502771,0.004882184091893338,-0.001148998440719473,0.002641496518802411,0.01112008145040111,0.009959337036740346
2019-08-16,-0.0006739142652889551,0.013846262143559773,-0.006402214255277094,0.003379444839270107,-0.0026337125016155927,0.012324440019092053,0.021582083831876986,0.0018017224343194194,0.016050289102317095,0.014754826796145037,-0.008010094719520966,0.010304771542926305
2019-08-19,0.004720130593708793,0.004046633057255944,-0.011696303286335752,0.002903368650244653,-0.004752763651570957,0.005315436181764888,0.010092269533879206,-0.0032844488964423046,0.01590487621060266,0.012047999243886442,-0.014302547169716573,0.00723825547185486
2019-08-20,0.00268465283923236,0.002015049829865667,0.007795380191040424,0.0008110161068222155,0.004421972469860425,-0.003240839808492546,-0.006527543570782002,0.005806794359681788,-0.007748382193182191,-0.007662732135607309,0.010344447685440183,-0.007077381351907275
2019-08-21,0.0033466446309868836,0.009552322344823727,-0.003164420123660472,0.004281225923786991,-0.002641596594202378,0.007700508467627598,0.008246797801920724,0.0017941409110533435,0.008878338581356449,0.0081357792091592,-0.0066658107833487135,0.004167062419405454
2019-08-22,-0.004669749028383019,-0.012947968809205679,-0.0025395077899371676,0.0018438744257891493,-0.0022074351297600714,-0.001528348523386236,-0.0023276492924627634,-0.003660303348237637,-0.0032338253382430127,-0.0003078733847138304,-0.006640592944646695,0.004586806609253591
2019-08-23,-0.0073726372474691715,-0.014883921931781563,0.019589847185487175,-0.004600211654674169,0.006724660467264387,-0.01207485683163867,-0.03066071558389527,0.003673750389087349,-0.03164539161989244,-0.025687399857147852,0.016434914171168824,-0.014023209755014476
2019-08-26,-0.0006752794052187205,0.005377451666287669,0.00013875475282665306,0.004967837683183873,-0.0009665717331466261,0.007746583797709983,0.011001968174567,7.83731672988619e-05,0.015104089125629772,0.011058465242100413,-0.0040421838759341355,0.00771757416575225
2019-08-27,0.006756755231609679,0.0017830853394413815,0.00957073902105865,-0.00045974505125911946,0.00431056994845358,-0.0005124690355199357,-0.014826937886768143,0.0053733333373175984,-0.0021102542323223616,-0.0039238741334369776,0.01540790819844906,-0.0028447938607603085
2019-08-28,0.008724785417227654,0.002796745362675823,-0.002816539407023644,0.002415483609607527,0.0003502682513778499,-0.0005128111526505608,0.011667285757411161,0.0,0.0035785131132504144,0.007041736850025515,0.0012877834163804724,0.003291901323438484
2019-08-29,0.0026614324125304734,0.011156232837736368,-0.007164566813753437,0.0010327480497409613,-0.0019262670748435573,0.0088919374452745,0.01753765421220188,-0.0021690995565498694,0.015289789713915258,0.012773007141697601,-0.003789097474917069,0.007764879512366152
2019-08-30,-0.015925690701325212,0.0077734532421298574,-0.0025672712303844714,-0.0009173048080677315,0.0002633885343692466,0.005593287739916519,-0.0018106587638585525,-0.00015519269623254228,-0.002394267615979939,-0.0004442530762457375,0.0002717770802822539,0.000759338332010806
2019-09-03,-0.005394499325706348,-0.006220547968864398,0.013913043478260834,-0.002868491631826786,0.002195831321921471,-0.004550807964262216,-0.014646299452308997,-0.0009421003407991124,-0.009708477171957886,-0.0058472950311098115,0.001292909037241774,0.00997633706978407
2019-09-04,0.023728808185056183,0.016775180233006948,0.006243592878966586,0.002079622891085764,0.0015784727507248686,0.014053449240706284,0.008045824626385256,0.0018702473151770427,0.014435535805762179,0.01135042316761603,0.0014935882815050316,0.008374211111760399
2019-09-05,-0.0013244735199321456,0.011327424630289684,-0.024001119491110168,0.003920848375529307,-0.008052458808934015,0.006679078603627708,0.018601061754969006,-0.007311058016175709,0.018319183852635756,0.012855158528698452,-0.018109922093064612,-0.0072400877957745635
2019-09-06,0.0026525339966452233,0.004382650109530983,-0.008523132778435305,0.0009189820862205433,0.0006173285379171833,0.002322079004288602,-0.0045821037302515855,0.003604194093969948,-0.0009908769273226925,0.0007725133801281814,0.007115210256229965,0.0022523264677702937
2019-09-09,0.009259271533957891,0.003151645402031056,-0.0037344897557421985,0.0010326519363961228,-0.006172992379051667,0.0029784928291503032,0.013409069848756339,-0.007338603418671541,-0.002087654640854253,0.0005032181823636517,-0.017765518456972718,-0.004815478166116605
2019-09-10,0.0013106594095984025,0.0007249516152323388,-0.008557937047107611,0.0005730832246104711,-0.007275865652477509,0.0014850537024837518,0.012770629940780376,-0.008415324237492694,-0.0028766549175226475,-0.00023473958732056488,-0.017527404323239404,-0.010322561158059962
2019-09-11,-0.007199008872775026,0.007002824747361469,0.006063676329913781,-0.00011420714818854982,-0.0009827738612084858,0.006425027260832383,0.020474529069993475,-0.0007934102633718743,0.009389281865122001,0.007110828625692012,-0.001777134078102205,0.0010863231062545609
2019-09-12,-0.003955232366047667,0.007194527097436287,0.002056360685188219,0.0005722677301671641,-0.0022373739015054683,0.005074418676061843,0.000254866724446412,-0.0013494735534319569,0.0041574954780501105,0.0034640202679059318,-0.006550761264533467,0.0053179586034020065
2019-09-13,0.0,0.005714211858711238,-0.008279177519783909,-0.0018321855961722644,-0.009145844228383382,0.005863104292564314,0.001718909300592264,-0.008981448979827777,-0.0035708609463094287,-0.0006638538338702427,-0.02135915923739673,-0.010687374320923593
2019-09-16,0.04434160446338131,-0.007812425933904299,0.008348294532203537,0.003557163325033086,0.0043437002316084605,-0.008257755465123418,0.0037511922679918097,0.005052631482021619,-0.004466953599006063,-0.0030890993674068667,0.012743646323449598,0.008729688220098897
2019-09-17,-0.01901154207678346,0.0,0.0019813102518067005,0.0005712043294630043,0.0026132450075253555,0.0034286403054755166,-0.0025967056606419625,0.002553812142952916,0.004800064286945016,0.002532344007642795,0.005423791673455636,0.010817807234430266
2019-09-18,-0.006459875269685944,-0.004056356031848285,-0.006285306153149484,-0.0005708782413398339,0.0003594037750931367,-0.0013017072612222513,-0.006159340208268915,0.0024676511074577245,-0.00041553915256886675,0.0005984153612641485,0.004243681623366413,-0.0034248598688469967
2019-09-19,0.005201588148934233,-0.0040729836716080214,0.004050828215713009,-0.001143511488265081,0.0004495310646022155,0.004073004840749794,-0.004855517921382058,0.002858343107524197,0.0016621877283993225,-6.688506856167287e-05,0.003008316868440275,0.003544096538189878
2019-09-20,0.001293559866813565,0.0009623628464361378,0.011820485442912032,0.0012588487597153808,0.005747004817558743,-0.0034073490882858826,-0.002118697728271668,0.0068884351205202865,-0.010578698021472932,-0.004724813742216449,0.013210695358259583,0.0
2019-09-23,0.002584137140042131,0.0009612237279503777,0.005596383832365381,-0.0004565806112580839,0.0014287193471396176,-0.002116746267666003,-0.0007720034582854307,-0.0007075426453367895,0.00044101493858006435,-0.00023460769856575858,-0.0002113544622008856,0.0016049506417923354
2019-09-24,-0.011597963016443336,-0.010564055120339422,0.005286918308423871,-0.001373248114235448,0.004992909643350973,-0.0030999597040844984,-0.01509382088702882,0.0031476133547339025,-0.013280685547051307,-0.007846781270972047,0.012053686221743076,-0.0022183418145031997
2019-09-25,-0.005867027071210007,-0.0007280501988614629,-0.018545379403875573,-0.0010302783506831448,-0.006565402043044566,-0.0026186779624178813,0.010956045997079888,-0.005648151692059011,0.011225161601504663,0.005914889477577567,-0.014626857718207376,0.001942858061910524
2019-09-26,0.0,-0.00024289623068918242,-0.0002820880237280887,-0.0006880316286892452,0.0021434623725160584,0.003446081750647423,-0.011161664867504584,0.002130323800009881,-0.003682510239894632,-0.0020832040186069545,0.006432427330836266,0.008402205120208395
2019-09-27,-0.003934483496629948,-0.012873385625630784,-0.005148429100112373,-0.0011468941117638298,0.0014255237834792656,-0.003924691065452568,-0.008006428470153315,0.00023588147332542775,-0.012409106371120915,-0.0053871167589497615,0.0024577879625529153,-0.005555142088093379
2019-09-30,-0.00987491539248031,0.005659312042685327,-0.015525325955691782,0.0011482109881852942,0.0008011837622132756,0.0026267699709376924,0.0011907531467212351,0.003305703107758573,0.009517272993410764,0.004637521301850356,0.0024527879199858216,0.0017190306820678014
2019-10-01,-0.0006649526914406234,-0.007095460805945697,0.005472814807717441,-0.002303563413223242,0.0027690905096540153,-0.008023663996192365,-0.019624550656127226,0.0011484522573919076,-0.008156536199130371,-0.011894607263810641,0.0030106570646633024,-0.009436783522304926
2019-10-02,-0.008649321939302679,-0.0076392509540702536,0.011673634369571584,-0.005887467494854581,0.0034629199931470733,-0.020138440135268554,-0.007548725886710295,-0.00039324768389781273,-0.017194372015515325,-0.017664946579922458,0.0024427580802894866,-0.0042223379875390155
2019-10-03,-0.0013422516839989296,0.01291270812192602,0.004530648552570016,0.0005801896116677252,0.005221701153269143,0.0067383207732925055,0.003327785528451699,0.003929824393002823,0.01097559852047958,0.00819309308346372,0.009121847338683597,0.009675960826549979
2019-10-04,0.008064484142649153,0.004413062472933715,0.0,0.003133933014690893,0.0019369079793492006,0.008868997846054993,0.009476087739871852,0.0041491404834310686,0.014725457662829289,0.01353231711891345,0.007383584827826972,0.006029921011097894
2019-10-07,-0.0013333033414318907,-0.008298846215583189,-0.008527071931805796,-0.0008101846491037623,-0.0033388110966017237,-0.00199060648150462,-0.0017435923562364453,-0.0050675832746468474,-0.0030188534182028492,-0.004314905930139057,-0.008288561613516543,-0.002140605765850956
2019-10-08,-0.0006675417063034539,-0.007137700665354574,0.00874259511120079,-0.003705062076755694,0.0021157295484675043,-0.009639207453746246,-0.01625450430734876,-0.0008620706413431378,-0.014980856881946059,-0.015524859392781476,0.002693674332690854,-0.005255625604501213
2019-10-09,0.0026720248497345,0.007684701244568437,0.0009160434363713055,0.003022108571336446,-0.0025511025958492306,0.008222942563761881,0.004574362143769939,0.0003918958600173106,0.009761616325991929,0.009496466764106204,-0.00564819015323903,0.0019407637705175507
2019-10-10,0.006662149117119265,0.010332244365230503,-0.008729359144837523,0.0012745964236708929,-0.006262371904078745,0.005825527244297968,0.004009937837992528,-0.005879276785447751,0.007744260470694098,0.006763534249691894,-0.014894461019863359,0.0016141877743682809
2019-10-11,0.011912741352862133,0.016070078199313942,-0.005539370732339566,0.004165703298619539,-0.006834140412548262,0.018368243260894923,0.01692435543516968,-0.0018134846022733742,0.012878886060137651,0.010366970225931915,-0.012376856840106032,-0.00042948605251580396
2019-10-14,-0.004578125125175414,-0.004313441112849481,0.003999125640758994,0.0006917317783423638,0.002770664489913699,-0.004387607619069422,-0.003661576232697694,0.0033178591870528518,-0.00010456698157834676,-0.0011137477589497902,0.0072628481959153834,0.00042967059004150876
2019-10-15,-0.0026281346419109175,0.008904988221954735,-0.006970593591764218,0.0021880374581391138,-0.004812739498827101,0.012404342679420477,0.011491926405760688,-0.0026769754640134646,0.012716707877221678,0.009900451559470058,-0.012088675472751609,0.0012894978236150934
2019-10-16,0.0013174199314727186,0.0028623459646144322,0.0057302703836425994,-0.0008045075979228322,0.001969972670381903,0.0012897457651350752,0.0010568151044911822,0.0011052294279558783,-0.0024804826794913026,-0.0016064840729427265,0.001216985740015275,0.00010725919428300479
2019-10-17,0.003947426161951206,0.003806097630674854,0.0014243781997433924,0.00138041540024747,-0.00035773856102294666,0.0022540356740337053,0.011811386643647559,0.001419537208595667,0.002641891995619705,0.0029491934803713704,-0.002429576588889315,0.006544912332539621
2019-10-18,-0.0006552932185397431,-0.005213185141932031,-0.0010667370445437419,0.00022951708660912118,0.0008942314832909304,-0.00048200129443676243,-0.00476068444843436,0.0012604730704068867,-0.009609911355101697,-0.004377011152868593,0.0,0.007675233773792867
2019-10-21,-0.0013115188389994925,0.009051617324753236,-0.004770136663166058,0.00034425791947967355,-0.0036619909283449603,0.0062681429993909354,0.009370358737085027,-0.002281215411397808,0.00886857449361167,0.0067789147851011755,-0.0075225945195368515,0.00761646617588041
2019-10-22,0.0013132411795466759,0.0007083901162352468,0.002932997222985456,0.00022975305773753618,0.002330812106804414,-0.0031945690250060332,0.0011035087094728446,0.0017340801319083443,-0.007962957697161155,-0.0032665666054504383,0.005846308442064352,-0.0029396263707149872
2019-10-23,0.012458954338099959,0.00023585791927338562,0.0023537934253772264,0.0009182498528998995,0.0003577891416137735,0.005287752996248285,0.0012322194978813261,0.0005513949586597455,0.0019285548369745165,0.002909374994753522,0.0010046055292445288,0.0022114491833837846
2019-10-24,0.005181446924985789,0.0,0.007115918371069618,0.0011459790400762948,-0.00017851421283976432,0.0015939009476817478,-0.0014249794838258056,0.0022018877140084214,0.009728258911497312,0.0016342730403315908,-0.0020069981312642593,-0.002521619399349473
2019-10-25,0.005798909758184534,0.007075643217157701,0.0023316740895991117,0.0008018661389681547,-0.0021465084153983183,0.0004775497317097699,0.005318622958217167,-0.0017264729217830732,0.007986086729319997,0.004094614907317329,-0.00488514043014987,-0.00853172508176947
2019-10-28,-0.0038436746331314,0.005854681358823832,-0.008600036764796815,-0.00011452160173641701,-0.0037642719992135865,0.004294418990893112,0.008645299125261019,-0.00298752659263235,0.00986504127788912,0.005636846974235166,-0.00909602561393541,-0.006055702387978035
2019-10-29,-0.0019292169305614726,-0.005122359063643778,-0.0027730332148816483,-0.0018306618542944797,0.0008997023645158642,0.00015854947526805496,0.0032620338144273564,-0.0026021497059575127,-0.007744511804184118,-0.00029670899082312463,0.0006556374135420207,0.006092597344264705
2019-10-30,-0.0064433685924975,0.0044466848700670525,0.005490226541611021,-0.001261335789544682,0.004853437246475689,0.004275451483720882,-0.003315245040743653,0.0035576914880559585,0.004846349046263354,0.003067197214853712,0.014634526918792634,0.0036118343083346716
2019-10-31,-0.005836588801190534,-0.007921802497751096,0.009998499224238566,-0.0034436270289672777,0.006350401215185375,-0.002995845176618994,-0.0056293365374984194,0.006066142990373002,0.0004566263678076332,-0.0026632255895012724,0.013490175944822713,-0.0017994179546636513
2019-11-01,0.018264864727439045,0.01503047716717787,0.000912763389017579,0.004291616437534174,-0.0018867850356042437,0.009805352812347179,0.017047370809057938,0.0009809318621074592,0.009082765558295902,0.009263708248190117,-0.0030786356026181183,-0.00021199334386046154
2019-11-04,0.006406148167340309,0.009949390840070516,-0.002876007780098777,0.0020729049321643878,-0.005083500643403349,0.0053249936914550045,0.005376584494976022,-0.00470608309514553,0.0061848335510545915,0.00401776988354996,-0.013161296651488463,-0.007000342689189476
2019-11-05,0.002546091558076169,0.005726953705476268,-0.016180006273117664,-0.0010344306366938394,-0.005377952674238129,-0.0015578959399005221,0.001258032086988603,-0.005752761376457083,0.0005497944962893353,-0.0011061189314667264,-0.011246859856058,-0.01698383980263174
2019-11-06,-0.010793620223337186,-0.0031888398914931004,0.004290245395359271,-0.0011503604746195828,0.0028838137792455143,-0.0009361815702493281,-0.005780859759013768,0.0056274963543505585,-0.0022475995921312775,0.00022770362906610053,0.006051775816594773,0.0021733802502810207
2019-11-07,-0.0006418340730268701,0.007312587863816944,-0.015521486102876958,-0.0004608823150142882,-0.00799800996272726,0.0034359065395133115,0.002654557871376362,-0.007803144119608252,0.0033539644284770187,0.003517214736448615,-0.018118488039446268,-0.009975070454659396
2019-11-08,0.0025690566739438037,-0.009074327175236263,-0.006364394703267995,0.0009216383219234903,-0.0013586180310216633,-0.0015565133666975983,0.0027101027173699332,-0.0013506794635110841,0.003991267742833315,0.0024660723651990235,-0.00420729560297084,-0.0024094526588702703
2019-11-11,-0.0064060768309761595,-0.007096986271452055,-0.002401934875323586,-0.0005756695111081012,0.0010883731081465786,-0.0009352336408484652,-0.0018856107135915012,0.00031808537132804737,-0.0013414881067558282,-0.0019098111973433474,0.0006671130310109685,0.0021959144009791043
2019-11-12,0.0006447307441435068,-0.006456230950245834,0.0026995120660886496,0.00023086584489862005,0.00045291573206274194,0.00031203637386356675,0.0003148968361761373,0.0009543310480644163,0.0028860155171537283,0.0021077425458686516,0.004592911496930752,-0.007558626736416163
2019-11-13,0.001932946002715763,-0.007658523232017211,0.004002059820052306,-0.0010369422540039697,0.002717544127292637,-0.0037434857286260392,-0.004281332017568307,0.0023832883133971805,0.00024816389385184934,0.0003238359856294615,0.006488874155218927,0.009161285141008335
2019-11-14,-0.003215433162551573,0.0007018674982384177,0.004203521155341949,-0.0005760981887044103,0.0050580701945162065,-0.0020354043161505686,-0.00031615125586825776,0.005231386326804532,-0.0007937544878141578,0.001455707461375022,0.010329401065770183,0.007765384324348146
2019-11-15,0.005161245733805497,0.00794555706090394,-0.0025259154943226836,0.002999031781115047,-0.0008090413225475546,0.006118666909488146,0.00518664569329963,0.00015793831747146214,0.007347412497469508,0.007236171799049895,-0.0010872494902319785,0.005426595927900291
2019-11-18,-0.010269559589612176,-0.0016229880807556718,0.0029664162029099383,-0.001264905003121486,0.0017094826475356761,0.001403251523694582,-0.0025170592947951764,0.0011031430913497342,0.0007885128301252653,0.000737835878208859,0.0018144299377431672,0.00485730466384382
2019-11-19,-0.00907905789591057,0.002090209248256203,0.0005050304911609071,-0.0035702654589886418,0.0018853271865892918,-0.0006227371731722942,0.0037221274176089114,0.001968932013807878,0.0014774527690377681,-0.0002883096548661479,0.008332886753263269,0.0017190306820678014
2019-11-20,0.013088855284493661,-0.004403505645858452,0.0005046655432805469,-0.00207996998001736,0.0036743460871939693,-0.006544080845812372,-0.0037712355849666146,0.0014143217975102207,-0.005999121942871999,-0.003718958211046286,0.01034703512278834,-0.0005361584779449702
2019-11-21,0.009044012409728186,-0.0020948679153982575,-0.005477043362080103,0.00023098751719330401,-0.0025003271120653814,-0.0009410996716529008,-0.004920633680080666,-0.0023539983318874302,-0.0022258733454312285,-0.001608988539470002,-0.0062582661592528455,-0.014055884456549594
2019-11-22,-0.0006401904431115879,0.0,-0.0018840181654777854,0.0038215543568698163,-0.00017845510067293624,0.00204083640908137,0.003106783305869998,0.0027533854191619245,0.0006444314000730866,0.002224135712403541,0.0012882283071868894,-0.003699985384125859
2019-11-25,0.0,0.010030516467496309,-0.004791662812458131,0.002653419618676489,0.00044728498174251285,0.008146646770762489,0.0212361250481794,0.0034515232830754083,0.011841672476450293,0.007750518019591146,0.00293055522147867,0.003167505990400832
2019-11-26,0.005765547617879063,-0.003002330590334057,0.004814733391401704,0.001149554763093752,0.0018792430983622932,0.0001554238821999121,0.0006808292786848469,0.002579775633321235,0.0019096709870234374,0.0022652486444392217,0.005844049319447597,0.013284192479978696
2019-11-27,-0.005095568326590749,0.001158085111010232,-0.005299919828770094,0.001264169992015285,-0.0025902962552226683,0.003107345284923957,0.0070503699720334545,-7.769278403224611e-05,0.006989013038525949,0.00445760369650583,-0.0029048858752371842,0.0047281808123387226
2019-11-29,-0.019846331480630752,-0.01573353014616108,0.006203971517371398,-0.002180526591406773,-0.00080629461940529,-0.01146215946822593,-0.006510133078538427,-0.0020278130609416856,-0.004562215731618191,-0.0037085099902967045,-0.00213217861333026,-0.00459913024166414
2019-12-02,-0.001306306273543112,-0.00023492170810468505,-0.0005078146228696401,-0.0006810274459746468,-0.003590126593742582,-0.0006267130204395954,-0.009766597605171623,-0.004340864215313434,-0.010238955317950937,-0.008495126248198148,-0.013332558330592104,-0.015149702036903356
2019-12-03,0.0006540074708336618,-0.00517273522956696,0.00957984896245434,-0.0013870271269003087,0.008918311498772535,-0.0034492287993532766,-0.00318394363559793,0.0077123648782679854,-0.007832683947030072,-0.006706433472502105,0.020967644370384564,0.006436775105365333
2019-12-04,0.015686284499454528,0.007563196035563546,-0.0013658431498282386,0.00300869500542178,-0.003839591283591459,0.009439805796518153,0.006888891233597372,-0.0013273130777951003,0.005064600068753311,0.006170168692288813,-0.009985781752806733,0.0041190593817950205
2019-12-05,0.001930458354875375,0.00445669757655387,0.0005758841931267078,0.0014999265795834216,-0.0023306426303170147,-0.0015586967506188154,0.0009951967144432583,-0.0010949357699278073,0.001975955966557086,0.0017980836129296573,-0.004864040264222269,0.0005400605870677921
2019-12-06,0.006422677444675173,0.005838587799109618,-0.009928092682104261,0.0013824693108523967,-0.0030539019518475152,0.009054235534794008,0.011681294113650376,-0.0005479936900487647,0.010698655905661214,0.00913420331772774,-0.005534676602795607,0.0020498696515096615
2019-12-09,-0.001276437470268954,-0.003946900270544229,-0.00029060665275248976,0.0,0.0008110187274270597,-0.004950675696837048,-0.0019038765043866146,-0.00015692095368990966,-0.004536812522582756,-0.003144400736782904,0.002168535371013025,0.0019380474950312365
2019-12-10,0.004472885188119946,0.0034962246188188217,0.0028347098739491816,0.0024163314846474826,-0.0011708310200095884,0.000932906124940569,0.0006156432541986057,0.0,-0.0008331102620033892,-0.001115057801107766,7.189828815090671e-05,-0.0058030001856202995
2019-12-11,-0.004452967575408695,0.014634347508468037,0.00688553265084435,0.0020649075448810894,0.004146640960826842,0.004193768127491948,-0.0003077846040046017,0.0039170226999367674,0.005297008413983839,0.0028387900296613644,0.00786129919861156,-0.010161181289753629
2019-12-12,0.008945770376239892,0.017399279992559746,-0.003527249493396556,0.002290152846025739,-0.007900108010557294,0.006496650299353979,0.008611985327058758,-0.004603943003766209,0.007463930495191562,0.008619138026591422,-0.016458426135966153,-0.013541673050875502
2019-12-13,0.005066453968831652,-0.0004499557403349064,0.004478873140076667,0.0010288492176009356,0.005881776421623464,0.006761839051818264,-0.0038420264929270864,0.006506564968187023,0.0032929900927125555,0.0005990924440693046,0.011568197970198701,0.0002215246789525338
2019-12-16,0.00693130116581453,0.008484391958253568,-7.198680622300113e-05,0.0019404578172668163,-0.004677525881431777,0.010521452048838809,0.007048144063567019,-0.0022584182497757954,0.01003906630946716,0.006869881773023945,-0.008990362992445267,0.007194316258827049
2019-12-17,0.0043804466827772615,0.009119915898677888,-0.00021575647831872935,0.0030754133106865034,9.024024632076078e-05,-0.00535906808257447,0.005003802033937577,-0.000780711607739959,0.0005733358323536386,0.00021923542039936628,-0.0013786241244025943,-0.009450534938046484
2019-12-18,0.0006231083344017119,0.005422418081524993,7.200752478642158e-05,0.0018169930733942241,-0.0027112674709121043,-0.0016934238542450908,0.001942712853310713,-0.0007031004632174209,0.0007641863394634019,6.210134184980731e-05,-0.00821243739626698,0.012188389261146959
2019-12-19,0.004358556822621873,0.0004495453835251517,0.002589559770448613,-0.0005232154733008088,0.0007804875709451764,0.0,0.00430284059284558,0.000987466835574935,0.006251530022703955,0.0040994812189663055,0.0015998252746909358,0.008862034282398179
2019-12-20,-0.001239828747748084,0.002021653810670543,0.0010044438566789715,-0.0014794865372189658,0.0,0.0010794870338646234,0.001447730848970652,-0.00031294403846049423,0.004030812507243242,0.004384142124714385,0.001319136355313999,0.005490512020994043
2019-12-23,0.00025229648555824546,0.0013448221174654496,0.003081942822633188,0.00045564204962667,-0.0009072630963148365,0.002310611497059689,0.0019883347458522493,0.00046993373178105813,0.002641637506851202,0.0015277207119284153,-0.0014631996767364708,-0.005023521161099387
2019-12-24,0.004413660212362114,-0.0022386850828869376,0.009431992518777577,0.0007984532058149529,0.0017248056825780456,-0.0009221561911112452,0.0022850361404838093,0.0010176126810947927,0.0005193950798048075,3.1310261886519086e-05,0.0028576801352662162,0.00263414113381244
2019-12-26,0.007532839684546433,0.007179865723530687,0.007857298625196796,0.0014792816771078687,0.0014496394335121732,0.003999393164418441,0.0,0.0017991309296601088,0.008824013338919912,0.005323199908104259,0.0024118109791135822,0.004379050438256149
2019-12-27,0.0018692837093843284,0.004009689946554262,-0.0003511943393945671,-0.00045421906110232335,0.0014475410209666695,0.0024514312508250313,-0.004919251778467193,0.0014051783935087325,-0.0008418124182162368,-0.0002480136222899887,0.001093537658268362,0.0031605391092976998
2019-12-30,-0.0018657960073028557,-0.00665625644899448,0.0021077991140190377,-0.0006829283338091185,-0.0006324932024287522,-0.007336309294604715,-0.002532213034129982,0.001793306053433641,-0.006553916870702392,-0.005513147828135612,-0.003641342371436429,0.0009779388560424707
2019-12-31,-0.0062304904524084215,0.0022337818736717363,0.0018929327941459295,0.0009105528900685833,-0.0036155106281761107,0.004465053662387142,0.001390184709042508,-0.004124660802617086,0.0018847627738449724,0.002429470620602503,-0.009793675986324746,0.007163921650127358
2020-01-02,0.001253979283264428,0.020280691725135913,0.0073478173310379535,0.004207745952883757,0.004626603107708682,0.010576496990105433,0.0006636801556354488,0.0021099660388967933,0.016697112886192356,0.009351844014941824,0.011292712050233522,-0.01174709118713324
2020-01-03,0.011897231517053575,-0.01856720358967523,0.013268521727000326,-0.001019002420705739,0.006683044517677983,-0.012437528183101065,-0.003920571230196512,0.00343118240082374,-0.009159873446835554,-0.007572321886212152,0.015400453383382251,0.0062158456824097374
2020-01-06,0.0018565595782067401,-0.0024480611177539746,0.010489502076611812,-0.0010202212516631226,-0.0010767772691591126,0.0035324205896611893,0.0013321992978920782,-0.003341840210191349,0.006443300396232976,0.0038151530213614837,-0.005678260437791405,0.0011922445895327094
2020-01-07,-0.0006177289494728733,-0.000669503568158536,0.003935150508558971,-0.0009083615053706584,-0.0014368024063295959,-0.0022955488870307628,-0.003326117025612585,-0.002573020339113108,-0.00013930896152758443,-0.002811876065476837,-0.004915825991035239,-0.01114977241576709
2020-01-08,-0.014833100607570704,0.005804889872246033,-0.007501524641443713,0.0009091873761843949,-0.002338311909897084,0.002300830556053013,0.0030943505284193318,-0.001407341738804857,0.007516395112076024,0.005329726591599027,-0.006611114027520126,0.003065282906989486
2020-01-09,-0.00439157743990215,0.006659211562811906,-0.005651653463197515,0.0026094890194154896,0.0007215577771828574,0.0027547568157497704,0.0012096903855647323,0.004775313496663269,0.008473492581406505,0.006780677020731041,0.003510019725373681,-0.000545591014444069
2020-01-10,0.0,0.005292281551453559,0.006026192495848015,0.00033967435922521716,0.002161525730598024,-0.004731250485912608,-0.0037458970832873195,0.0028052543130159258,-0.002557248714064375,-0.0028779266856638896,0.008891307342974164,0.007643384678106324
2020-01-13,-0.0075613891524922705,0.015573672506817848,-0.007419483430124996,0.0,-0.001168287929733891,0.0061339712024597315,0.0064892419532980306,-0.0024089353453049522,0.011537122504979624,0.006877246753703492,-0.003033593544160995,0.012028632764636171
2020-01-14,0.0044444163001549075,-0.0056155718503301255,-0.0008915435213457945,-0.00011298738343368253,0.0019797017361407043,0.001066982660728799,0.0036755463861093407,0.0012463761021352937,-0.003937755691101885,-0.0015242473635140863,0.005143726276606531,-0.0037477782164081486
2020-01-15,-0.005056927411375978,-0.007819258884973035,0.005834242779070742,0.0002260003020500001,0.0025149657588752206,-0.0009134522636975451,0.00480285102279554,0.0021781853070055313,0.00040891240795870587,0.0022597570316236215,0.006631718128000008,0.009028401656090201
2020-01-16,-0.0012705008040377885,0.006348593870715735,-0.0015695082440052577,0.00033940129778176065,-0.002060549736110917,0.004266930600230312,0.012905546381962285,0.0013975859424983916,0.009583356346651861,0.008318271134196698,-0.0031509545579008202,0.007989051115732115
2020-01-17,0.0031806411759867093,0.005655693723715105,0.0018454259925253513,-0.0007916278951557443,-0.0008080047422343029,0.0033384679763712732,-0.0027131951136665222,-0.0001554700588438651,0.004949017634299002,0.0031126134258714355,-0.00854769718188797,0.0009509704906776051
2020-01-21,-0.00570707168988871,-0.025308244214643283,0.0010915790702048511,-0.0021501166022246387,0.003953079310696328,-0.007864643171208607,-0.008280777441086906,0.00480674576399287,-0.00044796533620439227,-0.001958045044968215,0.010505300460865508,0.009501680759495645
2020-01-22,-0.013392841852629012,0.008211394611589595,0.0003406555206315609,0.0018147621437349937,0.0001791606312602223,0.001981641776734877,-0.0006559600789939335,0.0005402022738740797,0.0026426077204542153,0.00012042527209787934,0.0035135881246273204,-0.0066928986832163195
2020-01-23,-0.008403378609780132,-0.01034565458438208,0.002248122121045526,-0.0030569718932034196,0.0025051989043922696,-0.0025862044332961576,-0.0006567835169043468,0.0013108361089182452,0.003216059133106519,0.0011472191544390498,0.007002182442759075,0.008422569850421224
2020-01-24,-0.014993457201740057,-0.008007185023462315,0.005845572586286041,-0.004201771796833453,0.003570159297998643,-0.004423438192395879,-0.012302120445219833,0.0016940053031062607,-0.008415355827605775,-0.008893460192014757,0.008087815916302699,-0.00344545927229456
2020-01-27,-0.018530801108218364,-0.034529078205799535,0.006825312844883635,-0.0067279547397823825,0.006759609998639338,-0.020836498890999144,-0.01136684432253332,0.0019224088233011916,-0.020655555088486266,-0.016029306819568823,0.015554798540774017,-0.004819317710987536
2020-01-28,0.0047202057382695894,0.00836029550131423,-0.008926785569624784,0.008610461521464385,-0.003357112229923742,0.009075280951385656,0.008317173018717927,-0.0005368233119172894,0.015360065265903389,0.01047945708926079,-0.007831570709179725,0.004000507546631837
2020-01-29,-0.004698030069775649,0.004836631013494186,0.005417872354848807,-0.0005693104551403039,0.0047867355370772025,0.0003101262397058324,-0.005701248584919494,0.0032240506255523105,0.0016256019779430364,-0.0008259252716424914,0.009779626507192107,-0.003669869357710076
2020-01-30,-0.00876603302436818,-0.014898161878394989,6.732120695107646e-05,0.0010250421172193214,0.0009699413738655238,-0.0010851053193381421,0.0,0.0006126039070613043,0.0035616798918185477,0.003244948713496454,0.0001383262399219376,0.0007366975316602797
2020-01-31,-0.008163288130020319,-0.020241935443000125,0.005792420039608892,-0.004095189582372649,0.0050231441863208826,-0.015363231250403842,-0.02074046573862154,0.0026002894857204417,-0.01585825779456318,-0.018158062055967816,0.009129903694245822,-0.01219901400305734
2020-02-03,-0.018518476756454794,0.011161216082802738,-0.006495688802043542,-0.0001610504054618822,-0.0008512458990058702,0.0014185149849055279,0.011150395319056594,-0.0007879774554545582,0.01510928547185153,0.0074289555469617685,-0.0008101243868622321,0.0033001006266206723
2020-02-04,0.0013976151544741189,0.0258339517233257,-0.01300895070524588,0.005967058801969349,-0.0058002368080903866,0.01699720267529825,0.015093728229955916,-0.0024491150320974375,0.022888957580507574,0.01524102641453906,-0.013467173336346061,0.010293280161984608
2020-02-05,0.015352386561145348,0.0057232111698761745,0.0012293105482077404,0.00410615416154636,-0.00433143472020725,0.009130248097386495,0.015415544710912776,-0.0006137819806997236,0.003296897718310321,0.011547935220721728,-0.010934879383959428,0.0006300511682792997
2020-02-06,0.0041237605743631445,0.0009107566569082071,0.005388399719282511,0.0007946448990661104,0.0007102749121545848,0.0021469847554458354,-0.002271438247707147,-0.0004607822948262674,0.008632387667542485,0.0033651104856597946,0.004507076848679459,0.0033590949696979955
2020-02-07,-0.005475741675943224,-0.013873230512665757,0.002645857569860688,-0.0014755599646900652,0.004790484576960408,-0.009334372456342721,-0.012280499734106387,0.0038403172908334504,-0.004301030505173387,-0.005329882652040152,0.01247807939356127,-0.0002094158409713387
2020-02-10,-0.008947024934873427,0.005535068882676963,0.0025712490701368385,0.0013640910860013289,0.0019424861632904022,0.0021623590601465015,0.005640513720941431,0.0023721523173616532,0.01208571604997477,0.007465589317400267,0.002769511039090844,0.01119592676503367
2020-02-11,0.003472200287350846,0.013073213954913232,-0.0034419552752806837,0.0006814444570881761,-0.0023794335833499103,0.006781906978704733,0.006935712108494085,-0.0014501777948822125,0.00017233261257665333,0.0017328104585569992,-0.00504034651810592,0.007553647031272481
2020-02-12,0.013840895012485754,0.013584063853158135,-0.0008127480224853212,0.002609371973478325,-0.0025614727431065853,0.003827389609621923,0.0068876436313962675,-0.0004585209915716204,0.009741044661421006,0.006443041927949755,-0.005065943281938767,0.005956732208582505
2020-02-13,0.0006825895159965345,-0.013178398367887367,0.00569345014846645,0.00033942571784084663,0.000885330603135559,-0.007473014173702275,0.0026171690755443233,-0.0006884941329974303,-0.001280750257479757,-0.0010670316149692383,0.0038357023424602232,0.006023595919631974
2020-02-14,-0.0006821239053701467,0.0004526042047225953,0.004178427664004669,-0.00011338082730205645,0.002477838061970994,-0.0015365735114576395,-0.0038561402782458787,0.002449143865434822,0.0028637895399905577,0.0016020100711044982,0.004377970503363748,0.010351149220931388
2020-02-18,0.007508559488491828,-0.006561073284669372,0.012818816524224008,-0.00203585641411852,0.0015885761015521638,-0.006771398590281863,-0.002144167447960421,0.0019085409695154265,0.00038333614590291276,-0.0025767345756230187,0.006848756537530809,-0.0011050419703441117
2020-02-19,0.00948510853479334,0.007287486185841852,0.005831221275388376,0.00045307078730805195,-0.00017609932249817994,0.004338333054629828,0.005133091426315017,-0.0013718081342006805,0.009585525039342846,0.004780772234314501,-6.889520521791148e-05,-0.013473958167378397
2020-02-20,-0.004026893425133848,-0.01559995453464691,0.004084659090851872,0.0016997936747151776,0.002908631301369091,-0.006325010114715868,0.002435090001676965,0.0033574349093552502,-0.00928325305686073,-0.004107991098351915,0.007833207494793326,0.011925281299716373
2020-02-21,-0.004043101004704397,-0.005742013805126733,0.015025216397275942,-0.0009050262053517111,0.004042650191411479,-0.004813069073853149,-0.010130059363037014,0.0019776069383610206,-0.01920979893185193,-0.010298157729419999,0.009340747791890536,0.002921018333411185
2020-02-24,-0.018944547115471444,-0.03742200248263694,0.008985128746405113,-0.0107552412381553,0.007789376503442247,-0.04009361823769031,-0.03010158581019229,0.00015163043563948264,-0.038563232370068534,-0.03316540068055862,0.014928757207151033,-0.013658860486385094
2020-02-25,-0.01862072260044001,-0.007919267775357897,-0.017874260693127697,-0.006980923250969329,0.0027795651163891044,-0.016089747073586347,-0.03554024843394732,0.000986809722193005,-0.027191875458206116,-0.030302016178386793,0.005324103502224453,-0.02708462676195078
2020-02-26,-0.009838384526123622,0.007982483197309653,0.004370503298157802,0.0010371107519728806,-0.0005198476444174815,0.0013215946030875614,-0.01157977370467056,-0.0037151584894027367,0.0051538394609809135,-0.0036788186877214635,-0.005295907542330891,-0.010779765061437852
2020-02-27,-0.01703332745531061,-0.023998154969204877,0.00019483522153040944,-0.013470286009276466,0.00485270728521181,-0.03134285510687074,-0.035210432695549354,-0.005326185484885504,-0.050074040807763565,-0.04491138159482233,0.010848353097810293,-0.0532160617075792
2020-02-28,-0.01732848928765307,-0.003688351886315666,-0.03649347478693177,0.004084915126441935,0.01121105978283743,-0.004768636450194208,-0.018314357889530286,0.011245495792220561,0.0007782842020764846,-0.004201623762194462,0.022583796857493565,-0.024136857936846057
2020-03-02,0.022777305205098797,0.0217180134161572,0.005526297603759334,0.007588389292992437,-0.0006829652709346989,0.012833784129740344,0.03211909070756924,-0.0009933199643099577,0.05160342784221261,0.043306501545203435,-0.007357763079234303,0.042711271249465055
2020-03-03,0.002155237574531288,-0.0067635283193745455,0.031434333360162325,-0.004286848128834619,0.01161969563292553,-0.007602575251053567,-0.020393425931233056,0.011389673428535252,-0.03206725669251853,-0.02863228298768894,0.015526207921600976,-0.002305889917595394
2020-03-04,0.000716762749644273,0.017752914242876283,0.0017545277375516921,0.013730061515476288,-0.002195919662952517,0.028430589178091603,0.02845579054213765,0.0014262769759760818,0.04172254374793294,0.04203295551424868,-0.010618672978859767,0.03775455236340175
2020-03-05,-0.010744918185997765,-0.02102739310354307,0.021600945458936538,-0.012626547046347025,0.008887931102434576,-0.027644635892066338,-0.03180877055241638,-0.00037526217526695493,-0.03038250233608708,-0.033241714639543174,0.024891840574307045,-0.021425498312919733
2020-03-06,-0.03258503511497002,-0.02050280345410216,0.00038096105467699815,-0.011276275093951682,0.010151323825497993,-0.0141298615899631,-0.019821048651106343,0.00697489827537745,-0.016871998853855597,-0.016530893893759613,0.0520433173212127,-0.01723416400342881
2020-03-09,-0.07784438751862022,-0.06827819809085278,0.0016502348575044845,-0.0430328816537946,0.008970135617709873,-0.07977912513226038,-0.09722976488361001,-0.024279237423340816,-0.0694646050854455,-0.0780946402415329,0.027103842736404538,-0.07709255799181336
2020-03-10,0.0316559110934691,0.05081584494943714,-0.02110133630677158,0.015357476112991986,-0.01835664183948693,0.03828127162456507,0.03122121990063187,-0.022517743584052674,0.05445068187831903,0.051744729603389494,-0.05125842368069644,0.04224875638510639
2020-03-11,-0.01809604440168122,-0.04657675260460503,-0.0035603512879937016,-0.021780493266532197,-0.009978987069640288,-0.05241281730411396,-0.06360181235890683,-0.03287504553294762,-0.04355492343363887,-0.04874833453630456,-0.03679788699820552,-0.06008755739072702
2020-03-12,-0.040064112697271836,-0.10010668972733994,-0.0398882588306293,-0.03995565881329288,0.0005079410246686678,-0.10852578396682833,-0.11050221684014072,-0.04771883700526269,-0.09169133122689255,-0.09567719907806405,0.006197350852765293,-0.101303520733392
2020-03-13,0.010851533503906108,0.07208555419947249,-0.03051623730778741,0.031438929149069095,-0.006518663566125293,0.056910495799406435,0.06698239056126565,0.04332703647666003,0.08470544002315816,0.08548660507373262,-0.02260387281283005,0.08727777663711
2020-03-16,-0.06028073436758297,-0.1247927256403506,-0.011446115323986206,-0.054965637043386195,0.026416578602920238,-0.1040484436381468,-0.13266930207358874,-0.01422201333166917,-0.11978778584721028,-0.10942384490725554,0.06476634288419802,-0.17727734311996168
2020-03-17,-0.0158174100629489,0.06892209390337456,0.0135554799295321,0.00938531681865662,-0.025072618921369916,0.04609137421498666,0.0458404278289577,-0.040972966578192715,0.07584168177942763,0.05399168461520509,-0.06668365584205593,0.05780689342588108
2020-03-18,-0.03303560524453408,-0.08636513952296798,-0.019921988429849713,-0.044133123457094525,-0.01388060450728379,-0.0598273322074111,-0.07751199623683203,-0.05003007452703345,-0.03041614549686278,-0.05063263708080856,-0.056412282039080885,-0.09512759794127179
2020-03-19,0.02123726958499117,0.007769594704465144,-0.018905499074657994,-0.022468864962872592,0.0032816154202544023,0.014472807855635761,0.03901163072567404,-0.049407126075154295,0.006002155657759856,0.0021248649930885044,0.027225317162215212,0.0035149247518952986
2020-03-20,-0.010849840772284125,0.007388243450350052,0.014995707221804766,-0.02242459238826644,0.025477654508059944,-0.009510993030368509,-0.023779734769158622,0.01608767153542523,-0.03917586097262338,-0.04309406050785747,0.07519548048256608,-0.04983293413870982
2020-03-23,0.011882821798247178,-0.023915547307585605,0.044179590424960224,-0.01605697046867227,0.01183482653098844,-0.00983052590580158,-0.014793078996669706,0.07391771008946924,0.0007222051305282307,-0.025568222927219164,0.041210191104521954,-0.046414326506317605
2020-03-24,0.021680279586876905,0.07513874138923837,0.048530353360380474,0.04123561822256416,-0.0068019977848706725,0.08427588606761494,0.09149156236710221,0.020500881855077147,0.0774373518458158,0.09060317944476926,-0.018615203768257538,0.08996666395981223
2020-03-25,0.016799283750491334,0.03524750787147335,-0.01368964099270864,0.028127178902826122,0.0005846502455377767,0.03641385238582329,0.01242870633841009,0.047871498667588774,-0.0074049119724829415,0.014970124293071319,-0.0022704653625275073,0.053844742008381186
2020-03-26,-0.0034781436862661996,0.037863301403586735,0.012822223412266576,0.04573280536490576,0.002420539562966839,0.042120497857950356,0.06219863589943042,0.000815943013347864,0.05266036201472457,0.0583898441059314,0.004921747064678739,0.07052178911914364
2020-03-27,-0.003490474668021437,-0.056844013734117516,-0.006460489804721581,0.0026035243535353914,0.007410877114000902,-0.029573925646974475,-0.036383809432516734,-0.0020378107143251833,-0.03439300754480101,-0.029785559536768647,0.026691788924661175,0.001000427115864344
2020-03-30,-0.0026269535879913652,0.01649196494888394,0.004400644787818209,0.008568172395281737,0.0023145840215277325,0.02092621435395392,0.022032806817381623,0.012169921592894983,0.03637353474988125,0.03247577714430583,-0.008228561845182725,0.021841689501274297
2020-03-31,-0.012291501921325998,0.0067848640871452925,-0.03184668568859872,-0.007980684239656699,0.0018141951478738427,-0.007164285940235882,-0.005041757419915305,-0.0033083408806118264,-0.008539950472034152,-0.014905663684015469,-0.008116727464490991,-0.024168880583080532
2020-04-01,-0.028444459166072744,-0.04277810025231732,0.009456223354449733,-0.027450143106571456,0.004071563950333257,-0.04610134531733745,-0.06814601413929922,-0.01452957321865933,-0.04248940135231072,-0.045004727638322084,0.014010379564264763,-0.06571241149819818
2020-04-02,0.019213153647571257,0.033670134016869024,0.0163934225377782,0.007777339702100816,0.00016450404587042833,0.019121995319223206,0.009469209659832778,0.002635721475954478,0.020295100748017214,0.023075424905840247,0.0063461108472659955,0.003371336868038144
2020-04-03,0.025134688416205808,-0.018951544188191005,0.0049374590529023266,-0.021421426495114693,0.0007383461320291662,-0.022062180697480893,-0.028327218250814856,-0.005175488695419728,-0.014192874982492776,-0.014454466153887569,0.0023795455321005132,-0.01450827315752945
2020-04-06,0.0052539071759827305,0.05463300290979345,0.027710521817620126,0.02433720211615298,-0.0045103533257622175,0.05334178872480111,0.07656279822075907,0.019735604207039792,0.07149469754364901,0.06716641851158855,-0.002611554890012524,0.07407374967218705
2020-04-07,0.006968692675812571,0.005151795557042371,-0.005354484768834378,0.0,-0.004448672348555394,0.004803761955078256,0.002574746466291744,0.001538900105889196,-0.00040694000152752263,0.0010196477508903623,-0.010472495137485605,0.009233900208063694
2020-04-08,-0.002595139224213394,0.010250657140718156,-0.008907968786563414,0.026015547254832017,-0.0012413167367485434,0.010358680620351057,0.045607501872855005,0.0180303137887603,0.021232002828126983,0.033568521693708275,-0.007275861866348987,0.06819185668281058
2020-04-09,0.002601891494888875,-0.0036641114334851066,0.026123560972308058,0.0654595339807944,0.0021540668899200366,0.021884905481788897,0.04785297011851819,0.0470179197763998,0.0014459514382492156,0.015217062595912045,0.0018173352297339296,0.056075966980506875
2020-04-13,0.017301022971419222,0.0014146412099440564,0.017140343933811808,-0.014327092067916936,-0.0021494368591497004,-0.008682072020197107,-0.02707728733398107,-0.00970941920818913,0.010803406163905072,-0.009130113821165353,-0.009129493465303673,-0.042073340513689605
2020-04-14,-0.008503440668368278,0.02288114651612916,0.007868093580683189,0.004187701497313956,0.0013255181101556879,0.01810037452862967,0.02027072119225637,-0.004902452060600471,0.04349127404547515,0.02949282520770713,-0.00024479963641121927,0.02804601439435861
2020-04-15,-0.020583154762760847,-0.025683621689268632,-0.005101958505246418,-0.009322992328516855,0.008936292586786854,-0.03173387043807607,-0.04079481542748853,0.00669694596937509,-0.011470086601950591,-0.021247883850625926,0.02648934430095129,-0.039634760152590376
2020-04-16,-0.0026269535879913652,0.0053855992500206895,-0.0008649946516461338,-0.000990474113601425,0.0010660089370897463,0.0,-0.007554816974293388,-0.004970390029142124,0.018240311172077472,0.004824389665359696,0.011357209935692003,-0.011389242424068802
2020-04-17,0.004389787748662499,0.02227231110699801,-0.019417471147623044,0.0050817770686713,-0.0026212830413496757,0.02645585239153969,0.04405075538868464,0.003304450130461545,0.009565990811167158,0.027015411399075928,-0.013404986317447576,0.031580364993266885
2020-04-20,-0.016608382396419485,-0.01268617741184963,0.007126124562213176,-0.015044703464058728,0.002628172224631742,-0.014425618570580667,-0.011797284229188465,-0.005667593640255264,-0.011844388689799423,-0.01761791022916448,0.008045237422819485,-0.037183150519634944
2020-04-21,-0.04711110504926419,-0.027653473226150305,-0.006825274631933054,-0.018279817781095442,0.0027853198948668556,-0.019906362336811312,-0.023876651030378282,-0.0035436434868485467,-0.03689937655708675,-0.030363590851035127,0.012591235781039156,-0.018149471889445046
2020-04-22,0.01399255085630391,0.027290942718461553,0.019670860003665247,0.008799783941343398,-0.003104530841584574,0.01752284319151931,0.012145130867701193,0.0006183259587047019,0.029674300781997953,0.022194850289330326,-0.010216594896572673,0.015288602667173024
2020-04-23,-0.0027598720730932502,-0.0036354216018221752,0.00995486708021609,-0.0005056958551954427,0.0006559311687892588,-0.002348251791757794,0.0098181133591837,0.004249343688609741,-0.0021328017048650727,-7.200535140927666e-05,0.005308797528915221,-0.008350415501929054
2020-04-24,-0.012915147992326736,-0.0014031574098443134,-0.004285520778353313,-0.009359711722063846,0.0002452560417744998,0.012553787827597196,0.0172013850039463,-0.0006926426695053056,0.01577029332318336,0.013938487579428172,0.002346451349328982,0.004279211098764835
2020-04-27,-0.018691572511083443,0.020235951724830725,-0.006640444141094992,0.004085656789679204,-0.0053216779187615915,0.012398144156401836,0.03962078017600956,-0.008082913273177894,0.008043541369008533,0.014418706198590536,-0.018613696317288264,0.0342265553857215
2020-04-28,0.0009524792696149476,0.0019284144613143095,-0.004456556273727319,0.0030523862489282294,0.00436252975445206,0.008610811817187702,0.014537159281706291,0.002716429804290321,-0.01883472208181458,-0.004598475118015477,0.011511911197867652,0.008240246148749408
2020-04-29,0.018077904049331295,0.029144601737676634,0.005533445721913166,0.01762104103058504,-0.0004919527150094583,0.024853199047118135,0.04918286741095135,0.006578901932509318,0.03546074791728948,0.026178599540055858,-0.005189643887803741,0.015027841766005023
2020-04-30,0.01869147008084404,-0.02110574906973184,-0.018116569301821484,0.001993105273057294,-0.0023778026093593807,-0.01832666782106862,-0.03801859714875344,-0.006766508721277931,-0.0004107036874489989,-0.009310978133163506,-0.01167677056732186,-0.011558313288149491
2020-05-01,-0.012843856074806537,-0.03602616907192269,0.00617125761149806,-0.01724899012657355,0.0013826708047746106,-0.022251517394317966,-0.03967468368460336,-0.003958204962229983,-0.02818520024516835,-0.02647291673267871,0.008563415364442939,-0.03376678260704602
2020-05-04,0.012081604997286943,0.010758751159954283,0.003504803873276119,-0.0013982239342937852,0.00016434895272565697,-0.00019268774310698955,0.004315317668101448,0.001558109421871512,0.011657622941797285,0.002757984597808738,-0.004704014854511884,-0.004895487623454486
2020-05-05,0.025711803567154856,0.0056023560890965385,0.004241037483481591,0.0086548055619311,-0.0007394487596357191,0.0017359377554311273,0.007718021419570453,-0.00132236546997766,0.011337132466827882,0.009239528734530378,-0.006400477770875379,0.004919571323983796
2020-05-06,-0.019695683875295744,-0.0030639474805254086,-0.012855591040204617,-0.005678177225622361,-0.0036995473767110765,-0.006932423688691958,-0.007343067782477841,-0.011217547761468105,0.006156142407879983,-0.006779094350754744,-0.016135715233906667,-0.017949733770158405
2020-05-07,0.006392753844695509,0.008102682422795437,0.015350754880484763,0.0025380969289139355,0.006105919354619349,0.01706422098212368,0.01368108495187581,0.002678793266781332,0.012877073720375165,0.012067007117601891,0.01670635865945691,0.014262181165826338
2020-05-08,0.020871109983060743,0.021064189308505288,-0.006010293229887331,0.009493554261387649,-0.003280402565516205,0.015633969853301455,0.0386062052063858,-0.004792911914471065,0.0137045890988583,0.01654629139550723,-0.013002019865363312,0.02375397147186531
2020-05-11,-0.013333248900464834,-0.006514673773196478,-0.006233636774804485,-0.004514243929100603,-0.0027976381782837123,0.0001876373151283861,-0.0049862039316163065,-0.00876363657075685,0.008938816426824259,0.00020503010976402614,-0.007805342432494422,-0.014535057345791302
2020-05-12,-0.008108253548064437,-0.0038252153788965737,0.0038890673962401756,-0.0012594544730470947,0.003300577096498891,-0.013325854468734799,-0.035915027472732675,0.00963729727027074,-0.020937010493509822,-0.01993161027136303,0.010264323434154177,-0.045466716112765426
2020-05-13,-0.009990954236920202,-0.0019200116617796859,0.00962264814750724,-0.0052970849600813,0.0020561735779027757,-0.007608831853172626,-0.03347222258984772,0.0022876893325129988,-0.012515607745874902,-0.01768559731161179,0.006996515320867758,-0.024241610944320424
2020-05-14,0.01743138564428226,0.00384735053873686,0.008850059782004704,-0.0034233607341003225,0.0015592177191823264,-0.0101591166742927,0.0032592982275911897,0.008264626144967258,0.011352307201998313,0.011967165951104919,0.00978689854662318,0.003486575139986403
2020-05-15,0.009918683262010841,-0.013687304855402371,0.0056438144895878395,0.0013997790988027337,-0.0006553848151849007,0.001549278682812405,0.015919516472474804,0.0035132106345092673,0.006491478249809779,0.004596719616368761,-0.002572413254713135,-0.003908992305174941
2020-05-18,0.0285715432044642,0.039133892061034015,-0.007564144999551381,0.017658779678223047,-0.006149951252358621,0.040409716067194124,0.06076086408029768,0.005678467173181545,0.01863190255071201,0.030460089813676428,-0.02195426355891661,0.059157146303008945
2020-05-19,-0.002604245206054845,-0.008012753756207358,0.00965020617044443,0.0012488089296467386,0.002805255000268625,-0.012451074544614582,-0.01974658469329238,0.0007733539522400967,-0.0025063046157481894,-0.010271406657469728,0.0037411048590028084,-0.013448551258025798
2020-05-20,0.01740652157448319,0.013193301687175918,0.0023742810342795018,0.010598632848708212,0.000246651898804906,0.020135532813502444,0.030293819131911537,0.010975587677900078,0.019968518571330307,0.016988310685125185,0.0029938314615998163,0.00890237828180429
2020-05-21,-0.004277226452893745,-0.011426768056821968,-0.0145763375976391,-0.00024697478262192263,0.0006581530256255519,-0.010699239201829913,0.0017911068973337496,-0.0007644385917712215,-0.010891097076258238,-0.006903967746546669,0.002498165267102559,0.0008270146506472731
2020-05-22,-0.007731909984960095,-0.020698936630922815,0.005916836449104457,0.002468695693202072,0.0018907292515342178,-0.0018646319884407792,0.004841875167501453,0.0,0.003451987771463605,0.0018988276939617688,0.006015644827772171,0.013500887934784878
2020-05-26,0.01038963922694447,0.02195965337915151,-0.014214859559966153,0.007509468068769065,-0.0026255560886370155,0.028208455998823823,0.02883816225892466,-0.0013771424884766459,-0.0026995690240085857,0.012320669336781886,-0.013409480277023156,0.037379513961473654
2020-05-27,-0.01285348226709504,0.0032232736599824285,0.0018024320171106112,0.002077311801418791,0.0008228309596152172,0.011991305017991394,0.031056370938057132,0.004137268443793474,0.005457501041172597,0.01487866754090339,-0.0018370832566175777,0.01991617660988121
2020-05-28,0.005208395272913835,-0.006961204714611813,0.003350344766475555,0.0009750712510765425,-0.0009042186085019832,0.009335747071949285,-0.023691523495434574,0.0008391284045179415,-0.0013027182217471012,-0.0018448248479898677,-0.0036804852804421806,0.004753373845308051
2020-05-29,0.01727095136508283,0.01725544566642956,0.0073584122707384125,0.0040201124896930285,0.0032085182799796996,-0.003379587380222926,-0.005726523138624762,0.006479971302984167,0.01465301616017678,0.004455848307733934,0.007142053680891269,-0.009973357375724246
2020-06-01,0.005942424079182551,0.023058642536946117,0.004603768848692402,0.007564153790464712,-0.0003942110778919483,0.02320198722574829,0.009575569633086811,-0.00044007493693398736,0.0029994610058234894,0.004041920565033275,-0.006732925449313698,0.023117613555678984
2020-06-02,0.010970394123793303,0.023834119467309067,-0.0064768271714218395,0.009913524670213114,-0.0016424028888571973,0.010116887469023395,0.008271943957100403,0.0031901552484947526,0.00670773945822889,0.008280146696945767,-0.00363580308428213,0.008078606573466596
2020-06-03,0.0,0.02327927836562993,-0.01845018380928054,0.004667788742949153,-0.005922420547826657,0.02279379844274443,0.02411783469142348,-0.0006053994925373507,0.00449850664767637,0.013308203401138252,-0.013296837420240126,0.03205629546770283
2020-06-04,0.008347284202791405,-0.014094976187708608,0.010526269495827023,-0.0030977700470156133,-0.003971947972524759,-0.00472718967792507,-0.0014505530884655338,-0.0030309556171078667,-0.007013347280292903,-0.002626556966251359,-0.014478930352955555,-0.009949260202129384
2020-06-05,0.019867514218559368,0.02633553213133344,-0.02027532426346157,0.009441527834303853,-0.0049845885728390105,0.017133042898697548,0.03866137562118177,0.005168005276826371,0.01982733611436238,0.02562931796789303,-0.0071237006739374165,0.0378677780235388
2020-06-08,-0.006493465478866867,0.006109341943440372,0.010822142733466267,0.001184617676238231,0.0010854361678942492,0.013175554883247509,0.019376656403216286,0.003326781342407825,0.007759875785107173,0.012087502620438118,0.003843554254073789,0.02479622872274323
2020-06-09,0.003267953079944652,-0.00680089270512696,0.00964183116931494,-0.00780553979920906,0.003586323025274618,-0.013991873438831126,-0.01848596592585372,-0.0021101575490393154,0.007244861989501139,-0.007456830734767217,0.011358670802174009,-0.01659166311313709
2020-06-10,0.006514705949291377,0.007336482243008868,0.014324773012967418,-0.001429872878593419,0.007479149507451988,-0.0030049383067268787,-0.027153010079057016,0.006570143263369355,0.01200169042826138,-0.005579861719252621,0.0148273256174134,-0.02542441641039317
2020-06-11,-0.03236251894951081,-0.052196903489985735,-0.007214084989501601,-0.02566240482299942,0.0035471233535315783,-0.0547554857772764,-0.07627591382790078,-0.011928728168436709,-0.04954905676737853,-0.057649014303484236,0.018900945793528745,-0.06419818026337665
2020-06-12,0.004180667211430622,0.021260294235964317,0.0014163170663434865,0.009922689300018828,-0.0022192738750085317,0.018777474010002404,0.023995024124811692,0.004859271530816001,0.007947819902279551,0.011975950957381132,-0.009640865985167446,0.0358424194423308
2020-06-15,0.00915906688760737,-0.009081760538987793,-0.0017832572551969017,0.009704014111788561,-0.0008236639266507861,0.004224732275245113,0.023119861013113585,0.014205895939771285,0.01216742822218797,0.00933562609173566,0.000554255114599167,0.014138568527665152
2020-06-16,0.008250772108230553,0.0063645307334312395,-0.0004928345355281749,0.00408433680640008,-0.0020609294672050416,0.012620480408241264,0.024044016263897294,-0.0027565660287253158,0.01717276697949499,0.019247737442513513,-0.015333714265263532,0.019689367885393994
2020-06-17,-0.00490995236689673,0.009613246943841913,0.0019106166939522051,-0.004665743067278183,0.0015691822730006244,0.003462014344354003,-0.018077204335487207,-0.0019426668533384372,0.00317061730026702,-0.004154079788334153,0.004127314298511209,-0.014512020645556456
2020-06-18,0.00575645197706498,0.0005009599743182047,-0.001968455156468263,-0.00036107718237221587,0.002227507075899693,-0.005347538482122105,-0.0003525447762983136,0.0022458909521678727,0.002709138026326885,0.0003847719540976957,0.010588098680315294,-0.010952701950485477
2020-06-19,0.00817674282054881,-0.0002504630420575582,0.011032995719469696,-0.0033666584219577134,0.00032908074903570395,-0.00502948930204461,-0.005150998062798617,0.0007468596676583061,-0.00016375244377109244,-0.005714671036074148,0.0008015548785338389,-0.014519434071806003
2020-06-22,0.01054341151669469,0.012274461689626648,0.006462217682632332,-0.0007237970974771635,-0.0009049985662390458,0.01307295277288234,0.010000609560080642,-0.0009702138962754958,0.011992647700145076,0.006415238420728109,0.0001230378272965016,-0.0009986784708405638
2020-06-23,-0.004815554312558201,0.009651067633681398,0.008419646377624934,0.0014488296399901568,-0.00032948682049116496,0.004989760899763995,0.004213541643360408,-0.0018678818511664863,0.008511039548961818,0.004603617311324415,-0.006834593936214883,-0.004124497994828724
2020-06-24,-0.02500001988716294,-0.013235118798333723,-0.0034839130582626776,-0.010248707144803193,0.0018949031376127579,-0.02499583591248522,-0.03244797818695522,-0.0027690117201023545,-0.020615823586231596,-0.02550888526985806,0.010725267544232642,-0.028488972169410265
2020-06-25,0.009098462195352486,0.004222325382741365,-0.0006027175913517757,0.00036560143132713385,0.00016445002339304793,0.013520806423725773,0.01510568416935687,0.0010505220728533882,0.009519488807070653,0.01072070450963336,0.0028826407194313397,0.012771846421976596
2020-06-26,-0.012295004649031771,-0.01211962852951276,0.004463149702982783,-0.009498078717595004,0.0027129792364870564,-0.01507286107303607,-0.026913301941654866,0.0008998829423412236,-0.023615027090284513,-0.02375150685754246,0.010703710278087586,-0.019193343879275404
2020-06-29,0.016597495654641525,0.004506772575858298,0.0005404803669293301,-0.005655757303999809,0.0009837968945818343,0.009146919514271934,0.032706215149225226,0.004644071548694395,0.010906917655588044,0.01469792080926502,-0.0031470047587893735,0.01930654301689838
2020-06-30,0.004897928070136448,-0.003240060150336954,0.004440918278166173,0.00914981029503914,-0.0018023450927462381,-0.0036605466676121745,0.01445403179379956,0.0028331863290396164,0.01960114404387281,0.012809579175539598,-0.004856096997910675,0.011854240437020103
2020-07-01,0.00812360356365871,0.011252625022217133,-0.004481089931769877,0.0031129877747042567,-0.001560220681337987,0.004723651952635022,-0.009498574152622119,0.003950015346848135,0.01167214125996674,0.007004620038968623,-0.0019422946580235356,0.023047976887163424
2020-07-02,0.004028982888480526,0.022749862049346925,0.0021606086958432247,0.007359104390295856,0.0012337764584742228,0.011144064257585073,0.004089759736552123,0.0024495723111808143,0.006786701458460609,0.00550699034384472,0.0010404951397779971,-0.0028623602553410343
2020-07-06,0.008025630648409221,0.04303660666786757,0.005988741319838731,0.007183651486789788,-0.0014787217312077772,0.016359416229624335,0.007232885061518868,0.0025912789023676552,0.024584760978540787,0.015437148691428648,-0.004095721708680555,-0.0004994860131587453
2020-07-07,0.0007961732722259196,-0.016689892811675433,0.006310260659329048,-0.006649180191000359,0.0032085098032921255,-0.014401901065354772,-0.01770904375674731,0.0013296521520607119,-0.0068890192010157,-0.010313664316010662,0.01405604247607739,-0.019857618812614497
2020-07-08,0.012728638154124283,0.025931180190585712,0.006211565862881185,0.0026776752065900133,-0.0015577584695134483,0.008251840088694173,0.0074532792921298,-0.0016225979642144894,0.013171848753630089,0.0076488259194034125,-0.00399499880404286,-0.001401636227067793
2020-07-09,-0.011783029162908965,0.0,-0.0027044004055614135,-0.0021845436024636733,0.003203238063836489,-0.012446852209562431,-0.020220044846972374,0.0056144734650338535,0.008423366072254135,-0.005693334742853273,0.015922043885153947,-0.006252274052021445
2020-07-10,0.006359259478033952,-0.006433664454800092,-0.0025938951172596036,0.003405313075971028,-0.0019649623501608593,0.010359145805246772,0.016106842588439196,-0.0018367460740340569,0.006827105754770191,0.01021074290565016,-0.005025058430849327,0.003081642325134526
2020-07-13,-0.01026866976167895,-0.006706915236695865,0.0012411575864292868,-0.0054545537226073915,0.001066312568972716,-0.0061518068946446736,-0.01266713671489017,-0.00264955621340357,-0.020570095477395633,-0.008658918070128085,0.003307273856452131,-0.011904783405944586
2020-07-14,0.004788564894785408,0.0013970107217773364,0.004663568910189042,0.008532113131564767,-8.17381195256095e-05,0.013411302694110061,0.016556814494280037,0.005830044530274137,0.00707785851521181,0.012958702328958571,0.0014381791461539617,0.008420400887389379
2020-07-15,0.011914228972814911,0.0030225499913092424,0.0008813320073604025,0.005680654411785779,-0.00032769626442752386,0.011707000161917946,0.0366634276376534,0.0019809317446382035,0.0020358106658571185,0.00918725168699619,-0.0046675584890309985,0.009763854885915135
2020-07-16,-0.007849329622635848,-0.014140103855004638,-0.009451688651900159,0.000961456874253086,0.000737594154794019,-0.005534088989510799,-0.0059168704428179675,0.0027823649815572615,-0.006822622795859545,-0.0032934504611056292,0.00474959704723843,-0.01195917532089863
2020-07-17,0.0015823551747020659,0.0056431254509021755,0.008238009985450212,0.0027611092633383905,-0.00024570739574958367,0.005058882816754151,0.002941669647648082,0.0027016530210879353,0.0011576509248714117,0.002899062421038323,-0.0020943375222960414,0.013005423200854294
2020-07-20,-0.000789970927338457,0.012859539333938574,0.004820170160796611,0.005986541816919377,0.0006555002442623081,0.005033647111863493,-0.004297744684384597,0.0027674406002562435,0.0283708510927434,0.008081676396877846,0.002458358266776983,-0.011948711945950041
2020-07-21,0.01422933229641865,0.00923382443485532,0.012050997596656066,0.004642169822208331,0.001064749844686741,0.003672737533017667,0.014182352074629145,0.0013071040311787296,-0.010420368108910893,0.0021275845354800094,0.0005981212716488216,0.002444296327275053
2020-07-22,0.006235345865132524,-0.004345969184910814,0.015202340363078104,0.002013921026682075,0.00032707969364720313,0.0019960285662630195,0.0005401735001080432,0.0032634943513245585,0.0035227211906903033,0.0056921090611463665,0.0029889264456410825,0.015272104643123896
2020-07-23,-0.0023237652195712277,-0.008040431108877422,0.008825301770064575,-0.0007099138358409585,0.0009814190760337738,-0.007968209491285627,0.001012912818234124,0.0007230416716972332,-0.02612006545639023,-0.011931831188918274,0.011681018449775316,-0.004171482110329583
2020-07-24,0.0015527000276638336,-0.000926446413962223,0.008578870839228259,0.0009467986465758749,-0.0004903356347419896,-0.00502009453803387,-0.014704112615559262,-0.0022398366510996137,-0.009495809478165196,-0.0064401499224605585,-5.883576760123965e-05,-0.0073624333102975115
2020-07-27,0.009302437019298226,0.015530861321842115,0.019753770786684832,0.00236411989772356,-0.0015527522789802184,0.012781631819962724,0.01040533622587314,-0.003040231898022383,0.01784322692043383,0.007292208125738275,-0.0037119694392865332,0.009463183208713533
2020-07-28,-0.005376393868979923,-0.008217225416244478,0.00834113103275036,-0.0025941439125120036,0.002373898462122881,-0.004981673024882283,-0.009959339063855377,-0.0010168621972945768,-0.012724931015684837,-0.006342163968211301,0.006918793668208911,0.019888548725288002
2020-07-29,0.005405455728014985,0.01611027060154724,0.0075102306547618625,0.005556587028328064,0.00130675353205012,0.009012071954901835,0.022034911036317828,0.005452149474172385,0.011526006338079764,0.012298505085239109,-0.0017031500600448446,0.019376398409258533
2020-07-30,-0.011520747801006204,-0.012684013155797147,-0.007400261112960993,0.0021165227617276905,0.0013866850263992703,-0.013066519332583737,-0.003950075906615558,-0.0010843821064816517,0.005235658288780698,-0.0035677329885068776,0.0065885757579100535,-0.006457900268958872
2020-07-31,0.005438970700257784,-0.006882199346696871,0.00908793109962347,0.001877219272487185,0.0002443576820667648,-0.02195399879087878,-0.00941126205829279,0.0013751047324417343,0.017845432563032837,0.007902167057033394,-0.0006427871402114871,-0.0018393589594661863
2020-08-03,0.010046388731796085,0.00692989224658902,0.0011325390830079218,0.000246669584496928,-0.0004888809506490288,0.02004785475873705,0.01628653949205039,0.0013399880027229472,0.013506686728551376,0.006952027837993535,-0.005034802517601578,-0.013269637838969839
2020-08-04,0.00535574245476611,0.013305830503260507,0.021277725496816835,-0.00035219508262507304,0.0034245533001526773,0.005543386160173247,0.006877860320150697,0.003689745305464287,0.0037122923165302524,0.003862664085274581,0.009532170186975053,0.014942230138711432
2020-08-05,0.00837141542605857,0.010867298113924617,0.009283241730161151,0.0017632810002350396,-0.0033317423580441208,0.004510666161794186,0.019894952570025604,-0.0013697575505663417,0.002478020342907561,0.006211031249304,-0.008743037713350277,-0.00503012315487239
2020-08-06,0.007547204458922874,0.0031352262261674646,0.013274069532868138,0.0022305312001011934,0.0011415911586947214,0.0014966031240601918,-0.00039000979964698423,0.0042576801395046715,0.01324515858100428,0.006684445005559203,0.005586555503801716,0.0016032235661223027
2020-08-07,-0.013483223921807563,-0.020540207674587307,-0.01588530528005727,-0.0024594112914601007,-0.0021175481264497087,-0.00398527830559392,0.015871865325994605,-0.0028024576622197594,-0.011542446460420464,0.000717868294978441,-0.006666075605435862,0.014280161008320302
2020-08-10,0.00531515970195362,0.0025075578215307814,-0.003458957447482258,0.0004695627603921171,-0.0010607354518078482,0.0033345296166116256,0.010373133157220105,-0.0021618826934379776,-0.0042732528283231375,0.002989317041402817,-0.0044741562566847914,0.0015777790259965396
2020-08-11,-0.01586109165097782,-0.00272848729827857,-0.05369440853432972,-0.009036852866571299,-0.0034312677307282158,0.004320278706701597,-0.005766666573473911,-0.006283506715556553,-0.018941418989880332,-0.00825488737838953,-0.011884863013742364,-0.014420433312876568
2020-08-12,0.010744452249276115,0.013451839585995717,-0.004668202325739945,0.00023711427562500553,-0.0029520320589878635,0.0211779975709383,0.004079274229126684,-0.0024712028883202564,0.025151841131260344,0.013942590788635023,-0.009095886608370796,0.010081931815316691
2020-08-13,0.00531515970195362,-0.002924728793889164,0.023618065792215592,-0.002723016677810608,-0.002055117574834786,-0.005022631387860965,-0.002094830386782265,-0.009034734140622613,0.002280852140822187,-0.0018081679370893777,-0.010689032679027766,-0.012294542785240226
2020-08-14,0.0,-0.0018048419370679802,-0.0043092158240957135,-0.001780906403521798,0.000494526286888286,-0.0063506938861648266,-0.000636337556181088,-0.004411120508895139,-0.0011745984726635461,2.965247591801834e-05,-0.00390658277720124,0.00012357622166292437
2020-08-17,0.016616291066089417,0.012658009731146613,0.02169391289315903,0.005947026794004273,0.0016471262398440878,0.007866131673110122,0.0051564512898045756,0.0020677626383582837,0.01161070219154281,0.0031767331064675997,0.002512561150428194,0.008132767982088618
2020-08-18,0.002228811995653057,-0.0011159885591595087,0.009008003623491856,0.0015368752949564968,0.001726566688755149,0.0008130472525404997,-0.009563090747387148,0.0028741230519933048,0.009625639199474234,0.002160248386130048,0.007152671414566214,-0.004767010233418079
2020-08-19,-0.0029651405866292224,-0.012290557081649167,-0.03156545548841261,-0.0028334609277900213,-0.0013134101935869946,-0.005036577253641705,6.372942949828264e-05,-0.0026453649837152593,-0.006727736897432002,-0.004163713617879261,-0.006251874436576044,-0.017563144464479263
2020-08-20,-0.0014870608835271248,-0.003167244337696995,0.006913929262821528,0.003315087516904791,0.0028761179405203396,-0.0022860497100910537,-0.004091899920667164,0.0035366000811749565,0.013871698569629887,0.003113531236871303,0.009039051540246312,0.00950094408546942
2020-08-21,-0.009679678860325946,0.00499299627847738,-0.008010905834894388,-0.00011854614237993832,0.0007378492525265123,-0.005400945354291586,-0.00738307362398416,0.001835373958554154,0.006930370144948128,0.0035475274252245725,0.0059923264736658766,0.0016099398086826255
2020-08-24,0.005263041658515322,0.011066061248684367,-0.005658401286623649,0.0046030105713659175,-0.001392289977709793,0.013493403526930292,0.010478006816817764,-0.0017583628274802088,0.006244129991372471,0.010132962544538104,-0.0016242701565090112,0.006429408274403192
2020-08-25,0.008227404762656265,0.010051303305579795,0.0012154763574758753,0.0010568620521773653,-0.002377719655741739,-0.00016222489086736847,0.0010878563770220229,-0.00433209203395124,0.00786208424040935,0.0034994302671833566,-0.007653793497883976,0.002579646767271848
2020-08-26,0.0022255051739010767,0.002653476707727309,0.011808847672626355,-0.0001173518527449735,-0.00041129048425148085,0.007145078964093665,-0.006265875190627601,0.00036898776529059596,0.021339356661791653,0.01002574158771763,-0.0038262834295362813,-0.009189829398095206
2020-08-27,-0.003700938831317835,-0.008380996197160706,-0.011561927956646234,-0.001525813199932946,-0.00353593698771959,-0.010641583491788564,0.0024452430089019206,-0.007960625462136273,-0.003116787261788434,0.0021862274687549643,-0.017009239232998463,0.014716705855146284
2020-08-28,0.006686435986959394,0.013122823026374242,0.0173802350530341,0.0008229351546347186,0.001650597013170385,0.007822544544912269,0.008472350003518425,0.0030461857932051473,0.0050849983941938515,0.00645967921812729,-0.000744476899438018,0.0065812213021643196
2020-08-31,-0.0007380027239127784,-0.022173158366879164,0.002386259791001155,-0.0014091394752355768,0.0010709292194286402,-0.006630038980730446,-0.010756004640407935,0.004444535120015747,0.008033318801446754,-0.003622489352643754,0.006641353923296345,-0.010170482946751158
2020-09-01,0.0014770955483636161,0.017063053186092247,0.0011902895553947967,0.005443051079653705,0.0032777678976876334,0.0006512526318789291,0.011452058780430319,0.0063190058342692534,0.017091705912016364,0.009418535116193949,0.01143782613242994,0.0007337384370325051
2020-09-02,-0.013274333422080509,-0.0026488863136889806,-0.013131628719242117,0.0011746824385334698,0.0013956404360409014,0.013176982289300643,0.007950920321911248,0.003965919279086405,0.00946943018396107,0.01446397211872541,0.0095203898345404,0.01857973885554265
2020-09-03,-0.008968635210926168,-0.01903512701668708,-0.00810423703378893,-0.006217041181828642,0.001311633227908171,-0.023442411755914327,-0.02953402249111403,-0.0021947811562612607,-0.05070038693887491,-0.03441431108667614,0.0028412084286102424,-0.01200034044159426
2020-09-04,-0.009049716907054584,0.0004513082123338563,0.0027602959130217375,-0.002714603400209792,-0.005567264322731247,0.0023019106178054916,-0.00637294510450781,-0.010629922385406831,-0.013325935029681601,-0.008164777893914676,-0.018988529008406307,-0.005223032251504334
2020-09-08,-0.024353132685162038,-0.017365867439125493,-0.0019269219593246456,-0.005563082792290341,0.002140663766135642,-0.012631172163067306,-0.019240711578804692,0.0009629414766056943,-0.04806392273421822,-0.027322960152532993,0.00614460767653191,-0.012209870295969205
2020-09-09,0.009360400689336634,0.014918408476440215,0.00970825655471863,0.007854976609316555,-0.0004929937833269005,0.017776914707617664,0.015147424993354752,0.000666179656253485,0.029375603292343788,0.0197471427902971,-0.0026869051848404935,0.00988868169746282
2020-09-10,-0.010046388731795974,-0.01605600963662257,-0.0032231430104036063,-0.004723485340556777,0.001232876977874664,-0.0114265905214056,-0.013015376350541619,0.0007397144725489468,-0.019936589566245666,-0.01736351548859416,0.005082623613232862,-0.012239874037969112
2020-09-11,0.0070257166417491135,0.009653013539245192,-5.486005292487661e-05,0.002017368457342794,0.001559922008202097,0.010568015614896398,-0.00665944779435379,0.0007390990610325332,-0.006939813994337185,0.0005093205965340797,0.002132119751155237,-0.005576096170874734
2020-09-14,0.000775273886209682,0.016161999788413706,0.007892586821005798,-0.001065566536973317,-0.0009018191961337463,0.005228491504080335,0.026349051037606763,0.0025123017324517605,0.01741550475352205,0.013171357303125575,-6.0256926347812545e-05,0.024423677560665658
2020-09-15,0.005422033949961991,0.010528843611538719,-0.0023927480714920346,0.002726126662558004,-0.0004920196575683988,0.006664673815822919,0.0018944124172868282,0.001105053567594938,0.01417349249712041,0.0050518990298040745,-0.002432186093350719,0.012042201767892058
2020-09-16,0.018490122372440965,-0.0013302135629358336,0.0028345831622316187,0.0,-0.0005746400828054998,0.0009688823627753695,0.009454045491787966,0.0006627649778530031,-0.01594633683801494,-0.003968334720002353,-0.002986716822781399,0.005288367942068772
2020-09-17,0.011346372348544076,-0.003995571586042357,-0.005489995652194879,-0.0010636223324773653,0.0003282676150080377,0.0019358160794420431,-0.007298938064771443,0.00022059321681999755,-0.015622056595509082,-0.00879514244058266,0.00305724211096714,-0.019488331079069665
2020-09-18,0.004487630611536453,-0.0078002157835106445,0.0013117087099276947,-0.0024858556520624964,-0.0009024396995443995,-0.007567218487487426,-0.0026023596754699563,-0.0018387817855588517,-0.012763112748754413,-0.011512671496305749,-0.00310854689245621,-0.02255817004918592
2020-09-21,-0.02457178126052495,-0.009209282424318177,-0.020087296599797022,-0.00806736876124825,0.0018071556674719158,-0.025145968377421335,-0.035031609518839546,-0.0009578184996192896,0.0023985814866058774,-0.011129928535710931,0.005074233050507804,-0.030064999473719323
2020-09-22,-0.004580123548882931,-0.0074812509672042005,-0.004846314367596194,0.00346872713309887,0.0,-0.0004991997667338488,0.007706787721363684,0.0005902236235431069,0.018578738023718344,0.010184603724447294,-0.0007910514682374359,0.011961620899863634
2020-09-23,-0.011503078055286275,-0.015532356536826053,-0.021606497297661065,-0.010131250760987531,0.0,-0.008991213794649844,-0.029792318172899734,-0.007222963482329092,-0.030534472944750424,-0.023190868895435535,0.0013395011926631284,-0.030122086485558475
2020-09-24,0.004654741456677991,-0.0046402275996766384,0.003718800733685912,0.0006018858065617305,0.0004924405397572773,-0.0010080370024617702,0.0,-0.002524383081181081,0.004656270025020115,0.0026653918211454464,0.0038301812288314974,0.005372892071418889
2020-09-25,0.0,0.000932089241890921,-0.0028499771605223767,-0.0018046939586857658,0.0008196141361203058,0.0038681804939837416,0.016242035625985363,-0.0010418710973887357,0.023248591946808173,0.0161668222495972,0.0,0.020622516046389316
2020-09-28,0.008494239210606658,0.011178689881028214,0.01006056066236427,0.006510119242184587,-0.00016350236520301653,0.015748106112294824,0.024656547402989837,0.005066269009490476,0.020769033011327043,0.016609734851080082,-0.0028466965868291227,0.020463492559633645
2020-09-29,-0.011485462427891169,-0.0006909941427597488,0.008432402483858015,0.0008382967153972576,0.00073720493910856,-0.0016495022945329785,-0.0045326804994595404,-0.0012599419336495332,-0.004509400276017095,-0.005446086932260008,0.0011541867921047722,-0.0071888964986781545
2020-09-30,0.011618910993560716,0.01613284806184212,-0.006004867330144381,0.004068830629533782,-0.002701784815640318,-0.0041302327083511114,0.0030136026284282025,-0.0001486465207101162,0.006849255638793794,0.007581815378241652,-0.009585456269158854,0.003048671678145931
2020-10-01,-0.012251238249012641,0.009298999201817315,0.008920516455577454,0.0034353500202566334,0.0005666315945946909,0.006304068735953905,0.01595540011833463,0.0027823845674666003,0.015872349926244755,0.006419980339576137,0.0016494510515401295,0.020010286600385063
2020-10-02,-0.01240302279500638,-0.011460737959475109,-0.0008953758525005462,0.0,-0.0009847012259530663,-0.0013188150045474467,0.004402779685178437,0.00014825611425872687,-0.02813140624884891,-0.00949436140176696,-0.0037346595501381863,0.01725866099760731
2020-10-05,0.02590267591760176,0.01341238454809024,0.004872915921881216,0.007515220020468227,-0.006327740470745136,0.015186437953448761,0.027608875663527987,-0.00333791390792193,0.021326758390609157,0.017732921618621722,-0.019538340650946062,0.005736322603893118
2020-10-06,0.0038255303248329042,0.0017944125361124552,-0.011760774579356315,-0.0022495820946919487,0.0023155574794513356,-0.010243880329451116,-0.0028649803279364727,-0.0008181216602415331,-0.017847022182719052,-0.014215948602495532,0.005389393839582812,-0.006553277992628281
2020-10-07,0.0038109514146298373,0.010971708395346447,-0.0004512229536247636,0.0035603320856398835,-0.002887868116031589,0.0073928625564365635,0.02183607882164118,0.00029715266193863776,0.0172991007536083,0.017406721663018043,-0.007293130300231931,0.0014662071129574183
2020-10-08,0.009871022763586756,0.008194949723731693,0.0035549310375408982,0.00224611510855266,0.001820131666086855,0.007175374872639306,0.011372348243763541,0.002457576569967257,0.0053230869312228535,0.008862530478678243,0.005400111698436794,0.01671117065976757
2020-10-09,0.00300741705931884,0.006810296333003674,0.018161347296547614,0.0022416203480104535,-0.0004949994956269244,0.006800698958691065,0.005189323211853614,0.002302626621237591,0.015279490338842017,0.008930316902144853,-0.0001874085681851101,-0.003959626346728196
2020-10-12,-0.010494768390369225,0.008727730696455938,-0.002871682500567352,0.005062180977167374,0.0010742444218789782,0.005307136149954594,0.006699768344279766,0.00578127712119314,0.030870844896727867,0.016087413755730307,0.0031855326689669283,0.004698171594117895
2020-10-13,0.0022727129310822214,-0.004109730218439189,-0.015728823528417535,-0.004450683285467938,0.002228623507546157,-0.010718365153962517,-0.006655180178792519,-0.0009579849234622184,-3.412198620766915e-05,-0.006526106428616396,0.007160884265489109,-0.01714409702794617
2020-10-14,0.006802761100702437,-0.006733188548753266,0.003094772946095059,-0.0024704519141494075,0.00032960270147674997,-0.0016170808934856673,-0.009895288733304586,0.0009589035385952904,-0.008352470109617705,-0.006283446065407872,0.0022877837303405535,-0.012198302946781814
2020-10-15,0.003003066259258391,-0.007216413996041338,0.003646120384284801,-0.0007078309304157093,-0.0010706401853275427,-0.012309617994406885,0.010304683581497276,-0.0010315080306074753,-0.006711030764662063,-0.0012358736070353649,-0.0017272721126353474,0.005186395339401795
2020-10-16,-0.006736565876455769,0.0035241961250442877,-0.0034652086045857677,-0.0011800945681144093,-0.0005766570326901643,0.004919585159706585,-0.0024576602662221836,-0.0016968094651763632,-0.0054807701183565705,-0.000604104300109598,-0.0027805858615802537,-0.0071253582602384125
2020-10-19,0.0007534921175704756,-0.0028532822728299934,0.0005047466985432791,-0.0035454861206699606,-0.0016494678504244131,-0.0035901032245134745,-0.011949630487829488,-0.0019212766033182005,-0.01632512085149518,-0.015203342903312045,-0.003780134498058363,-0.015589990558765199
2020-10-20,0.011295192406411303,0.011005696579668767,0.0048209014703402,0.003558101319514284,-0.002147634666717857,0.004421870468920508,0.002181898914651592,-0.0020727070887871513,0.0021494798198891107,0.004005451830325857,-0.009515923519897052,0.007164029707758202
2020-10-21,-0.008190566550638212,0.0028305803010244546,0.007531414803434444,-0.00011857472105702982,-0.0013249605865239822,-0.004402403610403338,-0.008584159859385987,-0.0016320706452159772,-0.0007739607995003173,-0.0018930511664987382,-0.0034533911237941695,-0.002994910015831298
2020-10-22,0.003003066259258391,-0.00021722363370568765,-0.009800687777642758,0.0017725933825178952,-0.0034816860678643646,0.0008188319642532527,0.017254368586597568,-0.002229170299400063,-3.4809206746921895e-05,0.005485594471029698,-0.010397433782454613,-0.00012524552562698243
2020-10-23,-0.007485146117120478,0.005863302599386833,-0.001062475196895396,0.0011798374969049785,0.0014139960555386022,0.0058911516469128955,0.005797999166737844,0.002531926958688535,0.001970557924536376,0.003395119891481224,0.006112933669269349,0.006009149677335568
2020-10-26,-0.014328718436169785,-0.012953340259186485,-0.0005037860400700644,-0.008836798410842728,0.0026583676978375603,-0.018545638769931427,-0.02158594366899258,0.0020801336636937506,-0.014996354860549177,-0.01847970513900754,0.009303372856462877,-0.014310515668485513
2020-10-27,0.0068860384411291164,0.004374412166161523,0.0026323226696718383,0.000475243557797711,0.00223703728026603,-0.007458958663515425,-0.008586723458536727,0.0040769113543739355,0.0078082341807521605,-0.0034476280543417337,0.00670888450598528,-0.016033480173304526
2020-10-28,-0.026595823976842015,-0.0250434852161584,-0.01614344386479838,-0.008317455680132757,-8.298903108716615e-05,-0.02922500792535543,-0.03078768311571356,-0.0049460387060890065,-0.038986571389911684,-0.03417901643169863,0.0009346454407803684,-0.02386461612231605
2020-10-29,-0.012490248477102561,0.010051303305579795,-0.004144728133141373,0.0028754101255987763,-0.004216264847338391,0.003956526934407734,0.011936652959579908,-0.0025973197551786287,0.017486620950056153,0.010163712519023482,-0.00970727774678004,0.013407075664202628
2020-10-30,0.0,-0.011278257783686518,0.004561020978312902,0.0021509656604143945,-0.0032376452798376087,-0.003427169279909048,-0.01321400427618058,-0.005207064118920357,-0.02536309320059915,-0.010425009835196564,-0.009865663257673019,-0.006614912541355267
2020-11-02,0.01818187646731273,0.012748828604496332,0.009704919089013941,0.0023824721311698216,0.0017172240840368502,0.011176215252450827,0.017832949070512694,0.003918950486922812,0.0022275859036278156,0.011208181092434488,0.007490278363800229,0.023893520970255322
2020-11-03,0.0062110553909802135,0.004416920147344738,0.005676996717700833,0.0085999438683948,-0.002247066716693391,0.02584595440609405,0.028366012471088498,0.0009700992340162529,0.017297156131371505,0.017656068928796786,-0.005801274349352958,0.019255397957745668
2020-11-04,0.010802570669825595,0.031442554168969794,-0.0005588578456844351,0.009356023409930359,0.008422506869435908,0.009945178210194916,0.0011234431399118616,0.01498935669224033,0.04463873175167832,0.02234910172128557,0.021692075964902413,0.001751158466762437
2020-11-05,0.004580207213276344,0.017053957509421513,0.022983923404670703,0.0035196914503057286,-0.00016527860771786695,0.02429007547188311,0.027988914136302556,0.0037469133727077164,0.02607154829959879,0.01950304334558628,0.0017380087481000395,0.004746067771991935
2020-11-06,-0.00379945101551471,0.004611103797951044,0.0014213621387162423,-0.0035073466722103097,-0.0033910444159931385,0.002884219738405358,-0.007822518113538846,-0.003147391891297535,0.0007466527174488924,-0.00022853988883475562,-0.012084995428080725,-0.006836494034702101
2020-11-09,0.012204430161750324,0.006884999035780215,-0.04427097823171633,0.0076263341755908876,-0.007385813437512101,0.02859889338451227,0.03624261407209217,-0.007562805477645873,-0.020433524664037694,0.012565722581789673,-0.021014365467029728,0.03541960587874726
2020-11-10,0.019593025056524382,-0.011396473439416521,0.0033127817282887495,-0.0013973621493764687,-0.002842713287923182,0.007766409021081833,0.01857830844609598,-0.0025900088967003576,-0.017914652487749483,-0.0014663912043937355,-0.005766821390940424,0.01462577819497124
2020-11-11,-0.0007390126246977768,0.006497687276160624,-0.004326595410341194,-0.0003499472427127559,0.0015929876359495054,0.007398280530104051,-0.0004051745091983028,0.0018548691102779902,0.022369534392658874,0.007428410070418057,0.0036089877990599373,0.0038121469861043256
2020-11-12,-0.0081361236350318,-0.007497075556050281,0.006060679556170845,-0.006764988827598795,0.005692785591412175,-0.013922934483053262,-0.01535082591422321,0.003998163076454064,-0.0046934982958234395,-0.009700771449971946,0.017017793545901716,-0.013054842723989157
2020-11-13,-0.004474244407317141,0.014057938284771199,0.006819714153532219,0.003405473449486829,-0.0013321573265820952,0.014585089341851765,0.020708438673677776,0.0011794688694872768,0.008772441523246632,0.013844343989654728,-0.0013264066563558607,0.026695356554842897
2020-11-16,0.00898878858199148,0.012414712537123673,-5.650127239831271e-05,0.00561752356912093,-0.0007501153785941517,0.011469709311728193,0.023804259059730937,0.003241352574025136,0.0078024451892086955,0.012482575608382174,-0.0024028010131894595,0.01124377826632128
2020-11-17,0.0029694615352007236,-0.001021880493802696,-0.0036691725592956637,0.0003494133678967337,0.002585969458388737,-0.0009073468963289866,0.0046724433146334565,0.003230540767029888,-0.0031719448782169257,-0.005378387367585669,0.006528739753801194,0.0009267886680761617
2020-11-18,0.0014803755325272228,-0.0034779831702831387,-0.005722348480656891,-0.0018613581599098428,-0.000333000139645212,-0.005750539376283337,-0.014008505010659755,0.002122446704057479,-0.007390261993195479,-0.012034638403667586,0.002896152628961479,-0.01943978881050812
2020-11-19,0.0,0.0016423579315929526,-0.0018804594035273237,0.0033804228156035787,0.0010818849149187848,0.007305942425936518,0.007671961440572694,0.005550221105490971,0.00782449891746917,0.00421003509959883,0.005148297845292804,0.0038940146858534863
2020-11-20,0.005173817421839866,0.005533847231158795,0.0030257979459697992,-0.001859251174934462,0.0017457101548183918,0.0031730429061642695,0.0010716509851036449,-0.0008711743611673484,-0.0068401007912772815,-0.006847794657374839,0.008870706788478344,-0.005407520914164521
2020-11-23,0.00294107692010126,0.0026499907476336126,-0.0196938167555728,0.0015138892990214092,-0.001991579156185308,-0.00015056418287340279,0.01870401368308139,0.0012355589926666966,3.439265234073119e-05,0.005994407708056482,-0.004582117649621464,0.001891256501883598
2020-11-24,0.02126102281077502,0.01341719110795525,-0.015328336846880064,0.0030212048192204133,-0.0015800912420897983,0.01461285578189786,0.018803206303724007,-0.002250672859434477,0.014049945960911803,0.016113883370393767,-0.00995211120766104,0.005308292199849518
2020-11-25,0.0086145248557159,-0.005616711811611941,-0.0004717367343725076,-0.0004634277397046471,0.0003331428206887477,-0.0014847851348142038,-0.003419772905167151,0.0005822852232948428,0.006146525919914048,-0.0015418863765869206,-0.003078266247194539,0.0005869514525762565
2020-11-27,-0.0021352176584965576,0.009481517934120998,-0.010146901518740647,0.0016229248712680278,0.002997504766859116,0.006542863402544619,0.004248668667145683,0.003563211335476213,0.009214346073846302,0.0027851675726646707,0.009704585459614279,-0.004456638030663873
2020-11-30,-0.00570617569045484,-0.02617922317426169,-0.006674981596057172,-0.0010418272709811216,-0.000664362856540146,-0.021421208811712056,-0.018169948142615744,0.003478007932218974,0.0020403514398674716,-0.004427189528652731,-0.0012479065720278903,-0.010483929845301887
2020-12-01,-0.002869500808125758,0.019700475759516722,0.0210595460814611,0.0025702801651050766,-0.005319450750006616,0.024305423197633402,0.009280661930754164,-0.0037914726746662852,0.012815895731578264,0.010937599181700008,-0.014744907745476432,0.012857349534786344
2020-12-02,0.004316519534095953,0.001408786479764057,0.00752153069206285,0.0027846804613920195,-0.001671191002801331,-0.001179061484665067,0.0010399462110919355,-0.003341230437812537,0.0012852641762925998,0.0021034489656188704,-0.007936190785534647,-0.007875279532106205
2020-12-03,0.0014326557581330057,0.01145516012738712,0.007873502810363364,0.0005783123436431392,0.0026784984529160116,0.003098731675396982,0.0056318401123787165,0.0039356562264498685,0.0014151900521750527,-0.0002726506105950044,0.008063828495575631,0.00841139446054151
2020-12-04,0.004291896973775522,0.010331712026343531,-0.002835427586930339,0.004162140723754204,-0.003923826542019504,0.0076492768553093615,0.023270967849847057,-0.0055168363904919415,0.004075255557660862,0.008617697164439386,-0.014665786593486052,0.015272632371348793
2020-12-07,0.0,0.0,0.014914066598165077,-0.0004605818773261161,0.003101054209373677,-0.00846716412428461,0.0009565384723493331,0.0008757025639167804,0.005662505864822975,-0.002054858362309453,0.00902083950489474,-0.00867856008028689
2020-12-08,0.001424570480173637,0.00039343774126709974,0.003487910186290799,-0.0008063027077481744,0.0010026636690920743,0.0030918882704253914,0.012846322034183899,-0.0011668285598397388,0.0033849563442964747,0.002925938781315862,0.004724751155624984,-0.003502010853477233
2020-12-09,0.0007112330070735418,-0.008649757001506164,-0.017094017094017144,-0.001499224619041839,-0.0014189870804500737,0.001027430515104788,-0.007285026790475491,-0.0036504220371023077,-0.02264128577012592,-0.008968797991619315,-0.0033038418814781423,-0.0062081948346751625
2020-12-10,0.014925355694817233,0.012889141360049594,-0.001913054093070632,0.0018480147645882905,0.0022569178638864873,0.0007331730968600514,0.00966136415079455,0.004982987633030511,0.004015781235018778,-0.0003271988325374009,0.008863270545115931,-0.0043610682901047415
2020-12-11,-0.0028011026041212528,-0.007047618272354117,0.0018586706605219216,-0.0010372354652143922,0.0020013570198147423,-0.0024907633171501464,-0.0049153591696659005,0.001021069816363518,-0.002214649134426927,-0.0011723389249289617,0.0035393223152073716,-0.0009471952985875554
2020-12-14,0.002808970819599077,-0.005199191466504494,-0.005507636250083436,0.00023080062844682558,-0.0005825329793630596,0.0016600910417960968,0.0011702476884571933,-0.0007286780515275426,0.007255386039975553,-0.004477415421493602,-0.0027709431235548587,-0.004384323323272876
2020-12-15,0.007703108912281653,0.010812924862610762,0.013990959829817351,0.003113870169938915,-0.0009991166882037383,0.011689832218243268,0.025009346254287745,0.0019678968953582565,0.010689306331278736,0.013519668668090068,-0.0033478481120462478,0.02047132619035774
2020-12-16,0.0055594568575241254,0.00475441159273382,0.005519095329445722,-0.001494796863566128,-0.0008335389502670543,0.003363942474727377,-0.003595776750121904,-0.0007998702593792206,0.005499479589150091,0.00156914428425603,-0.002660935037368084,0.001166129976899466
2020-12-17,0.011748445163432208,0.0065062973997547235,0.010520363984510617,0.0014915853830892445,-0.0007266545319966067,0.007288630881119085,0.011908583833368569,0.0014591380874005022,0.00653766775600606,0.005592050558969941,-0.0026463867028724275,0.009669388381772004
2020-12-18,0.0034152036941905717,-0.001175331475218977,-0.0016974258370123785,0.0008085283533667553,-0.0008352777045418369,-0.004775621957801901,-0.004839968167806297,-0.0007285060527717491,-0.003022511771405445,-0.003992836708060943,-0.002997836558617961,-0.020076079270455738
2020-12-21,-0.010211037763179776,-0.014708595009943592,-0.003173869592184575,-0.003576328239771387,0.0006687079293723475,-0.012069150800871453,-0.0005119350305188286,-0.001968668856015876,-0.0018704999129219857,-0.003575459679820314,0.0039660132612171495,-0.005651840389662377
2020-12-22,-0.01100413225009389,-0.00796189974936834,-0.007903112071065643,0.001273394665394667,0.001671053062650918,-0.0023552145672944835,0.011370812020869536,0.002776142167967066,0.0027190330788544603,-0.0016854544701558893,0.005160798021734081,0.006986501480536589
2020-12-23,0.012517382289176426,0.010232772896952902,0.00664787877129025,0.004509358428893329,-0.002085386139857315,0.011212918959438323,0.008507971662774505,0.00021820049721266166,-0.005036012489270325,0.0008986759152094237,-0.006908523854703086,-0.006467715478471248
2020-12-24,0.0027473106510773615,-0.004369405950490957,0.003985267471422693,0.0020727517632181947,0.0014215678455600234,0.0007293898302067614,-0.0006528242184422606,0.003423048963354658,0.004412450448703975,0.0038904989358985453,0.003956832023631174,0.008755174812953292
2020-12-28,-0.006164419296418311,0.002792655903333774,-0.003629142996869339,0.0012632168686619316,8.320345521251049e-05,0.007727152308874885,-0.003718196529145068,0.0006533622525439764,0.010078939877651516,0.008590479514983151,0.0004450518671053061,0.0059607261640495235
2020-12-29,0.0027567020127188258,0.014919431590021182,0.003642361648136694,-0.0012616231649980048,-0.00016690213564196643,0.006944437235683498,-0.019367694190477347,0.0004356689073927722,0.000895311512487007,-0.001907854635514017,-0.0012707021258164808,-0.008532502534646547
2020-12-30,0.006185678524898153,0.01332805988539576,0.007655178894261816,0.0020677732494045475,0.0006678654592233713,0.0015803735745920644,0.010183553492259856,0.0013050355760388932,3.2154954726859586e-05,0.001427091342294906,0.002163272600613775,0.005498103613773564
2020-12-31,0.004098259405753479,-0.0005803602412686182,0.003714145601823482,0.0008022064989186006,0.0006672743369779965,-0.008894101599436821,-0.0017818047563975536,0.00021708909920681307,0.0024602773476631867,0.005080816104988228,0.0014604120406827015,0.009629266838440342
2021-01-04,-0.005442216939368971,0.0063867571489066854,0.022258360658879317,-0.002062082061999315,0.00025016997611615466,0.0057897073153665435,-0.013057339258014555,-0.005067756960441705,-0.014119919431590744,-0.013614019710397551,-0.001204692714209754,-0.03249738739855412
2021-01-05,0.02804382395213212,0.024038622459032544,0.0029616260665272787,0.0003448125053229223,-0.002333900069164452,0.011224488413059674,0.015452098620061472,-0.0032013279662080896,0.008244011181256505,0.00688730790591463,-0.007426756037579252,0.0014603498199072806
2021-01-06,0.0013307364684578271,-0.008450878618941338,-0.01624105266038789,-0.001835988410193723,-0.005847890215902707,0.012238586058365586,0.040918332705589755,-0.008103093050974453,-0.013852306865741015,0.005978448531637426,-0.02052788208080536,0.0017015733106502395
2021-01-07,0.004651060159450049,0.009469857971616813,-0.00233462025122122,0.0028736195249832175,-0.0035293881622608936,0.0,0.01779680971346953,-0.00014724873896665436,0.024191926323955837,0.014857516534582782,-0.008814753115571339,-0.001941065299161715
2021-01-08,0.007936530372963713,0.026454006382221396,-0.03420993723985433,0.0014901015992991873,-0.0028673553325806456,0.008716544904788792,-0.002161919306689297,-0.0007358777117361104,0.012857969388116786,0.005697756323577385,-0.003227466729470496,0.009723978492642615
2021-01-11,-0.0072178020899436035,-0.01352606673767498,-0.0019614419353504164,-0.00537922176468042,-0.0019451921102884295,-0.013937283536600176,-0.0008662976243994924,-0.0042721562235088495,-0.014449920358456492,-0.006740759484683556,-0.001651925994188952,-0.013241818921910897
2021-01-12,0.01916716770375304,0.00982051445601373,0.006473960214956609,0.001266089916729829,-0.0001691525795398663,0.0048055299342883995,0.017924141443874664,0.002145311038427744,-0.0015903800659295975,0.00021116374185603526,-0.0007943076397716187,0.002317740452964623
2021-01-13,-0.0025940173130185595,0.0022018593408958953,-0.004307374345463466,0.0029876187712711832,0.0034746022174183544,-0.0015472501741035094,-0.00714774311750721,0.007750929002923179,0.006753427904364617,0.002692934516636436,0.011262052096217223,0.012171697136905246
2021-01-14,0.009102815610368964,0.00933710722113168,-0.0005190998467168306,-0.00022875223754381668,-0.0022801956854591188,0.007607729841689226,0.01997630952093621,-0.004322157328711995,-0.005347494610066561,-0.003501828429430698,-0.009368259698729231,0.0058922607272902106
2021-01-15,-0.014175307874933263,-0.014148302075444597,-0.012407628760563338,-0.0016046199447949938,0.0027084855677865782,-0.015939590161549666,-0.014910648057556597,0.0015448996668714354,-0.007921158958192565,-0.007292599689730617,0.003967481670208661,0.01147620410369421
2021-01-19,0.0032680246556382464,0.016559206720480946,0.00847307255811236,0.0028696609239684534,0.0005909015143055196,0.007672523458335023,0.01281133299210424,0.00176313702447084,0.01459014330382935,0.007851829768801277,0.0032278445542364143,-0.0028365802135963403
2021-01-20,0.0006514616116748417,0.017556707339120736,0.016282289539807593,0.0018313460657566338,0.000422421883012003,0.007050325867087093,0.004403963224820284,-0.0002934177407819538,0.023260898949661657,0.01383881686076327,0.0009848308528901395,0.019082352090648902
2021-01-21,-0.0006510374857451318,0.0017786953986798082,-0.0006271772092728556,-0.0005713354137564242,-0.0014340553873856132,0.0021003716573457787,-0.00867583589242904,-0.003960546219733074,0.00799917634397751,0.000911561502128011,-0.007018034844502474,-0.004768332400984843
2021-01-22,-0.016938216106181625,-0.00870033047554497,-0.007873145210082533,-0.0019432152876662778,0.0015203021676908346,-0.005309504952480282,0.011621735275893164,-0.0007362704777981177,-0.0028800580000840625,-0.0035392938360915283,0.0032366560556882362,0.002337243947958534
2021-01-25,0.010603126638966565,0.007522767948600961,0.0008626173693986328,0.0002297072587722493,0.004048082925006691,-0.00280952207573415,-0.0009765841681971255,0.004273976633006882,0.00826611681627809,0.0039435280970292474,0.011785381235170034,0.0075784375245326885
2021-01-26,0.001967200531773683,-0.007288717060503047,-0.0024705999829396363,-0.0014898836042069874,-0.0003363460799179485,0.0028174377292313757,-0.006936899491634452,-7.344204557779843e-05,0.001463066554912018,-0.0015609240486660347,-0.001886953664377078,0.0070585219016139344
2021-01-27,-0.0026178560636072046,-0.027758008811354595,-0.006335623059913753,-0.0028666847827774067,0.0011765824657148372,-0.024020182246965005,-0.018331063862158103,-0.0017607114847403293,-0.02787661393667995,-0.02444020687212478,0.002542416725341612,-0.017694931340774378
2021-01-28,-0.004593146784509616,0.006999578723940303,0.0009273614616172043,0.0029897941731305,-0.0026015699212041943,0.008779289388931133,-0.00319972933533641,-0.0016177460925170806,0.005916583050719293,0.008599860013244198,-0.005527877081559551,0.00538073399375083
2021-01-29,0.001318383180181737,-0.024876520745228392,-0.0004053281700162614,-0.002637305523726985,-0.001767177692961086,-0.021543610136787517,-0.015139967090712303,-0.0015463322372915034,-0.021038007761080113,-0.020019388794149662,-0.006016140264154979,-0.011518270553671495
2021-02-01,0.019091458502952907,0.02701171535115976,0.009385291185094458,0.003208275385963244,0.0012483577573889626,0.013414959739231014,0.024566939277446576,0.0019729837841999665,0.024987275924048813,0.01664549719172448,0.0011591299454669635,0.022834104294797486
2021-02-02,0.007752030739644589,0.012968077332079941,-0.012167796413785958,0.0024162092532598045,-0.00252690345329043,0.010359669690718443,0.014244303515138723,-0.00265492201166595,0.016313958826763564,0.014140462337184356,-0.00644728727912891,0.005983807662343521
2021-02-03,0.007051236969940922,0.005048533933171395,-0.0015106298641213156,0.000803423538108472,-0.0024491800291451815,0.002278550954246672,0.0029962166725587824,-0.0023660693385177956,-0.00396721962185409,0.0007859711391877688,-0.008872920827538988,-0.0025165402442060003
2021-02-04,0.005092265570523669,0.00035886408518837065,-0.021530474690833024,0.0020634204231999576,-0.0003388735759772832,0.001562922625167218,0.02039670264705218,0.0017048095381062556,0.011826888408539293,0.01136567071215655,-0.00267235439723712,0.006880664359768307
2021-02-05,0.005066465781261353,0.008608341342603465,0.009872160109213546,0.001487935161876397,-0.0021168895888734607,0.006951401769748511,0.013859566633873666,-0.002663761569133394,0.003391294411168033,0.0039362263273419185,-0.008373357064416997,0.003530862719873351
2021-02-08,0.015753101251743784,0.0017780630348729343,0.010070118005137685,0.0029706499782151674,0.00042402481128944736,0.006339859106379908,0.025535903836721552,0.0043032221636361,0.006699590287971402,0.007221737137874884,0.004391424822337564,0.005447805572954767
2021-02-09,0.0037220605790788674,0.01064951891996535,0.0032649110578624185,-0.0018229754081550142,0.0007636302797355832,0.005319848874279165,0.004707071343029057,-0.0015515616254603293,-0.00020975712858417594,-0.0006658027054042837,0.0007394742993571679,0.0034990646003330017
2021-02-10,-0.0018541968468425152,0.003512634680798321,0.0036611162023989507,-0.0002280315540943434,0.002543196738366449,-0.002645817696491193,-0.006567949786228877,0.002367537526408059,-0.0022787703597858533,-0.0004357869007082238,0.006653357146571892,0.005399601622319006
2021-02-11,-0.0018575055514449268,0.01067560336680784,-0.008685078696598514,0.0004565092540345095,-0.0007611119360948493,0.005864254134835489,-0.001146010408354936,-0.002657070022236474,0.005499609965453622,0.0016150086009474318,-0.005474331901977325,0.0021258977511526833
2021-02-12,0.012406868596929188,0.0008658599955460033,-0.0030372306060941767,0.001597566273352724,-0.0033002955036540715,0.005691249629773409,0.00282420727407362,-0.003256446413223091,0.005589086355820561,0.004939798403409856,-0.012419278383929977,0.00022285597781168676
2021-02-16,0.013480441372470509,0.0024219249252224184,-0.014353488272303538,-0.0015950181261888963,-0.007215973118125385,0.007315340210113819,-0.006292231933805348,-0.0070536213597877095,-0.0027047034378718804,-0.0008659356005359387,-0.015226448034356688,-0.007701736874241583
2021-02-17,0.003022955376884795,0.0003453118898126828,-0.011352850687983307,-0.0003419692343958891,0.0006840648627814971,-0.006165871302614034,-0.00783778196891971,0.005009861192912579,-0.004798294406294867,0.00022967181514310653,0.006349811902823577,-0.0012371676022662204
2021-02-18,-0.003616547526652192,-0.013802678035515603,-6.0088418961767864e-05,-0.001370055300517592,-8.549616048569852e-05,-0.005101474580269105,-0.01548691039494221,-0.0019343054089784317,-0.004372124630696472,-0.004256034603495107,-0.004046855184056453,-0.004279738268352484
2021-02-19,-0.0006050230906647913,0.006473080742584791,0.004148551901348441,0.00011429936430817911,-0.004016728318712248,0.003326218698428862,0.02085315712447189,-0.007231154923421523,-0.004361245189038021,-0.0017659849838562724,-0.013292053226127143,0.005768664700624315
2021-02-22,0.0223970844713548,-0.029375884568344057,0.014969164015496528,-0.0030857301393300007,-0.0016300716807154947,-0.0029006920384362367,-0.006483589092876829,-0.006232937914693926,-0.025919946434112107,-0.007691844746878895,-0.007607854533320579,0.008322063452725015
2021-02-23,0.004736435479782752,0.004477075906535788,-0.0023007456922117253,0.0024077846205505793,0.000773447180367759,0.0013850843123563994,-0.008805153416787226,0.0007555601477540197,-0.002977197704614354,0.0012144242208409484,-0.002883853453382157,0.006245589359876291
2021-02-24,0.015321123581355067,-0.006418404097530805,-0.0007095264939214196,0.001028939406368501,-0.0013740791613173764,0.0035965979153900207,0.023629019671715934,0.0015103957315916183,0.008242897696703722,0.011019320236070218,-0.006560031863733107,0.007648057598024227
2021-02-25,-0.00812524847733087,-0.022788418749358108,-0.018816524708764826,-0.009482169458283729,-0.013330395934108341,-0.01750539552825736,-0.036960028637974984,-0.015832397168191403,-0.034862503705004544,-0.024095758174559778,-0.016330016075181142,-0.019139776102066963
2021-02-26,-0.021065008915851058,-0.013404352795594265,-0.024182906697045592,-0.002998745884718157,0.008977854009502018,-0.013327456435058949,-0.0013725480881708885,0.01325267177281364,0.004187711362160229,-0.005152646037954733,0.03305874458364588,-0.01457884887884131
2021-03-01,-0.008368148208515613,0.026800652375272627,-0.0017304170540851649,0.011226448272271261,-0.0011235478386766307,0.018768595575663793,0.03554599063790942,0.0009767521320729333,0.03008168211397466,0.02424021503614804,-0.013207638216686024,0.004438183136158624
2021-03-02,0.00421944858666401,-0.009787883094622085,0.005447934683729505,-0.0014928441881879584,0.0018172292946216917,-0.0009768101013443165,-0.01924183770255239,-0.0011348114339019277,-0.01603865019746198,-0.007803276993675667,7.094403003771177e-05,-0.009630436049658186
2021-03-03,0.006002362657304694,-0.002013542108486699,-0.011021541189334294,-0.00321907214400341,-0.005355431865552429,-0.006426298607121628,-0.010824463947165519,-0.00742544295766967,-0.02901994272279662,-0.013245690124720655,-0.010845369263766558,-0.005720215857202171
2021-03-04,0.015513224270515158,-0.02329409833147189,-0.009836893780889033,-0.003806257180439254,-0.004950333430518761,-0.009561498610219044,-0.027950266444558003,-0.008168382609698877,-0.016366942241232474,-0.012374717502877552,-0.006450221118239008,-0.011391252979695121
2021-03-05,0.020564103066053496,0.010892086117795019,0.0006288110395962221,0.003009887258328403,-0.0013963763933859674,0.006672334801509638,0.021201764129498812,-0.0013080377337688631,0.015060797892714861,0.01839652271657033,0.0019476354178595834,0.010940684856594052
2021-03-08,-0.013817151424700302,-0.026936817162217297,-0.010368190918767173,-0.0072729821916170945,-0.003932524580084862,-0.004512758322496979,0.004731211582196693,-0.009324731231432293,-0.028314199552126218,-0.004978723908313998,-0.007774883444609415,0.008634389689918587
2021-03-09,0.0,0.021955054401278096,0.02127113294736649,0.0013960029330069013,0.004737935337704169,0.013883107860521493,0.02102967176484527,0.007545309847811765,0.03944122467821942,0.014277357784399092,0.013857873525689346,0.006620412587559965
2021-03-10,0.006421570477897154,-0.004483597090198743,0.005098279923459348,0.003135038316043115,0.0020956165319643283,0.005029862754140524,0.017372458435463756,0.004709878481198304,-0.0028546589161212443,0.00622470301399658,0.002002894618803319,0.009978165634112246
2021-03-11,0.015081237766909394,0.031525646987955014,-0.000866011298261804,0.003704906485943127,-0.00034846318257075737,0.005422085037021684,0.02200519203332174,0.0006151688560636082,0.023031726333516467,0.010139275420063543,-0.007212892808988847,0.011676361301067084
2021-03-12,-0.0045714619972991866,-0.017827845919582974,-0.00018572795011984056,-0.002768337003437926,-0.007235691851774972,0.0030419314283411936,0.0058993717230952925,-0.01152001760207133,-0.008112246068365914,0.0013465580525691134,-0.021221381778671278,0.01675737149616796
2021-03-15,-0.003444232073656961,0.0024078272011580637,0.004396503999798185,0.00011628643305749975,0.0012295880249695301,0.0011029314943600266,0.003553359753258434,0.003418155089747188,0.010682851990418074,0.005963712315508962,0.0058799528721156236,0.014843809138993969
2021-03-16,-0.004032295232018757,0.004249836287317121,0.0009248406787658592,-0.0023136007073076836,-0.0001756904819109062,0.0015146516051212089,-0.016722102217419765,-0.0006965265345791893,0.005488597740507917,-0.00126147895542017,-0.004018465708779284,-0.004086780107104393
2021-03-17,0.0,0.0012878313777784367,0.00714498527693741,0.0013911256659799864,-0.0016663758333215206,0.005362382402501975,0.007852439906991027,0.0009297283408258306,0.004117472044420811,0.003410030954189347,-0.007482945974396471,0.0008638426973002211
2021-03-18,-0.047426271261057584,-0.0183755941380922,-0.005810023730399405,-0.007639870810570493,-0.006238656917911367,-0.008205604060515181,-0.030433533567519988,-0.005728448903777772,-0.03063043682780142,-0.01454970394479671,-0.010126651332481806,-0.010142382280858064
2021-03-19,0.021857916951813827,0.012354901887614567,0.004183119739068708,0.0038495761262882233,-0.0006187646496877974,0.002482017002107151,0.00754760884207939,0.0014790807008280282,0.003525300988444835,-0.0018501584597462317,0.006197557219434602,-0.013625524911689446
2021-03-22,-0.0017826500622891706,-0.002958560415647571,-0.0014702614866924923,0.0036019696319489203,0.00327358400938893,0.0005500977907078042,-0.007535112845084013,0.0035762777166692405,0.018752930569075454,0.007984860064781385,0.011206101814541292,0.0070725941064322395
2021-03-23,-0.027976145741347325,-0.019102297521537692,-0.007300628474884996,0.0010419055807644462,0.004937941157556969,-0.01443493300270815,-0.036274018362429494,0.0029436217751144245,-0.004362364172089239,-0.00787072704747549,0.009026623079027019,-0.0014264384741432545
2021-03-24,0.026331939692820994,-0.022877629335863126,0.0034608341081703298,0.0005782083829852791,0.0013164636609448443,-0.00474264498445498,-0.023127219817803746,0.0030124032132301526,-0.016865318147484265,-0.0050837823936670246,0.00538266535582288,-0.005604479788289596
2021-03-25,-0.022673083388280668,0.004643931644790378,-0.003633653726877295,0.0017336227537467774,-0.0013147328629070643,0.007147804422454884,0.023709798845195973,-0.0011550716941051142,-0.0017315769687170635,0.00562563754268397,-0.007885784244332839,0.01018177026712741
2021-03-26,0.023809708611577607,0.026001583675100637,0.0028434090575977233,0.0030007335560422455,-0.0033341503960463426,0.013081095478093108,0.018231334845603353,-0.0006937313328153616,0.014999975283690237,0.016115234049512983,-0.003500045021055609,0.021567076736936697
2021-03-29,0.0011925327724304768,-0.0069456912724046305,-0.011896005111092234,0.0005746901992644826,-0.0034337195287751365,-0.004533089334569085,-0.028149241185398854,-0.0023914687372116328,-0.00028465874247229905,-0.0005054324941086152,-0.008488129250913468,-0.005816487645730617
2021-03-30,-0.016081028277151632,0.0032134570859674305,-0.017091823816998808,-0.0024145330279389254,-0.000883586872203912,-0.0009655718321335272,0.01683763985539355,0.0030930786682250577,-0.0050329548534315816,-0.0026526806284989934,0.005239952888363764,0.001300136900259874
2021-03-31,0.005447973534566275,0.005087677250201761,0.015167857324082767,0.004841327901836445,-0.0014151585480046691,-0.004834383498109163,0.013439752078536094,0.002621218450142626,0.01530284282585681,0.0040532102409125415,-0.0055797926752134686,-0.006059328632830319
2021-04-01,0.01685727295983841,0.009748675988894284,0.012628087827510459,0.002117546012522231,0.004430650813580517,0.014711840962167821,0.012673261520530499,0.0062712619063503006,0.017046246915483065,0.010799158443921986,0.016597210650617367,0.01817974123048205
2021-04-05,-0.014801628548368306,0.003899041365608369,-0.0003704010382533651,0.00045975968981992743,-0.0028229763593279333,0.01408843440651042,0.005497494795089208,-0.004900065242634644,0.019964906247154524,0.014353280049038242,-0.004362774632263644,0.003849117334512542
2021-04-06,0.003605746193643622,0.005548346267105986,0.00802867506459215,0.0017216835894751092,0.0048654307303717115,-0.010655501611526286,-0.0029338154755113033,0.0066940673541979745,-0.0006949483940336121,-0.0005905931383421992,0.006792147423541506,0.0025561416899522182
2021-04-07,0.0029940585450967117,-0.014713978228065194,-0.002818323186048577,-0.00034392680964623334,-0.0006162495096188048,0.0031354909810461518,-0.016138518669126523,-0.0019869965194682093,0.0024184882862721135,0.0011570911974172482,-0.006964608656355731,0.000743668773712125
2021-04-08,0.005373034440421254,0.008213617926761119,0.01075202788807239,0.000344045135992177,0.00343578085987839,0.005979865180755883,0.00847355445960396,0.0036756639908013256,0.010433584315953981,0.004746917869424827,0.008255352641737046,-0.0037156776564802874
2021-04-09,-0.003562857791645113,-0.00851690411118955,-0.00753747660190629,-0.0006875125348531075,-0.0026338237542989917,0.0024318411982251487,0.0001349150755445283,-0.002060342718617436,0.006058116185692519,0.007270116776210811,-0.0036227761173108775,-0.0011719144945183668
2021-04-12,0.0005959437419702507,-0.005975763433899717,-0.006063609158189043,-0.001031921413780168,-0.0006161409642342353,-0.005121251152533812,-0.00390858968590424,-0.00022939961055257196,-0.001305004660730913,0.0003645090602240053,-0.0004363163968726935,0.005867324272546881
2021-04-13,0.010720533204728655,0.004133080704724845,0.007086479573175097,0.0006885823233424571,0.004139704891111151,0.00582507639835339,-0.0026159024399579067,0.0044358901112731,0.01167316336682056,0.0029637728638571836,0.007493454182458281,0.004984731505401463
2021-04-14,0.022981911418749945,0.005051425794024844,-0.004344315528953313,-0.0004588907522473651,-0.0012281108314340372,0.0008078609899293543,0.009857846256648317,-0.0013707728782655915,-0.012008576579872976,-0.003415157410974423,-0.0031770913843393034,-0.005276603405572899
2021-04-15,0.00633623845802922,0.009121258682305289,0.016162763416190717,0.004016909780534261,0.006410907547321765,0.008074502675810447,0.004343565256786475,0.006175828594465305,0.015155975393380094,0.01074245981754407,0.016734329939676496,0.017504674582315305
2021-04-16,-0.0017170932904250202,0.0025826310666681174,0.006047777218550321,-0.0020572372392602123,-0.002705160431031639,0.007208605116711286,0.001605121484929084,-0.006819689677036278,0.001170773076154319,0.0033423287967373483,-0.007766487605980199,0.0021896962962844047
2021-04-19,0.0011466559513053642,-0.003679946413846724,-0.0027652942409929215,-0.0016044073358166822,-0.001050163752800204,-0.0011928751298075913,-0.012998030066271204,-0.0025941215786041694,-0.009151453884856608,-0.004912918883734241,-0.002872436768267095,0.001976549155911833
2021-04-20,-0.0017180767282898302,-0.008125404552265958,0.0035565515706876827,-0.0017203555947924443,0.0029782238046294207,-0.017914080157688028,-0.020475388856210697,0.0019123539225625041,-0.007288926290970332,-0.007321631708418708,0.0046092668046426866,0.008202954907169824
2021-04-21,-0.004016038498836139,0.006144015610984654,0.009911155680072392,0.0033330752647664497,0.0005239591504768715,0.009728557385903613,0.024448625940184154,0.0034357227536794266,0.008560910689094703,0.009462074382953878,0.002006926249426,0.006590910758225599
2021-04-22,0.008064464196357424,-0.00351597981530416,-0.006483147356353358,-0.0018328291197090563,0.000785716909939671,-0.0032117081617568655,-0.004134581117625324,0.0009889688295494636,-0.012054572252544915,-0.009133182169615006,0.004364186324953723,-0.005422388882234008
2021-04-23,0.007999948894921616,0.014484683036403379,-0.003831414124593202,0.0026393019637194204,-0.0013083736596849471,0.010336997210252052,0.01886434717906771,0.0008364639566338372,0.012589477763564672,0.010842500153534607,-0.0023507652412670943,0.005863534738246745
2021-04-26,0.006802740108350358,0.0012813877816548747,0.002644245538133694,-0.00045749960398866474,-0.0010479942480692284,0.0009303724600218111,0.010409222327071754,-0.0004559412608072799,0.006511151034367613,0.0020876441476489482,-0.0014276964445962825,0.002965906782451233
2021-04-27,0.008445953972664233,-0.0005483738290333884,-0.002517371003141977,-0.0013742630532836975,-0.003933702205187517,-0.0029205019127117593,0.0014906286001041824,-0.004482627731175359,-0.004332177093206768,-0.00021551596331892409,-0.008723377595442838,-0.00010197021352287283
2021-04-28,0.0016750924106618825,0.007499521468142811,0.002944390689552989,0.0019488218961534187,0.001316107134769151,0.0022632286511719,0.0017071874071517001,0.00015243167644807265,-0.0033809512905158545,-0.00028736453010125285,0.000649397791352424,-0.0021416859956404632
2021-04-29,0.006688920302768242,-0.002360177721600354,-0.004133978948338446,0.001144583579806957,-0.0017529095737707223,0.000265562827590049,-0.0037145770148038215,-0.0012208042136814257,0.00359893461529337,0.006372707605217132,-0.002955190016286746,0.00858466397227109
2021-04-30,-0.00830565560279617,-0.01765239925756723,-0.0033690142851713345,-0.0004572646388476542,0.0008780701912465272,-0.013147527616144572,-0.013596971909006106,0.0020624765635610665,-0.00655455337948474,-0.006570505087991285,0.00231304916855124,0.003951577216217306
2021-05-03,0.011167058355855186,0.0,0.012978352341882271,0.0003905319710324484,0.0017030252616430097,0.012246148015651714,0.004891312332185205,0.0024065508319395246,-0.005325649762538354,0.0021568388290647,0.0005995827377838214,-0.0019173160340749673
2021-05-04,0.015460789554572862,-0.01130063347812571,-0.007329692780131181,-0.0005735471264177727,0.0013142837340252012,-0.015155297247634314,-0.011947600661728286,0.0006098185450420512,-0.01799578755802156,-0.006169303817564531,0.006786289232219467,-0.006471978448164051
2021-05-05,0.003806512133518236,0.0046842786848610984,0.004142168530566259,0.0019512020194272228,0.0012252373022538787,0.013093697482196465,-0.003985769254481575,0.0012186850475310873,-0.0033623564864664335,0.00031266937401119854,0.001649215229998502,-0.0165903229173745
2021-05-06,0.004875375600916998,0.009511483321604564,0.01667957921247054,-0.00034408561230592216,0.0004371360855381923,0.007061910414492445,0.0008544943387382986,0.0019019340615138436,0.0075372027680320475,0.007985782222683868,0.001646754930298755,0.005589122068029084
2021-05-07,0.009703443271264378,0.010345395080728181,0.00899681760120985,0.0006879548977132277,0.00034976869020431067,0.012040192041193665,0.012579242819615422,0.00037962309731520705,0.008114736198359118,0.007277986197027353,-0.004931569655356904,0.013173961810879042
2021-05-10,-0.006940576702764378,-0.017919042022586318,0.0030305045955998366,-0.0022902478105194524,-0.002009214237667978,-0.0061445259863393,-0.02542273074565926,-0.005389046098001393,-0.025254575709031224,-0.00990237732089505,-0.010127232748514015,-0.0003047608374252553
2021-05-11,0.010752619743101377,-0.0027929665643781076,0.000174300035968189,-0.0010331361628977964,-0.0016626807915300912,-0.01236502921601823,-0.0031867773586775616,-0.003663099932302405,-0.001381422014301914,-0.008924920190692465,-0.0056599246959589955,-0.012600343050944707
2021-05-12,-0.00106370649302856,-0.027632419165555033,-0.009933813872024522,-0.004825455247702504,-0.004821568517198727,-0.017314971160031556,-0.03247151415238925,-0.005437676036505357,-0.02588284749169034,-0.021245235089877856,-0.010507339143306926,-0.02531672813664665
2021-05-13,-0.02768914493169583,-0.0013441283962414285,0.004107329913244362,0.003578937179053776,0.003347497136475086,0.006641241547787002,0.018408966315311526,0.003773281201292944,0.007731198812548801,0.012012675786678528,0.0015485836583422063,0.01298720458916458
2021-05-14,0.008214685139949607,0.018073264367876707,0.009115862292308208,0.003220965049719693,0.0021949692123635067,0.017100053551068584,0.024426616446069582,0.00544720394245779,0.022077080206339472,0.015355006492035583,0.009351072872172406,0.011882307036734874
2021-05-17,0.012493131373386035,-0.0009440278901138299,0.011639321781340195,-0.0018347879098327136,-0.0009636681792838386,-0.001985993680724163,0.0013572321082337968,-0.0011447969872663277,-0.006066311508237776,-0.0025442454340314224,-0.0021156735924482417,0.001030289204399848
2021-05-18,-0.004828296087043382,0.01342150965139255,0.001946172546249958,-0.0024124508315055415,0.0,0.003050885244481938,-0.007590842106942386,-0.0032844471962165667,-0.006750934098665118,-0.008615847808489896,-0.002558651060297734,0.00020571419334891594
2021-05-19,-0.0204851059897575,-0.0029844976768625964,0.000685616890880425,-0.0026488524960117665,-0.0029814353994640497,-0.009388948599532987,-0.007694399558992759,-0.0017632328937772224,0.0011481389748198012,-0.0026215511900565813,-0.0024182838243180793,-0.0031892765742824736
2021-05-20,-0.01045685132829055,0.005799823788404934,0.004567270124640199,0.004272891989149485,0.004133412411519544,0.014150096261601686,0.006652878397227724,0.006834066242761061,0.01934351021663927,0.01075780670844706,0.00822869035035767,0.011249835284811605
2021-05-21,0.009454890580982589,-0.011532839346371726,0.0004545724551812125,0.0014942874340599932,0.000350626491742112,0.001053193907035288,0.0025980922668222828,0.0006860547733369415,-0.005534655495728735,-0.0008184866400946511,0.003206139769670324,-0.0010209185302725299
2021-05-24,0.013774200169406559,0.008280000116169806,0.001761036294059215,0.0011479027194158942,0.0009635424514187196,0.00565397378524235,0.006500855282693063,0.002743103482244047,0.01681912144975839,0.010194033668291747,0.0037043264451512847,0.012464426573770337
2021-05-25,-0.0032608489763028548,0.009891834785692222,0.009072814229376336,0.00011462464171296816,0.003673476028212219,0.0,-0.009665879903329455,0.0037243669895214992,0.0013834160287913289,-0.002218813818494425,0.009263488087825067,-0.0003029155273928108
2021-05-26,0.0016356986891343794,0.0073922990632406815,-0.0017420486873281904,0.00034383451323094505,-0.0011328523079024988,-0.00026151339089286463,0.018653710554815905,-0.0005299003592269536,0.0034836635591455334,0.0019847935596546407,-0.0017211535715565551,0.004441587573953187
2021-05-27,0.015786688692541517,0.00018340219566725935,0.00039409662496781017,-0.00045828844225781484,-0.0017453396564738322,0.0019618634852689443,0.010297695064723111,-0.003030497224385642,-0.0037408768129463255,0.000524938138400266,-0.004022181130883928,-0.0023112846287732802
2021-05-28,-0.0032154136867234007,0.00641962968356502,0.003770176937892389,-0.0003437605476495076,-8.758668080810494e-05,0.002480278414939807,-0.0006646202201443518,0.0008360414672126115,0.0031541848191904975,0.0017886405818650086,-0.001586698285398147,0.006043370198348441
2021-06-01,0.017742058275804995,0.02059425910904733,-0.0026909461441234628,0.003003041489675562,-0.00018331758331657788,0.0033852744299318616,0.011352382506450098,0.00012942130504955962,-0.0033241008693715157,-0.000880582644554706,-0.00022474206793077212,0.01802184185275557
2021-06-02,0.005282585924236027,0.0016071607378149722,0.004890446350902078,0.0012628428505827571,0.0011370357559905564,0.0038932922965047023,0.0011840295694216518,0.001597168467396548,0.001953154121667522,0.0015723297298899652,0.002315904397488966,0.011703370195539353
2021-06-03,-0.008407838146725521,-0.010696983486884748,-0.019578228541437537,-0.0020633093788422485,-0.0025340214792607396,-0.005558577634820261,-0.008365082552462044,-0.00394920004085042,-0.010405934483225354,-0.0037113848983830744,-0.0037539427638370038,-0.003694063699116956
2021-06-04,0.011128704732934702,0.009010474106379007,0.010783359066451448,0.0021823275603052306,0.005519355981796759,0.009359177649615136,0.004328300494538251,0.007091046940657986,0.0169697701105338,0.00914604017600018,0.0136950173435193,0.0004878632108189507
2021-06-07,0.0015724319940682019,-0.005000974315213402,0.0040076283608136976,0.0003436196781718692,-0.0007842054677350552,0.002962089071502527,0.013412459737942806,-0.0008329020538383469,0.002979817259711748,-0.0009703989384445277,-0.0030738448390740247,0.01180044359208221
2021-06-08,0.00994237464897485,-0.00484650415463006,-0.0030920774052216604,0.0006872290536241721,0.0028778534484938945,-0.000770551948283793,0.010587915073194454,0.003788314467058962,0.00047531696895575237,0.00021302364840347643,0.007026561138539167,0.008288985479971256
2021-06-09,-0.004663296351636981,-0.002886061020437536,-0.0019175027218333307,0.0008014798216597896,0.0031301242096719584,-0.0029553879674231176,-0.006655375831270072,0.0036231639697275053,0.0002375455750351918,-0.0014916967794288416,0.008829225973871369,0.001338420921725092
2021-06-10,0.003644026688858215,0.008012587364430335,0.004294325821970535,0.0018294723475327235,0.003553894777794442,0.0029803311782197195,-0.007415867473913873,0.004512347910972547,0.010420244855333882,0.004648317040755856,0.005998565568597902,0.0071597996630128335
2021-06-11,-0.0031122407678755293,-0.0034247162886246185,-0.011252390785353672,0.00034326456641098346,-0.0014685380518785207,0.002606365108936526,0.010554816234420006,0.000823735374720691,0.0026149698046979974,0.0016526300040347053,-0.0016136941230400215,-0.003980957057118095
2021-06-14,-0.005722941651313818,0.0027129049884193623,-0.005860923791407013,-0.0009129211350633604,-0.003113579310556225,0.0014300904080142285,-0.002935059206494728,-0.0036658691188006243,0.009582881069686522,0.0022389350920015705,-0.007659133696205855,0.0039017007462536224
2021-06-15,-0.004186263010094726,-0.006854067324547075,-0.0037777095572453234,-0.00011471192222733961,0.00017324894599979324,0.0005190606723615154,-0.0028566894588158975,0.0007510554722001128,-0.006531188567830859,-0.001834332616401646,-0.0012035173476475647,-0.010711805079101633
2021-06-16,-0.005780424721783306,-0.013621573365949935,-0.016891711518855712,-0.0013707339354204207,-0.006853261409676681,-0.007135504019830208,-0.002127208948401904,-0.0028510616815202727,-0.0036521083680889355,-0.005583198173826687,-0.0008514818047882233,-0.006515961519781399
2021-06-17,-0.025898470912865568,0.005523873190306006,-0.030740427140865334,0.0006862513427392525,0.003581523257672581,-0.007578733003806071,-0.011223628009262243,0.00556818755584243,0.01269734226273167,-0.00033156155689262334,0.014972247544829509,-0.001253797440981308
2021-06-18,0.010309093201329222,-0.006958551714591699,-0.005547261946798776,-0.0004571871498639801,0.005656964765091477,-0.020013089399949613,-0.022702268889297605,0.005237857368673993,-0.007847240601237093,-0.013490575238894187,0.018805885427444657,-0.016996638966591315
2021-06-21,0.012352467721161053,0.004241301208259607,0.012247646651096789,0.0019442159153837402,-0.0032020614426264693,0.013032236693904409,0.021383904755026828,-0.0058064383897632466,0.00621511668251129,0.014316005918498353,-0.016743259138973787,0.020630533886380586
2021-06-22,0.0015913854705402741,-0.004590731728497444,-0.0041928539145718036,0.0006852130550243363,0.0018232059572691472,0.001061170597364658,0.004539706375632058,0.0016476072763951244,0.009321619466717612,0.005346376958895727,0.002442674150745505,-0.005197656338456036
2021-06-23,0.0063560084568756725,0.006087659397830514,-0.0006616578066259704,-0.0010266099040875387,-0.00199309229948863,-0.006359336984055108,0.0032908897485945943,-0.001569453764119766,0.0004892965808811489,-0.0012054940560484173,-0.0025760252319035892,-0.0017416927397745363
2021-06-24,0.003684071780157838,0.009167526286927963,-0.0006019387497473438,0.003082882210717397,-0.00017385196983710216,0.009200112106764191,0.014125767963454772,0.0019462494408790665,0.006182726994617971,0.005915618092553254,0.001605968955820769,-0.0021573237960578195
2021-06-25,-0.004194929807484926,0.008357611989883607,0.0033124733437563947,0.0010246186708788851,-0.002084247849348797,0.0023779010936615386,0.0016817799753954255,-0.0026153467374793182,-0.001229072679546972,0.003552182905482759,-0.010383713420967222,0.006750146551393721
2021-06-28,-0.0005265896005133275,0.0009008030013128998,-5.999463986816611e-05,-0.00011375489440235143,0.0031333928816570378,-0.00593117473555238,-0.00792143520273525,0.004270115909781325,0.012161678852823155,0.002015945144731024,0.01028078053638537,-0.0029153409142477216
2021-06-29,0.004741687898607738,-0.0007200399306745986,-0.010505462725200698,0.0012513341100182096,0.0005199729131790676,0.00013272839514133494,-0.004773576018477055,0.0011937806963919773,0.0036187492738288807,0.0005380943360975277,0.0016734333693217973,-0.002728557690149347
2021-06-30,0.009439080584492388,-0.006485336425433363,0.004853503869870712,0.00011373759885158208,0.0015611416647749454,-0.007556776942838295,0.00013087121517951772,0.0011176311545457729,-0.0015774555879972674,0.0008416396808619275,0.004452990757166875,-0.005277090682749175
2021-07-01,0.0036363404481896122,-0.00562107330156969,0.0034413575356286863,0.0019597356483616046,-0.0007189294809141211,0.002137296082427076,0.00880670587730159,-0.0008724375159124831,0.00039503122764772414,0.005536659942549926,5.565676773344741e-05,0.004322553867559309
2021-07-02,0.009316710990896038,-0.0010940042790386073,0.006558341503640763,0.0015927178041876822,0.0036417850737233692,0.004798630559080808,-0.009507676091572326,0.002836115013466145,0.01147872150669449,0.007643448022531141,0.006034324693866333,0.0030323948042141335
2021-07-06,-0.02717954090600272,-0.017524563553336647,0.004961455343207799,-0.0005679471465619423,0.005269570507921095,-0.006500456173392122,-0.01452957807974209,0.003646744153066317,0.004321713359995316,-0.0018215189958730171,0.011721253617691607,0.00731434204968906
2021-07-07,-0.012124331304869562,-0.001114975648024541,0.003806801143447114,0.0003410512167192348,0.002922503132398946,0.005074060429153704,-0.009297768224886593,0.003410950927827283,0.0021102742633636318,0.003534001542158771,0.008859200380657573,0.0034852749569311836
2021-07-08,0.00853783294472188,-0.020833358144402014,-0.0006518168637834609,-0.002158510872935171,0.002570460645854755,-0.013418069720483428,-0.009206157539308535,0.0005174789528297197,-0.006039715184028793,-0.008148037838377697,0.003917498039870404,-0.0027978532644070686
2021-07-09,0.011640254718208842,0.01728733615318845,0.003320562334123478,0.0017076913977813746,-0.005042579964794847,0.01804461317150774,0.021109611901053205,-0.004210483157361611,0.00624342875210826,0.010674898322816428,-0.014062942607620976,0.016447316473847007
2021-07-12,0.0015691424081285543,0.0009336053778474795,-0.001241101031467462,-0.00034086674130617833,-0.0005152684917156813,0.004364929436604159,0.0008391407775627524,-0.0005191957299053307,0.0039055979165045773,0.003581968048734563,-0.0012965908126880699,0.008566608336047832
2021-07-13,0.008354923362170252,0.0009330531015276922,0.001301782371024407,-0.0029558556567946814,-0.0030943983199749336,-0.005662931209780675,-0.01884617278786971,-0.0037104095011119,0.0,-0.0034089709997815465,-0.007653332752058817,-0.013967646538293965
2021-07-14,-0.009839399987081832,0.004286913568617656,0.010755182911599048,0.0015961952903615906,0.004310974412512714,0.00238411982934128,-0.01542984185697871,0.0046180371877801996,0.0017936332382286757,0.0014922529679339824,0.011362675459555494,0.006986977032337416
2021-07-15,-0.005229977899935512,0.002412760530130731,0.00017547964957964624,-0.0006826740653955721,0.004206265640781304,-0.010174107631638174,-0.005665400045823832,0.002150368443737838,-0.007023610481066256,-0.003415609445355794,0.011029984725228426,0.0016157248485915154
2021-07-16,0.0,-0.007776346582283877,-0.00970365108457183,-0.0013672877769888014,-0.00017094398846606573,-0.00747595391632605,-0.01231430879390838,-0.0014058831236526403,-0.008099224814835826,-0.007843619489351195,-0.0018861225956948724,-0.0006641442723064328
2021-07-19,-0.03995808449483573,-0.016794265587191215,0.0011805498135817327,-0.0067297324912009016,0.008549922286588574,-0.01842633006398775,-0.014980248323131273,0.0071872384193185646,-0.008193518525666743,-0.014767840033878432,0.021928699935665596,-0.01823175956500034
2021-07-20,0.014786625322641411,0.003226538395766365,-0.001297100524211059,0.005053213777866272,-0.0012715756560292002,0.007536253870516818,0.031030134000686438,-0.0013977490349640354,0.011616479107364741,0.014330469160380055,-0.009639568353089545,0.023599746033884372
2021-07-21,0.0199673718666753,0.006432080413884433,-0.0037192566567244567,0.002399489868521343,-0.005772179054688742,0.01577588563469079,0.017224066653465986,-0.0035362003520178487,0.007720327178330377,0.00809626852980605,-0.012666314011753665,-9.416830025965606e-05
2021-07-22,0.007936574210349656,0.0018796555130917714,0.001955450591350383,0.000569747621619987,0.0023051592470904048,0.0009373507085184141,-0.015896643271658073,0.004139680704715154,0.006610258273299863,0.0020941390937978532,0.009452325715620047,-0.007938132712683843
2021-07-23,0.0052494256768613745,-0.014821643616524605,-0.0031344183025339145,0.001936419295982983,-0.0015331399005314994,0.007356818532913589,0.004667361679681958,-0.00044157230021180105,0.011677397216053542,0.010288005836836422,-0.006689017278376341,0.008286961379254665
2021-07-26,0.0073106580988764325,-0.019044034747889182,-0.0023730060647713103,-0.0014777059820736405,-0.0006825240595654813,0.001327930803403321,0.0029152605592845937,-0.0022097081982734856,0.0007877803559990237,0.00245467083276818,-0.002962666359035415,0.00047255165385373665
2021-07-27,-0.005702400207996394,-0.020190181606895008,0.0016650735799190741,-0.0013667087639808173,0.004268429529272533,-0.0035805058559499336,-0.01167179920604089,0.004281487391823324,-0.011018200207389417,-0.004557369819786494,0.010671101846747355,0.005665800731167181
2021-07-28,0.004692357872688069,0.02714466067926735,0.005046252863966982,0.0007979645576061678,0.00084985091642098,0.004391650591447638,0.01470445844262791,0.001763700281718572,0.003841571544169531,-0.0004100154447536086,6.709836049600959e-05,-0.00347422759677507
2021-07-29,0.017644007585004173,0.005015496868474134,0.011105233370970247,0.0021648163240914897,-0.0030572045107127854,0.006890390819499048,0.00769863221760958,-0.0028614344603643538,0.0017770001198844643,0.004147354656072633,-0.005546108977763864,0.00018857319895504432
2021-07-30,-0.005609459007958617,-0.009597115319075256,-0.007886842666167015,-0.0013639757206738157,0.00281125935250226,-0.005790539771543757,-0.0066061062715313534,0.0008097684335484079,-0.005211802004254751,-0.004856469608700009,0.004703418241567947,0.0013186529681437076
2021-08-02,-0.010769162976975166,0.00717082383202694,-0.0012366429443513294,-0.002478412983775491,0.004386158949928998,0.00476543575475552,-0.004976353123182231,0.002894822906368555,8.2264412277544e-05,-0.002098114615112223,0.008919713663024131,-0.0021638346053316493
2021-08-03,-0.004665713804553828,0.0042329811817130025,-0.0007074766626713469,0.0011448193700791531,0.0002540799991543885,0.007376887616045824,0.004137348226894932,0.0010283364259924266,0.006061424778136759,0.00813547728088837,0.0005305832846709269,0.0012259790946582694
2021-08-04,-0.01614584611766401,0.005173726846589011,0.0002359625041987723,-0.001829750771194849,-0.00025401545890668675,-0.0035308748308168214,-0.012451329844699988,0.0002198648527604874,0.0014448620162761383,-0.004918847483333266,0.002056332804483585,-0.0031076923155749503
2021-08-05,0.014822796690335815,-0.0015250658286724006,-0.0039520921003340925,0.0022916615488468572,-0.003638901299647501,0.004986828788407616,0.01797256900362809,-0.004107750474731109,0.0063428744184139685,0.006332737480430062,-0.005097089089785345,0.011713304160004823
2021-08-06,-0.008346435444421707,-0.008400347689386911,-0.024991124040327772,-0.0011432109219114972,-0.00586194086320746,-0.0037866619244861788,0.006125341382172689,-0.008175456142320514,-0.004382180670796654,0.0016526445290134806,-0.016701309499064676,-0.0017739081989172067
2021-08-09,-0.01420307625890227,0.003273046569562954,-0.017735654639032372,-0.0022887025688325124,-0.002135916760687584,-0.0011798896451382657,-0.005506174303405054,-0.0043075043397153845,0.00184776789416774,-0.0008137284787864685,-0.0035861399019738727,-0.005331605722760924
2021-08-10,0.018143011976968326,0.001343395736813413,0.00030919522248562537,-0.0022941773444343783,-0.0018839479170287277,0.002493588470747987,0.0019806542273428374,-0.00223728909097487,-0.005125887903447368,0.0012439189713842058,-0.00461790053767519,-0.009497787809090164
2021-08-11,0.008909911836046058,0.0026831050923046273,0.01378497662510525,0.0016095831202229682,0.0011153871712095142,0.007068913104832264,0.004896733367986128,0.0015696751552614074,-0.0017173756563839682,0.002484967228572943,-0.0006140878981270026,0.0058862083515094366
2021-08-12,-0.0036363404481897232,-0.008792022983539649,0.0002438615008097944,0.001721621452751787,-0.0010287383713168952,-0.0009099425825770391,-0.0023694200158626,0.001418066315362454,0.003604452230085542,0.002997052349612117,-0.0016385537613760048,0.002170607098974653
2021-08-13,-0.0057353326387786785,-0.0025069042954162235,0.014325811995228088,0.002177159557850583,0.0057480424169531474,0.006505410897546859,-0.009096558742769045,0.006707270220566386,0.003510161012621138,0.0018196378893602372,0.015795803515446183,0.005462718212166484
2021-08-16,-0.002621673079849729,-0.009085788904010461,0.004988291568599701,0.0003432096595721301,0.0022173915198608896,-0.005816936204029344,-0.009315869001127242,0.0005925882090278556,0.00043371604230491023,0.002354961413944201,0.002423791209483772,-0.0012177706345954942
2021-08-17,-0.011041053454081906,-0.018337611901274586,-0.0014950364679763295,-0.0022861603595459856,-0.0005104543486613711,-0.009751656540981202,-0.012187742838589144,-0.0017758380641073046,-0.008808126146364503,-0.006555539439909941,-0.0004031771671919593,-0.001031566443424281
2021-08-18,-0.011695831469272777,0.0015896692281820446,0.0007786122169375354,-0.002291511023333359,-0.0005107150453772524,-0.002757426898520543,-0.008734090775597947,-0.0006672838812532556,-0.009624773150137322,-0.010944869040390715,0.0033588992526378814,-0.009106313048633408
2021-08-19,-0.013986100153369763,-0.017063367114425798,-0.002932408589264246,-0.0001147768764501178,0.002214820521062588,-0.010006719349502702,-0.011980557602531472,0.002299694977469846,0.004831699049917093,0.0015481670076840093,0.007365470470971358,0.004831818505552921
2021-08-20,-0.023458959571581617,-0.0008075645875045279,0.0005401616803368814,0.002411827805028688,-0.0009349771708081489,0.003458084122838878,0.016891622516720606,0.0006657268696883545,0.01035829389703391,0.007957257660954786,0.0006649069519584216,0.004997281966983902
2021-08-23,0.03631286729134375,0.015151594847310879,0.012177557387281546,0.0030931080711411596,0.00025475606774416626,0.009277799291333988,0.019023529548591434,0.0007395104251557427,0.014956498979592947,0.008796458208765179,-0.0006644651444646099,-0.001876572920826436
2021-08-24,0.02102448159027004,0.02268661675972261,-0.00047414113127741686,0.0013702644671917952,-0.002721477114425608,0.0034142557982601573,0.00983519621831297,-0.0022909292157913264,0.00305435496062878,0.00158722551063617,-0.007776438368576,-0.00441770053189694
2021-08-25,0.008975654604533645,0.0011673655909960612,-0.006937433805443538,0.0010264874632974763,-0.003923640706520182,0.0006542333399068845,0.0035171094413479764,-0.0025921444480213607,0.0011487039497131146,0.002098470414235276,-0.00830674144024024,-0.0006609295923348801
2021-08-26,-0.007849472553342896,-0.009523738415138205,0.0011344784228162208,-0.000569549704366179,0.0,-0.005100562656793928,-0.01060372071542759,-0.0002969263335345085,-0.00635012999326956,-0.005903105119101748,0.002769466852752478,0.00037814412619829874
2021-08-27,0.012658264434241229,0.0123627356169842,0.015029547921398434,0.0027358652819891027,0.0032537002326544773,0.009464788077468533,0.0282015001152629,0.005570810367898638,0.009720257047022063,0.008940899421904902,0.006803393739859054,0.010482553541033557
2021-08-30,0.003645924607508011,0.0021322457324679522,-0.0049356385559711224,0.001250503095148181,0.0019634197306619416,0.0006512262515463441,-0.004107723772057703,0.0016992109445181924,0.011222120414797088,0.004397579188994971,0.0026094355565136063,0.009999983897785114
2021-08-31,-0.004670442485124049,0.013732936202828894,0.0020076547129428413,0.0002274440480416473,-0.0018741582358485775,-0.001171329293025991,0.0019514907172943907,-0.0022861985682355312,-0.0008149358821680774,-0.0014816582132667344,-0.006806696730189188,0.004719148923673089
2021-09-01,-0.004692357872688069,0.012783962732818122,5.8898619200498104e-05,0.0008539993431628812,0.0004268356914289839,0.009250849310901588,0.006728012095862379,0.0012881865365539369,0.0016581180533485895,0.000531757304326419,0.0016751137911024117,0.01602482942838135
2021-09-02,0.01152416937404599,-0.004521676926099172,-0.0026517204262498373,0.001251700517103771,0.0011953847714565313,0.0047768199224969,0.0069469063357885386,0.0017747358162782945,-0.000473317059865197,0.0030763419933586,0.004366038079100409,0.005257553283874783
2021-09-03,0.001035726314429608,0.0052990223788378366,0.01069422486613747,0.00011356804283990662,-0.0023875455337193374,0.004753883152188054,-0.0046284115894160704,-0.003616676228094695,0.00307579108470879,-0.00024259763659018052,-0.00909484900043489,0.00018054412958878885
2021-09-07,-0.011381088249445726,0.005835884910875944,-0.01958371853465668,-0.0026134317773653937,-0.003931746504585387,-0.00012800990063854822,-0.006887148099967155,-0.0047410343658487175,0.0014151986231638602,-0.003575473699905962,-0.008435959556155392,-0.011269626440035263
2021-09-08,0.007325960267665632,-0.014598488832485934,-0.0025044029033459703,0.0011391940341189954,0.00274595015118706,-0.008185087108770528,-0.010910491482493456,0.003199999568023637,-0.003480821696248859,-0.0012183555789642142,0.006806353247863495,0.005015356303956331
2021-09-09,-0.0072726808963794465,-0.0018994531796140413,0.004423489287242344,0.0009098961787692428,0.002824247571330263,-0.0005157612204577111,-0.0004912354694830423,0.0065294192566431875,-0.0034400050157471496,-0.004280070774593359,0.012100726968723663,-0.020323147105418826
2021-09-10,0.013082186611253599,-0.0011416783337538927,-0.005058656845151166,-0.0014776116372373638,-0.0031576334523942817,-0.002193487102567393,-0.009785101327912438,-0.0028748501679536353,-0.007589687152442459,-0.007884600805235786,-0.008816862469993136,-0.014632141078580352
2021-09-13,0.007747883881151996,0.0026671777673168418,0.0033497597913456634,0.0025051115654723954,0.0011985107096537106,0.0074994743198830705,0.005685434696489633,0.0024394861298555615,-0.0006904242126972715,0.0025590368175079092,0.0060647376792806185,0.006766719606458693
2021-09-14,-0.0005126667332545631,-0.008360364668163145,0.006438546534438316,-0.0004543467427140513,0.003761900078947944,-0.004363323793421303,-0.012742184620990415,0.003023914321937049,-0.002843215271584709,-0.005396435729802529,0.01212296576734162,-0.001773830739604576
2021-09-15,0.016410377929027442,-0.00019145594517733233,-0.005864266379652205,0.0014772149491357744,-0.0017036466898864289,0.002320312825040194,0.00904371941922233,-0.0011765032185490076,0.00743482241287885,0.008352716023888762,-0.003507116410315758,0.003179725604817829
2021-09-16,-0.007063637435409387,-0.011306979991435595,-0.02264197706190263,-0.0003408273267776485,-0.0031568476637034992,-0.0015435596443705846,0.0007205469951705457,-0.0013987014784956342,0.0006878408345105669,-0.001585100835343356,-0.004582266660984602,0.0008391808438521497
2021-09-17,-0.008130029684543683,-0.0042644914649360155,-0.0015850424237688898,-0.0012480216856921578,-0.0029102922645074525,-0.011849442432109059,0.0013052648740077277,-0.002211284375141176,-0.01184215130853683,-0.009741134404833374,-0.00480370198929414,-0.008941814225816969
2021-09-20,-0.011782823760951744,-0.026863853102093604,0.0071441542310690664,-0.0035228274538765536,0.00506455305440201,-0.019030158132430253,-0.023777347827837803,0.003102900160199651,-0.020663150623808524,-0.016674212925674503,0.012401746226712751,-0.006109283241807262
2021-09-21,0.001036686403442566,0.0074014274333948915,0.006669036185550814,0.0017104334548674327,-0.0005973694865384349,0.009566772178187577,0.0015192226262015218,-7.359757221514496e-05,0.0012302474462317914,-0.0009447011551834139,-0.0008603989246069865,0.0004726554420717566
2021-09-22,0.011393216492114,0.01251002766002629,-0.0037340107339023376,0.0018217322344720177,0.0009398136995457662,0.0048697501007328725,0.015538820025965405,0.002798583349507666,0.00934034338359968,0.00975489131412699,0.005964656377004829,0.009735513423689612
2021-09-23,0.01536088483006548,0.007844659765066986,-0.011546389089901132,0.00045438307765177655,-0.009050433124329182,0.01139501518613395,0.0177004794081157,-0.0069038349835911506,0.009227199077322501,0.012149941457423541,-0.022597426409404875,-0.0019657290195266297
2021-09-24,0.004538659855636951,-0.011870168680382709,-0.00128427290155253,-0.0014767117207299396,-0.0030156356890427283,-0.009712735990259569,-0.0048230594161586815,-0.002145137803893915,0.0009383041496768829,0.001647348371809798,-0.009773218600617528,-0.010692215399372262
2021-09-27,0.013554240400230455,0.006498605448392425,0.00208203509820426,-0.0009100298343683866,-0.002679051449189007,-0.0010460909088385595,0.015198369203021755,-0.0005186013973605963,-0.007982126483150331,-0.002861015599273986,-0.0036759779495622036,-0.013450484899540482
2021-09-28,-0.007924773012192188,-0.01291304196778309,-0.009716428402719801,-0.004554071473019783,-0.0038132043617805644,-0.02225427296256499,-0.022743511148081264,-0.010678402984433233,-0.028297661687959885,-0.02015178920225713,-0.015576499426546486,-0.006768482636243522
2021-09-29,0.0009984959088369383,-0.009316393144565449,-0.004504756024632184,0.0018298284133997367,0.0010438085167807643,-0.0028116969339266884,-0.002123632139527376,-0.00022519082594463224,-0.0016395035721115114,0.0016829804145450655,0.001734725575530227,0.00749578715108945
2021-09-30,0.006483858737220238,0.00800318644911946,0.01797665363761114,-0.0011416653360608597,0.0012164816963227132,-0.003088075758005737,-0.009374365937075524,-0.0026240334431688606,-0.0036738334373006554,-0.012222354869782626,-0.00013859421499029523,-0.0165232047742353
2021-10-01,0.013379497999983725,-0.000992349597146558,0.0022530453929923144,0.002396935510085907,0.004082460465551607,0.0016164093417312397,0.016137163345690375,0.007268137590185297,0.006201602641684456,0.01188441559362552,0.008415744962105176,0.014148323770954763
2021-10-04,0.0161369244520706,-0.014703025131392433,0.0046783175745395145,-0.0035465760056088147,-0.0012110376143907864,-0.00954695384995885,-0.009087653706074339,-0.001645091908995533,-0.02098938772157921,-0.012896220803615521,-0.0025451705189947216,0.00019374245908343468
2021-10-05,0.012512162580686548,0.007057796744164291,-0.004656532835140448,-0.0004586786592466474,-0.0031177547065246447,0.005701786163090139,0.003450679771178633,-0.0041191339183194176,0.01349918290046026,0.010405026208191392,-0.009657017789911682,-0.006877267019845701
2021-10-06,-0.016634977720500377,-0.005606478650732383,0.0026733243283083574,-0.0005747566948987037,0.0002602805747844439,-0.007019558945034476,-0.005203300829146329,0.00030057980046560573,0.0064073785559184415,0.004156063833707702,0.005641817899783019,0.009558324254171913
2021-10-07,0.012566376012982161,0.019532658445052364,-0.005271739220885419,0.00011470441254246566,-0.00399489534463493,0.007205326097612597,0.01541818579652654,-0.004435758193611861,0.009175278309950574,0.00864577599595262,-0.010457731676623117,0.002705056310863485
2021-10-08,0.003341372087599437,0.0037528646405895483,0.00042636491147840516,-0.002987785492919781,-0.0021799324162038447,-0.00027028165747766675,-0.007524625693218212,-0.004606435969405465,-0.004986665246180744,-0.0018238170984015145,-0.006999137955709722,-0.00944211211002699
2021-10-11,0.006660280439227284,-0.0019679351957957447,-0.0018875818465466931,-0.0031119983029540554,-0.002446976375289789,-0.003239899081098341,-0.005731859486203472,-0.0018967361964942198,-0.00766958744330104,-0.007239611234407306,-0.0025374146845863477,0.002528783673286128
2021-10-12,0.0,-0.005126080991456949,0.004514430828637339,0.001849791570879944,0.0045553151755590715,0.0006770955916921562,0.00549230403438572,0.006384712518699542,-0.0034879700837774363,-0.002461785459936694,0.017100202651368912,0.01309800446002618
2021-10-13,0.005670937489058003,0.013872474167749616,0.017794197805277356,0.0026545516310068074,0.0019186168072040655,0.01055772257218468,0.004740095349221818,0.005060695395642911,0.008008092062655514,0.003597747275314589,0.009725749186184629,0.007278383070231209
2021-10-14,0.010338383911737914,0.0031273868903378688,0.0024464685904206362,0.005640011353247765,0.002350026809198713,0.010447421593406725,0.014826653307193904,0.004734247621840826,0.01841651292805757,0.016820732285157014,0.0037157273380801215,0.012169396991628556
2021-10-15,0.008372142055931509,0.012080894712285017,-0.015892846243722114,-0.0017171509567525112,-0.004949352307492716,0.007687999401708501,-0.0031433407494294574,-0.0035898368692289795,0.006300853399044515,0.007615639366024718,-0.00582635642281526,-0.0007515538150795198
2021-10-18,-0.005996372875368361,-0.0025027149382621516,-0.0024799108302698825,-0.0004587168753272808,-0.0013964276125305597,-0.003946236999426755,-0.0005774196273982124,-0.0008259264123141596,0.010055461449845815,0.0029605528766418754,0.0046886577902998106,0.002538211257862022
2021-10-19,0.002320374417210891,0.013317729868935757,0.003213671993580469,0.000688335299739995,-0.0035828481693812586,0.006471150185340502,0.0037328275317756177,-0.005484028364041493,0.0075676580228880574,0.007714882522557032,-0.013794989270307423,0.0004689054189292996
2021-10-20,0.01111093746448133,-0.00019040673626835591,0.008763958748792211,0.0003438751585991273,-0.00043847970910837475,0.0028868546523974636,0.006641009529382513,-0.002417475009944381,-0.0013050645300453079,0.003927628581359421,-0.00675006465095318,0.015744932299460057
2021-10-21,-0.015109794568579527,-0.0064774201039987656,-0.0008987052245035265,-0.002520772828933593,-0.0026324123474784633,-0.004579476655371506,0.0025510799207666413,-0.0021200654455580947,0.006107062374134387,0.0026084613620318553,-0.0011911621055895605,0.0013840123786119651
2021-10-22,0.0046488687114187854,-0.0021091855891797184,0.006116967151190034,-0.0024123797050791262,0.002551196136080902,0.005257732210403709,-0.002369041078373102,0.004021600089284982,-0.008402534914210391,-0.001036244651666407,0.011013040791468587,0.0046993377149089355
2021-10-25,0.00509020398955462,0.005188310312087552,0.006914158513320778,0.0017274072693367337,0.0012285721929816695,-0.0018305931285925725,0.00949831256513134,0.0004537345369075574,0.010237924675223775,0.005362866431637192,-0.0015264185318867307,0.003209814912464859
2021-10-26,0.0013814086694898808,-0.0051615306891867885,-0.00739951491266011,0.00023002071080990838,0.0012270646554668474,0.0022271051883813175,-0.007535933420567242,0.004305617254140026,0.0031488476433185753,0.0008999524118979974,0.00826921192533625,0.002742384727074665
2021-10-27,-0.018390887540068346,-0.008070805176023765,0.002624060476058121,-0.0008043842575460314,0.005601989648393646,-0.004574687553347778,-0.018390146426426557,0.00609363217650194,0.002320994728085335,-0.004430320021284628,0.01819438679255647,-0.00847841345635203
2021-10-28,0.005152089357502776,0.0009685942773227652,-0.00023788536339730548,0.0025302278536531997,-0.002611410177329354,0.010504184849316367,0.01994186673929299,-0.0014953522478904357,0.011105328474599219,0.009649017513927216,-0.0033849585346473754,0.0139758884394936
2021-10-29,-0.005125681388968628,-0.014515185581728818,-0.008507900517562339,-0.0026389070092472933,0.00043641238029268337,-0.005847054807262442,-0.00026292441354247575,-0.000524272296024586,0.004919008290346083,0.002029131619260438,0.003056894024687784,-0.011244178592781151
2021-11-01,0.007494200164847253,0.007855528354798524,0.005220584505493342,-0.0010734622845801622,-7.858494507406721e-05,0.009541078394171398,0.025915328940256943,-0.0017866883917125875,0.0034185460648696875,0.001720194117360574,-0.007200162022825474,0.004952335455247203
2021-11-02,0.002789280464285726,-0.00896342421901053,-0.0021490007233168074,0.0024263712274044114,0.0024445617097861305,-0.0029777299368733967,0.0020942843492506302,0.0038352475833987043,0.00418176460744224,0.004043019887922217,0.004438436480786789,0.004745350770976708
2021-11-03,-0.025498216720310052,0.0047187933826786654,-0.008315382622616663,0.0019594189955021157,-0.0031353756797007915,0.008180630940103573,0.017871662584638903,-0.0025472886641594306,0.010615343747175876,0.006105190365067292,-0.01033318849951792,0.0033606297186208334
2021-11-04,-0.006184754686066496,-0.002348315475811602,0.011340951773961994,0.002645184280130497,0.005416746951179885,-0.0007725743068870417,-0.00037705184506786615,0.005257447853256769,0.01281859080621528,0.004712700220614874,0.010510192164350896,-0.009505038989823134
2021-11-05,0.01388236276764987,-0.0011769215209271877,0.0130629437586407,0.0037858369164596173,0.005474586237651291,0.0016757181588187287,0.013665968802448303,0.007321675870950672,0.0009543769570217187,0.0034695119308676414,0.014955527800811552,0.005117984453563151
2021-11-08,0.006137723032570319,0.00923023533893863,0.003591619309376348,-0.001257112258883586,-0.004321293012735206,0.0006435163142479716,0.003101551509171019,-0.002299414105641384,-0.0013548067810308373,0.0008537375219057619,-0.001875358698620655,-0.0008183756681107157
2021-11-09,0.007977528170791004,-0.0038919661493048707,0.0049281100201232775,0.0008012194602349254,0.004600369348811695,-0.002829423410590115,-0.00581303143713674,0.0026763874430242307,-0.006883439077572828,-0.003305436834645903,0.01301821584376528,0.0017289603315877589
2021-11-10,-0.012569854921372414,-0.004102285394624983,0.010858781500706183,-0.005602715734490116,-0.0085535960087606,-0.01250964967392687,-0.015757792049159502,-0.010231486237627707,-0.014696924921824617,-0.008044879032760854,-0.01828254055970535,-0.004632922230289993
2021-11-11,0.007072194548547239,0.017261822631722712,0.005602086369596027,-0.0017247918933219752,-0.0032244852085377973,0.0033955282875419712,0.008046982722812679,-0.002846235614043291,0.002772848100201619,0.0003235334517737165,-0.0014851142574547893,0.0016428759195219467
2021-11-12,-0.0014044854458322709,0.002699413870483669,0.0018952552280546708,0.0003454427027491658,0.0020982912638345397,0.006117648629591965,0.0010034277323138774,-0.0010517669515145434,0.010522545015618556,0.00754671881365776,-0.004392128747992996,-0.0007291884444653451
2021-11-15,0.00046882026651839936,-0.0032691876600560166,-0.0015477459282561279,-0.0011515246313396066,-0.003925756043705486,-0.0023288316728429237,-0.003966739061932123,-0.007595027851922342,-0.0002283365862298936,0.00034262378453431275,-0.012556790261325612,0.007021177180586591
2021-11-16,-0.0014059044494456607,0.0013505706778753623,-0.007233864736584827,0.0004609620268558601,-0.0008763255191085451,-0.002722987532530863,0.0018444729039015506,-0.0016670324030578776,0.007121265603949656,0.003957767467568374,-0.0025434273523725626,-0.006609907574232188
2021-11-17,-0.008915945932406966,-0.00520238843727272,0.009137183945092442,-0.0010364632392956263,0.0035946518427969476,-0.000910179139489764,-0.013096803510776356,0.00402284771819339,0.0005283766905530562,-0.0024293496175807894,0.007925304423151092,0.0030991954479415718
2021-11-18,0.0033143729556963653,-0.012202057231896046,-0.0032091550635745536,-0.0008074839671933232,0.0006114416943807655,0.0013013746949830374,-0.004239725497870772,0.002267737058042618,0.010361305959260214,0.0033964947747910923,0.003760309736995371,0.00018171827361901371
2021-11-19,-0.016045203140311548,-0.0015687247307395458,-0.007646325240812324,-0.0008084723152798068,0.002706396039656278,-0.008968136725581943,-0.009111961955691639,0.003771532451796622,0.005575560541526858,-0.001788234321072335,0.010557339839175395,-0.005905466843095453
2021-11-22,0.007194198467151081,-0.008052010865214565,-0.022420457120115533,-0.003812068922833478,-0.007313627663917965,-0.0062948873726841326,-0.004253978093717081,-0.008716880344708522,-0.011609153533351457,-0.002815205368030149,-0.011727594116859752,-0.004935219885378039
2021-11-23,0.018095227259466107,-0.0009897111280644522,-0.008652404091134991,-0.0013915625318724478,-0.004121773601549195,-0.0014516340803720773,-0.001726142995745139,-0.0071255256002086265,-0.004558071144835529,0.0013260621376196546,-0.01445885217733589,0.008082601139290047
2021-11-24,-0.0037417909948903594,-0.0013871543702594913,-0.0009565020521100642,-0.0002324191887264071,0.0030821712621260655,-0.0074019642964212595,0.001080826789283007,0.004809798048895031,0.0032203177634579916,0.0026698413315280334,0.016055050642680424,0.012117054951493733
2021-11-26,-0.05962444435708436,-0.0335385317786534,-0.001615539860939763,-0.007202051891536776,0.012906041959682923,-0.025965006564021675,-0.03769765945364112,0.00813009748292659,-0.018958744122494653,-0.02230318443715784,0.025268975125197768,-0.02781528021581936
2021-11-29,0.0,0.0039015921626692762,-0.0013785494630753625,0.0062010330933159885,-0.002253667583468788,0.005194633123142278,-0.0006280429989158343,0.0006787673340122868,0.02170221461517685,0.012266533261636514,-0.008038144626462018,0.00740770534202273
2021-11-30,-0.027458856365422335,-0.0010227674226880312,-0.006721853018899604,-0.00418574119437265,0.005994254713227898,-0.0074798835690187415,-0.02038545867155328,0.0021839850034979236,-0.01468606724091892,-0.01945761028083648,0.015202042617206368,-0.01893400792378719
2021-12-01,-0.008726956917830764,0.00368555758172473,0.003987937535404162,0.00014062445864682083,0.001884051103036244,-0.006988256312362329,-0.022505354705253278,0.00014317269886032769,-0.01701296326562829,-0.011107131308608853,0.006168736150933052,-0.01648853180393095
2021-12-02,0.008803787189346046,0.012239790176020726,-0.005536820827328315,0.007379255442714561,-0.0021563249413003582,0.012280994933375755,0.027900323576348418,0.002333604908471232,0.007207240024122541,0.015316324872558074,0.0012473746878229885,0.030005820421954876
2021-12-03,0.0010266875755049476,-0.014107230781564617,0.008412002804647267,0.0,0.00587794126036334,-0.004498390168791944,-0.02052817586131528,0.008336318038842272,-0.01738875000652995,-0.008701303040143826,0.01193232229658947,-0.003329591928500464
2021-12-06,0.01743601249826332,0.007767830437952483,-0.002460563224478851,0.004418967374013816,-0.00498456242514056,0.008763532236401472,0.020073482701604473,-0.0050646562507198345,0.008013103636903773,0.011843310006109942,-0.013735456842642435,0.017537730119989492
2021-12-07,0.015120870845489298,0.01582144422040943,0.003549490636251651,0.005325035375111531,-0.003799953953534274,0.021175634851918756,0.023194248667273598,0.0004492178007700076,0.03011369343910042,0.020684903299160284,-0.00807945532470955,0.014407782156681037
2021-12-08,0.013406181112037618,0.00399368789693022,0.0005395140531609943,-0.0002301517744112136,-0.0032079522421546436,0.0018610094424600376,0.006827347231100234,-0.0066594720636758975,0.0044742468504734845,0.002647964524189028,-0.01728500379638287,0.007191703385112991
2021-12-09,-0.015188536779914608,-0.004773311223304377,-0.006111378376110088,-0.004491887007757822,0.002522262001394715,-0.008093470841341488,-0.022647733068738574,-0.0008289300668706812,-0.014714255814502364,-0.006751577687308941,0.005593247590911954,-0.014459114448014065
2021-12-10,0.01144271244391426,0.0007993248515563156,0.004219899491422874,0.0023142238779017,0.0006942632037951757,0.0017385725347176528,-0.0027662373695740428,0.0011309014329941025,0.01087056095017025,0.009413421397612032,-0.0024125830675368887,0.0030792676357609405
2021-12-13,-0.004918915684279823,-0.015858839352033582,0.00252130006200435,0.0,0.004768285815196949,-0.010364917650281691,-0.01461376431832695,0.004518427856271101,-0.014446895331951648,-0.008858370000772386,0.014779100647580812,0.009389591140498643
2021-12-14,-0.008897620799862671,-0.002263802635901091,-0.009341302746070368,-0.0017317720201288633,-0.001725551036711348,-0.005353429944128241,-0.008609723154099025,-0.004498103500115702,-0.0103503257858929,-0.006880172611138269,-0.0023829623859505933,-0.012790730480863544
2021-12-15,0.004987499546292851,-0.0028878195382735505,0.004291534360497673,0.0038159936916413173,-0.0014695639087604073,0.013248617611441249,0.015874568045473936,0.0012803672160535129,0.022797355121272123,0.015625172495470574,-0.009621884073324427,0.014043683220873238
2021-12-16,0.0059555149813630415,0.0012410845740333798,0.012097561477355745,-0.0007399017219915649,0.0029111842844116165,0.0004086872319692958,-0.020222473806784325,-3.0381365480947053e-05,-0.025714675823946043,-0.008818420048381959,0.0003885861687462633,-0.00035744467720266737
2021-12-17,-0.011840297325665161,-0.004958532541456617,-0.002140821851282393,-0.0009253948581647853,0.002246384422957881,-0.012661406632821337,0.00919421670649645,0.002335977519276611,-0.004988977379122628,-0.0106429910818151,0.011331805298852693,-0.0012513828848197406
2021-12-20,-0.0069895807980613345,-0.014950250586338254,-0.0042312675861405635,-0.001736527360119311,-0.0008620976039883654,-0.002206455216456349,-0.014037449685740166,-0.004360658457397304,-0.009700296189204871,-0.0106334481963688,-0.007491019548227729,-0.007785877441812361
2021-12-21,0.021116226529459547,0.01686356227296626,-0.0004188884251822289,0.0053353813500154335,-0.003968891784741357,0.010917686669221771,0.028568800216477674,0.0019634495170646193,0.022380362578447333,0.017758968830225097,-0.0038079524045425694,0.011274572442188324
2021-12-22,0.011816871676710639,0.004767716030590341,0.009400024100517657,0.0026532552713141033,0.0009531770397426254,0.009979327424155748,0.00962504551062282,0.0015828467109473277,0.012178486681124534,0.009998917296049292,0.004626873386907926,0.010256896246557012
2021-12-23,0.005352763795510862,0.005157909596328558,0.0022540179789249937,0.0028763029057041756,-0.0020770464051663717,0.005820239784137371,0.007989841512238138,-0.0015050455864399348,0.007539028801683001,0.006221998351598534,-0.008676922656666863,-0.0010593942651722088
2021-12-27,0.012584730729011007,0.004515523927310472,0.002367247994286892,0.0010325611483619213,0.000346932383402887,0.007401496348029779,0.00936766725800342,0.002938808239812296,0.016527076251210193,0.01415210399361344,0.002423955925050736,0.01697640847751547
2021-12-28,-0.0019121384485053516,-0.0032693566195421964,-0.004310065233419702,-0.00045812378769682915,-0.00017318131529409087,0.001335776063366767,-0.006112899225735768,-0.0012771179639249342,-0.0046346337844247465,-0.000817273083519976,-0.003963291125291923,0.0036840369883923696
2021-12-29,0.0047892418636428236,-0.004509884064087144,-0.0002965076609273698,-0.0016052725832363945,-0.00511535259065532,0.00013346899008626067,0.0010774950736278655,-0.0054919200426815085,-0.00014954433397251776,0.0012792768449403358,-0.010924544987577112,0.006729732089649554
2021-12-30,-0.004766414352486481,0.011455816232755822,0.0071772153754725565,-0.0004592919337850221,0.0033116260688685895,-0.002538007208682469,-0.00026915591436604824,0.004009322771519663,-0.002988138479903535,-0.0027644751497237774,0.00838633412711487,0.004340542535262948
2021-12-31,-0.0047892418636428236,-0.004889045274366954,0.00683158799329231,-0.00023008350072217798,-0.0011292030445926304,-0.00040195341455240285,-0.002153033909653157,-0.0015069512397799523,-0.006244421831453684,-0.0025202246059726763,0.0019606049369125245,0.0027660187103906164
2022-01-03,0.003849831263971648,0.007164818990149646,-0.015383743445999576,-0.000459719423926086,-0.009304496949358199,0.005627168650748304,0.012901710731060945,-0.010640094590087745,0.009626595851631503,0.005789982560563622,-0.026249957592239137,-0.00784410365403998
2022-01-04,0.011984584073459814,-0.0034552421759750374,0.007366515057776857,-0.002529896613566618,-0.0005266717847272062,0.0055954495416239425,-0.0015088503981001145,0.0008391246663321805,-0.012970533527735584,-0.00033497568218376905,-0.004158094001640578,-0.0012163798685834726
2022-01-05,-0.00426314804657979,-0.01631661761058978,-0.00300766493835114,-0.00772285393194061,-0.004215215084713342,-0.008081474565818647,-0.03386951280170636,-0.005867713400294572,-0.030720988386402914,-0.019202294811845766,-0.005428209342765999,-0.028618690912157962
2022-01-06,0.008563113425614555,0.004561574364911225,-0.012244126909514819,0.0001158078757412806,-0.002469480896902021,-0.006411292332625829,0.005704538746989174,-0.001303515089351337,-0.0007027499029637063,-0.0009391197085574232,0.0025890421408081288,0.0008955526269689429
2022-01-07,0.0018867805524707126,0.009081548167066966,0.004551137683908024,-0.0025555335154494596,-0.003270870891243005,0.0029575090838278584,-0.011573556299973808,-0.004298476029400922,-0.010832925776655289,-0.003953677747650874,-0.0071885802137042765,-0.006620808364411146
2022-01-10,-0.004237158258691753,0.0,0.0030402057039400354,0.0008149934568342232,-0.0002664986378830836,-0.010186394393533638,-0.003471010526849838,-0.0009249149056780315,0.0006581335602471317,-0.0012443524106809933,0.002460684568547755,-0.00576406000830354
2022-01-11,0.01938511458340675,0.02311298761404834,0.0120646549718888,0.004654657936101092,0.0023956771092163986,0.010968311611749604,0.010635180038196967,0.0030091034858978905,0.015021973032953717,0.009108459102377564,0.006661519631991242,0.0015398739517853421
2022-01-12,0.007885126609272541,0.01659335266997708,0.002642622730480104,0.001621894719744832,0.00017698245976860427,0.010715155545299337,-0.00744436650091207,-0.0006925914933508803,0.003965674623405802,0.002703443330915878,-0.0038312288341779688,0.0011759634428967214
2022-01-13,-0.010584479076520381,-0.014159235822092442,-0.0033969884760131075,-0.0035849104095382334,0.003185961733283005,-0.007686100939670482,-0.009167251038455282,0.003156786922148047,-0.025016084688967766,-0.013778586836440176,0.008880661645372712,-0.0019876427695683097
2022-01-14,0.013023173492169304,-0.00039910091967720884,-0.0028796749096049457,-0.0009285135132416356,-0.006880397392458826,-0.001201898835564097,0.0014017987547545463,-0.008825290681272357,0.006222393340018728,0.00040893091789984126,-0.015109361413269351,-0.009052241185979915
2022-01-18,0.007805377926022761,-0.017760828917018467,-0.001650255097062403,-0.004878471190840394,-0.007550318506635123,-0.015242758546576307,-0.03023651266115479,-0.009523153239037074,-0.024894114689930857,-0.01770964832431854,-0.01407479432166725,-0.010505136019176353
2022-01-19,0.005467035855945879,0.004266455847522499,0.015880526897095182,-0.0009337077608260191,0.0024163795327611926,-0.0016294915460771664,-0.01626322918228784,0.0015635159538631704,-0.010983389272812616,-0.010383544470822681,0.006923462411136727,-0.013478400204679275
2022-01-20,-0.0036248070447751912,0.005867086559075085,-0.0024988838330701757,-0.001869610900594565,0.002142758167138936,-0.005440031578293758,-0.018097478513804166,-0.0005464395285645907,-0.012988481393891305,-0.01106810972497485,0.006167151392165504,-0.01282068206636855
2022-01-21,0.0009094985178283999,-0.014481034921311142,-0.0032624385581478954,0.00011702727716422778,0.0057911611308092414,-0.0131272048990001,-0.018729527590262807,0.006559243134305781,-0.0277287678287389,-0.01963045655249196,0.011906551402700138,-0.0024647098174688242
2022-01-24,-0.0022717797962080732,-0.01408166006687206,0.005494198734739664,-0.001053347710146757,-0.0008856943032733433,-0.010807578925290273,0.023046726150406593,-0.003103012040622244,0.004577894508466462,0.004246595725560187,-0.008216074304281618,0.001900549827368092
2022-01-25,0.009107510669315921,-0.0018631347693019995,0.0031971345443269072,-0.002928988477130301,-0.001329987322217674,-0.005883280876951114,-0.013348010966431567,-0.0028014386428489857,-0.02318148981659096,-0.012208992293095577,-0.0016138315968214911,-0.003983498953250786
2022-01-26,0.002256303405445248,-0.012650331604791343,-0.016166464916677392,-0.003407743292770271,-0.007102200807708514,-0.002677303561572586,-0.014433724892571442,-0.00678950811216783,-0.00156461185872947,-0.0025086171291701653,-0.01209402939162707,-0.01561758168058558
2022-01-27,0.004952791409147839,-0.011552090102256884,-0.012898211138547944,-0.004362571557291806,0.004202485765076203,-0.007205383377935859,-0.022707369568656932,0.0022788052094249167,-0.01007042567582972,-0.0049383611209976586,0.01836231219527873,-0.016542435444433456
2022-01-28,0.0008960516276586006,0.004887238707895758,-0.0029832934474428585,0.0028420396938819703,0.0023147279015616196,0.003984722420707243,0.019475724206704736,0.0010974096968687785,0.03136906602415479,0.024835744331681342,0.0003501458622592324,0.03236255419382128
2022-01-31,0.00358099775177001,0.03277650450950409,0.005924537392067553,0.0002359000525371524,0.0,0.015024714554659813,0.030678682497698784,0.00046984314554032736,0.03197839153126236,0.018011067235687017,-0.005170176954650607,0.012291591909348254
2022-02-01,0.004014247459613429,0.006142567924240616,0.0008328835308379912,0.003969896063570122,-0.001351316808488101,0.009914994764517182,0.010534545242809168,0.0016625213987466747,0.0068035661331145025,0.006756942811085631,-0.003319459510621958,-0.0035767992869427667
2022-02-02,0.003998295083895709,-0.0016280521377235457,0.0036259919505645666,0.0015340626700393045,0.0020478583308178866,0.00843471068270274,-0.009933251911119267,7.81991082909883e-05,0.008125496664444176,0.009714173948694116,0.003386512520444418,0.012752785889745155
2022-02-03,0.002212375218060947,-0.010599252679774906,-0.0014214062993387344,-0.008955951718020105,-0.004265080412579225,-0.0164543572425212,-0.018923086441682613,-0.008063300884881719,-0.04054403654405758,-0.023505056549565473,-0.007805757666097035,-0.010633395043067706
2022-02-04,0.007946969107507584,0.002472178032862926,0.0015420788696549614,-0.003924024979014451,-0.007674606898071201,0.0018123829144733872,0.00430318292482168,-0.009943747420081972,0.01261492964224753,0.004702167861851958,-0.014742354030874205,-0.009899204942430795
2022-02-07,0.002190086866084684,-0.002054923813537557,0.007402581993851909,-0.0007160197914743982,0.0002700854615922399,0.0013916139122016613,0.004940072152439745,0.0018331293778208746,-0.00804444296415463,-0.0032092655553283,0.0006477500175354756,-0.001428092669084613
2022-02-08,-0.008741203469426195,0.00967867911276965,0.003056870675416823,-0.0010749139100119098,-0.0032366578765776755,0.005280699622441043,0.01705448606958293,-0.0037395967361933957,0.011235215378201158,0.008227813723809208,-0.0066860656920043615,-0.004672586087352104
2022-02-09,0.010141125435187748,0.015704578251698242,0.0033991784238243117,0.005261682211885166,0.0013528114090262111,0.01617384093912344,0.018987951883638,0.0033543385411261006,0.021190767453207915,0.014636104221957158,0.001881690749945264,0.022609711979297398
2022-02-10,-0.00523794948701195,-0.0066264797213910764,-0.0037965605384254753,-0.013205230853785221,-0.009187840554987337,-0.01251537900237798,-0.015342997502244882,-0.013611088608959765,-0.0226322737054252,-0.01796569955784355,-0.015892623243610515,-0.023608829907149964
2022-02-11,0.014918729339923997,-0.015160557860647739,0.019054878321533186,-0.0034956297108393874,0.010364147197086782,-0.014877962078082896,-0.010125526953104091,0.007423846480140384,-0.03172181604161772,-0.01971857542766886,0.014828310477129625,-0.009115355685885507
2022-02-14,0.005188224532817198,-0.006978739714296522,0.005350715998122091,-0.0016940376052896333,-0.006928218467984082,-0.006432765679600827,-0.003476215318462539,-0.008891476243216179,0.0012390294269488678,-0.0032693035513262636,-0.012441543387718856,-0.00910229224183523
2022-02-15,-0.016344169798801045,0.02170300815477577,-0.009499848975192515,0.0016969122384342672,-0.0029900744358647424,0.018859896472165794,0.026808856312238616,-0.005010820491637258,0.024863855160714543,0.01612676245231137,-0.011352733672413517,0.008990463958789885
2022-02-16,0.0013117538357729774,0.007283168374791149,0.010284254451501385,0.005564863029205336,0.0020898680117218404,0.0034535927964221003,0.0020867842328911035,0.0014620852667348583,-0.0002524797589973371,0.0011209013496160658,0.005926804580084211,0.004649050435145297
2022-02-17,0.008296986535715423,-0.011648906740324927,0.013668073780773726,-0.004210559859675667,0.005350895068704231,-0.015556085812770348,-0.025618696861404056,0.0007300846303670561,-0.029743965875595135,-0.021361485321861995,0.007438239068175756,-0.010604610408278092
2022-02-18,0.003897766459633134,-0.009957228488074676,-0.0007334549100845855,0.0014498041825181662,0.0032475385318142536,-0.005314110895811686,-0.008598453652433502,0.0024313789042333944,-0.011405358383066555,-0.006475057100941872,0.010527114907680879,-0.006041224530452971
2022-02-22,0.01423641506402551,-0.014162761868916185,0.0020890378623359407,-0.002292431606518708,-9.019337241711334e-05,-0.01209059379282651,-0.01408716397454679,-0.0012937548259800424,-0.010043629984665459,-0.01073157800261293,0.002604410095346843,-0.0036269151606961314
2022-02-23,0.009357660789924394,-0.011659216856634957,0.0045072272703239324,-0.001814021696080137,-0.005215385986380605,-0.007826967901742643,-0.01871258812583887,-0.009067070213163553,-0.025615245508056272,-0.01773861831823942,-0.013781569045312692,-0.016529027256125817
2022-02-24,0.0042142332861061504,-0.020644769169022692,-0.006450131470019049,0.0071474368103459085,0.002350121520876769,-0.01362590154381238,0.026220201079929284,0.00473848265082033,0.03360445097703346,0.015049030806999708,0.0006585989370908596,0.016806827770432298
2022-02-25,-0.01510718665523103,0.018498589084529726,-0.003330678220184624,0.005653245667143647,-0.0002703733900891736,0.02515629048618706,0.02252083087982082,0.00406564901274864,0.01550701467976312,0.022063964563997285,0.000730937190277503,0.024104589847498747
2022-02-28,0.017043207200916788,-0.013093899822850585,0.010365345791119474,0.0007172749749200236,0.011365761892131898,-0.017163153031081624,0.004049373543695944,0.01068992785968148,0.00297879111587096,-0.0025585090823572187,0.021918727669608007,-0.014890920941925123
2022-03-01,0.04021786363531166,-0.01326762477250909,0.018163415997793697,-0.002794782384681338,0.009739305289427236,-0.021359521867185705,-0.01883707031083237,0.0034206346333103266,-0.015311682611052979,-0.015230312639512467,0.011561676812471111,-0.005266276439895412
2022-03-02,0.032621706483123125,0.0017348528284759634,-0.010406339832951472,0.0024059057584733257,-0.01502954094017217,0.012092547936694453,0.023810519471258784,-0.015203523825625176,0.016779871449418726,0.018396245208537332,-0.03418233141565985,0.018725622670917152
2022-03-03,0.010920367730576697,-0.014072132666501869,0.005953415398956663,-0.003000135399670034,0.00430801931676017,-0.01865052605912465,-0.011848741631938386,0.003656292882177725,-0.014284995778966025,-0.004978416742498548,0.010185199986180615,0.00818003096693487
2022-03-04,0.04205254424226812,-0.02020227487428583,0.015929145881701023,-0.006499751288843947,0.009920587201450504,-0.02910166593757213,-0.015657607820871444,0.0009714304665586759,-0.014492105581278003,-0.008124489364036869,0.017263880851096314,0.004582124855146752
2022-03-07,0.02184378560692868,-0.037426985472029384,0.014862865283030269,-0.008723148437864703,-0.004247861128303887,-0.03257390536908533,-0.024866528121029075,-0.012131966317856069,-0.036880922598803156,-0.02947923910239969,-0.00762977842770185,-0.01976443060832589
2022-03-08,0.017028956731685696,0.0032595582503927023,0.027358997610294145,-0.003544342199583994,-0.00648739314922453,0.009800915180161018,0.005523310591070585,-0.005976708180289503,-0.004648079486812451,-0.007581954256593915,-0.0100596558487559,-0.004846887950357148
2022-03-09,-0.07944429064906289,0.028312882055344435,-0.029711176156992036,0.008340517638206313,-0.00617245516614251,0.04132735874205862,0.02818424735971492,0.001729953971012499,0.03599800575682366,0.02681096223882795,-0.009798906390125817,0.0153904744875204
2022-03-10,-0.011996828715159724,-0.01873165010738942,0.0031212277978962533,-0.008393304059198359,-0.004590358500407898,-0.012928241812218966,-0.001797412884342875,-0.011429405761704148,-0.011104892055157523,-0.004515414910923554,-0.014367211873786423,0.0024942658266737805
2022-03-11,0.017234602287655276,-0.020929399562029438,-0.007027884128157469,-0.0072369916541182855,-0.00027140851661211496,-0.009595019216674605,-0.01595660303101809,-0.00041587602629789,-0.020738137846371796,-0.012715144191762673,0.0033464680382995216,-0.00794246558956968
2022-03-14,-0.02926460396288222,-0.024195184911407708,-0.015073711931138378,-0.01186249858517463,-0.012662772301326508,0.009534018060338711,-0.020434060165838264,-0.014478253381629225,-0.01920486732207849,-0.007308353486897512,-0.023348841024335654,-0.007813310764589687
2022-03-15,-0.024593348296833795,0.0014444862480698095,-0.01870545038411886,0.007503104098821378,-0.00045803630504637205,0.009444045098728093,0.01593079022214461,0.00785206224009416,0.031367002009103695,0.021990385511808874,-0.00174577544040444,0.006708061443936764
2022-03-16,-0.00854009202507855,0.08052857432438243,0.006260803404375848,0.014024557186548714,-0.0013748966930308137,0.03470658602169019,0.031463928664378304,0.0085447525293596,0.037086691230391544,0.02217401287268861,0.009807818126115864,0.01187836036136547
2022-03-17,0.04799030337991694,-0.005116651418543339,0.004888644573449508,0.0068549632007430805,-0.0019273313442590423,0.007583240139313219,0.015697494771720333,0.009801348408573718,0.012106161440438523,0.012511160032364632,-0.007453679659528256,0.015461250968309415
2022-03-18,0.0046965571764205905,0.01431124270182682,-0.008789852082788041,0.003281980156312203,0.0029426591112269307,0.010421484972413575,0.010530993008176726,0.0019743202693145445,0.02046801771714768,0.010952754064776027,0.012212871510094647,0.0
2022-03-21,0.037397675020716115,-0.015432252154353066,0.007640798069546317,-0.01151070068111626,-0.013019139131695168,-0.0065893535412561155,-0.008828924570930652,-0.013873737647281836,-0.002780104697124086,-0.00029216208990678894,-0.02315634750117812,-0.0061091158937960355
2022-03-22,-0.0022530016013260212,0.018137152557549108,-0.007250775291250955,0.005148078609729323,-0.005480994108706505,0.010237856414317292,0.010027186123192422,-0.002414333978364658,0.019652669472052242,0.0117011893343133,-0.012812166659119884,0.0025530410983978236
2022-03-23,0.024839969867945788,-0.006597822610318382,0.013659661796972422,-0.003170883239014155,0.006725439168414393,-0.014130585265278328,-0.017349646518730055,0.0028371420471078324,-0.01437141542128062,-0.01287834884606498,0.021915025955188572,-0.011219208820211657
2022-03-24,-0.009915472077707377,0.0053133330161379,0.007260367097212672,0.002079977297002822,-0.005567051492925579,0.008252225727172435,0.011499021705370094,0.0004163074668970257,0.022226557828728177,0.015074380141332,-0.007832524240509287,0.006330292278842187
2022-03-25,0.007418431885573229,-0.007927829769451389,-0.004095451209537915,-0.007202882133425015,-0.010262874865158533,0.0008616604652704751,0.0013602771180798445,-0.00790222568060428,-0.0008340135694946404,0.004883442708237817,-0.01387324086573638,0.012485815420364643
2022-03-28,-0.04344629029840752,0.0033297138356209732,-0.018203790082975457,0.006271452035685021,0.002262278985896593,-0.002725962191929887,0.00033980189222804214,0.00553362779175659,0.015472313836940366,0.007113332904207237,0.008549700634337798,0.010637309022286434
2022-03-29,0.003849174719424253,0.017035297997217258,0.00044678784846130526,0.012342625074403424,0.00498502221884034,0.021723459555708757,0.026771354830056104,0.008421364978509427,0.017209828436232977,0.01237051452889082,0.007552580400005615,0.02934047352485014
2022-03-30,0.018021441325317022,-0.0028278590547984317,0.008038419372069505,-0.0030178809387910732,0.003931023727403726,-0.00464640388577664,-0.02007475569294581,0.0023154709033359477,-0.01104564768622196,-0.006174726983426582,0.007801690903488145,-0.007239113066425551
2022-03-31,-0.01845579167494693,-0.015052387004338308,0.000387595883929448,-0.0036327435016576537,0.0018641038990276915,-0.016692741721405446,-0.010556136921247572,-0.002310121883332017,-0.01239476705506648,-0.015391197703713444,0.0024286640438422324,-0.01221416714534973
2022-04-01,0.006523450481791482,0.016611322295758013,-0.006365867342034592,-7.285469926177068e-05,-0.006511582142875172,0.009926534169696355,0.011204798119740289,0.0033562469092465186,-0.0019031294766932438,0.002833973557650804,0.003806892605429768,0.019470227066612944
2022-04-04,0.019062188654344947,0.01764698767603612,0.004846769455083555,0.0075652393387333206,-0.0006561046368147583,0.003703828946690857,0.001637987079733616,0.0034683845285465864,0.02058854932606513,0.008566516619834763,-0.0069500478949889866,-0.004887640765516843
2022-04-05,-0.008230564040391353,-0.018411372103231294,-0.006264842571455875,-0.012958317874087188,-0.011916093127791405,-0.01248937846039233,-0.023664056993979887,-0.017529771961169227,-0.022204016766136037,-0.012631358681103766,-0.022592159985002525,-0.004911808670380546
2022-04-06,-0.007921489261810355,-0.013086280732285793,0.002343216670796844,-0.0078532043200219,-0.0035131258934059106,-0.013365787028085663,-0.014188029702959293,-0.005863345652663221,-0.021711450780929287,-0.009999212750251285,-0.008094179709587035,0.011883119107323648
2022-04-07,0.0034220315555681946,-0.007955769801312074,0.003784886240234764,-0.0016074515844862747,-0.0024777015074080033,0.0020391552964968973,-0.0032481897382761193,-0.004634333334941232,0.0023775849046452358,0.005039010954183798,-0.007532509470421944,-0.009936816612238442
2022-04-08,0.012504823827907519,0.0008911884398843384,0.006265969312183373,-0.006069173550336204,-0.0050631811262515924,-0.0005814121476529488,-0.007971524043859923,-0.007872878131335748,-0.013979118052967365,-0.0026740029805267795,-0.010831050594826697,0.0016423486290266798
2022-04-11,-0.008233562285403617,-0.012463937694820681,0.004959463770487282,-0.006854870294019211,-0.0048008328932618305,-0.010618206994311152,-0.006721692749695918,-0.009726876001640683,-0.023657250135296737,-0.017092357555482995,-0.01582472029397286,-0.010748962162058118
2022-04-12,0.029811296314111058,-0.0031552409445949614,0.007676751619003053,0.007654195557215804,0.004823992073083039,-0.007350816026455598,0.0031547196115409015,0.0006889503584253109,-0.004224325638297777,-0.003705273938115927,-0.0013801218658305858,-0.00147309026471798
2022-04-13,0.02198617694116134,0.013113440622901429,0.004788537865617837,0.00597822200490894,0.0022083814764961573,0.011848503896925155,0.019020132813838186,0.005166458470508006,0.020327034837544833,0.011453697296400778,0.002032761449398013,0.007100606155097777
2022-04-14,0.007529531968405001,-0.012943704127386657,-0.003303550666205468,-0.00668455959040315,-0.009005631645902956,-0.003952101422596388,-0.00970576645684107,-0.011649681411042945,-0.022867119361173693,-0.012451795534275334,-0.02004531557964684,-0.004303520132787231
2022-04-18,0.01138782751198164,-0.0033913496763455786,0.0030971927027434454,-0.0016209390480395047,-0.002900171340067259,-0.006024917370548333,-0.006735421965901489,-0.007626916352082902,0.0007684531509120074,0.000411259458214408,-0.004969093094868482,-0.004046353370095179
2022-04-19,-0.025686128327597202,-0.004990841822430148,-0.015112904376299419,-0.0008731239721921913,-0.006592791957640842,0.004435241641688625,0.019937484200984956,-0.007947634189615638,0.02235063009534155,0.01614253131076082,-0.007490533489346252,0.02179129882939823
2022-04-20,0.0010834167573208209,-0.005928087952147276,0.004894947496407287,0.0031230305567759853,0.007808011984409946,0.006181907214094506,0.003820314074387321,0.010388245077441072,-0.014584506889678495,-0.0007414761141708581,0.02012572770614174,0.01662758405249587
2022-04-21,-0.0014429923143737255,-0.019265978229456193,-0.0035576001936850066,-0.006849834175954972,-0.005520438077456502,-0.009801053581835473,-0.022389293974855895,-0.010629980818507523,-0.020690954765813174,-0.014953493537247398,-0.00739817144862176,-0.006933308033283958
2022-04-22,-0.019147356730792375,-0.008886839545885206,-0.0097220932450649,-0.006019664360315979,0.00048693411632072525,-0.016989286937459713,-0.025884691755388434,-0.0011448528336702735,-0.026185823208392245,-0.02743908863286637,-0.006294194284942822,-0.017544021402324694
2022-04-25,-0.007366516256497646,-0.0073148739176895905,-0.017970993150090764,0.008452892611234164,0.006423999568647476,-0.004809229379331703,0.006072416069776709,0.011108959811667152,0.012845417149931704,0.005797449804529675,0.010000769295576362,-0.002550986561611235
2022-04-26,0.013729203586465344,-0.021868195399266432,0.001525017044941901,-0.005880438276545608,0.006673032886739705,-0.027634953689868347,-0.031519293798600634,-0.0005226771773061412,-0.03774449402379554,-0.02896082129741029,0.010066762435683163,-0.016441325843673527
2022-04-27,0.006954487131346498,0.011664492058472531,-0.00755702425744631,-0.004907560044175141,-0.005572100859643991,0.004193180566719246,-0.004154685338682684,-0.0095972851836984,-0.0011984216198848152,0.0028119129448633817,-0.012825649347108503,-0.006593593451943325
2022-04-28,0.008360623199372919,0.014412828914966314,0.005398323510093839,0.005565079423194952,-0.0014489803120455447,0.015156179768569311,0.018666999590709388,0.0029949915112095216,0.03551590211103828,0.025259377816967854,0.0014896834190152308,0.018416286674207916
2022-04-29,-0.007570247745804282,0.003551962881514825,-0.00011297696546286318,-0.012325968684768318,-0.00532138748164479,-0.012644841704440801,-0.028879044321694858,-0.011066031585067693,-0.044998505278411316,-0.03695570424670935,-0.012973103369996575,-0.045896832364676565
2022-05-02,0.01525606671600066,-0.0014157564382878407,-0.018540493535693647,6.39672293760718e-05,-0.007449592132337757,-0.0033944774069682992,0.010489276055114072,-0.0059282626595715815,0.01669577604799022,0.006019448276960437,-0.017333871750216168,-0.024148581102346633
2022-05-03,-0.013953478158472477,0.0073251452994069766,0.00264926246698316,0.005240793931080567,0.001177001387816512,0.007741107968880501,0.00856132870681603,0.006447019110743968,0.0010673576797537443,0.004584201224062445,0.00674160632637566,0.012422458669282266
2022-05-04,0.031204604932874913,0.010790512344374559,0.009822544372671826,0.01017302685907806,0.006468131956907985,0.016285180307901825,0.026685571006468845,0.009786840678942532,0.03381244750400181,0.03045288164123372,0.005510260415714452,0.011490927202740364
2022-05-05,-0.005277939877300075,-0.03689936378320546,-0.003811138551277793,-0.017749191772064132,-0.010029284091886859,-0.03189716071970283,-0.0405640114629332,-0.015330757841084286,-0.05036445678583823,-0.03554290527159132,-0.027398619114682,-0.02666805842870068
2022-05-06,0.0010611113282181783,-0.013734983569056669,0.0016558743678838361,-0.005639171667718101,-0.005704904291398805,-0.010462279223254045,-0.016642449816168248,-0.00850048521267266,-0.011980453380741829,-0.005968869729381265,-0.014735086943982068,-0.011869266533485079
2022-05-09,-0.04522963057861018,-0.02882993229433728,-0.014479496708730832,-0.010567926404491002,0.007419704492033663,-0.030613850057275793,-0.04206381374184742,0.0035199226024569263,-0.03912698014005056,-0.032017306753734154,0.008797622516853565,-0.04404408835376916
2022-05-10,-0.005921583255466545,0.004779996576118606,-0.008445202872691127,0.005731045116434519,0.0033384285820385884,0.006999940162998319,0.0002859884289339032,0.004226299060459571,0.012148748481143556,0.0023105056601895324,0.009069184781906436,-0.018219944047350722
2022-05-11,0.024571944477745244,-0.0070105225758834155,0.008167128516088473,-0.005957620013642306,0.0061655348505058605,-0.005819685782568307,-0.0248643433403416,0.004656473303501718,-0.029658113502239014,-0.015886026585802182,0.019272388654874684,-0.002133185640565638
2022-05-12,0.00472388675989488,-0.006555661884413144,-0.015333925720196762,-0.0003911176193698296,0.003307182647644291,-0.002439022497025878,0.011723452782666177,0.00044572532469211446,-0.0023643880214051505,-0.001044183514577135,-0.0018652472251752261,0.007802335765425772
2022-05-13,0.013743209832304704,0.02766489699825314,-0.00810956630229509,0.001173008272261633,-0.0052355597288096245,0.028198827631962242,0.031691669839154946,-0.0052564681092148735,0.03705990490616706,0.02390778561394713,-0.01478071622594912,0.0264080560981077
2022-05-16,0.016410961192326656,-0.003951507866608472,0.009538483763206873,-0.0014318460897597696,0.004190717961821466,0.0006341791463211344,-0.0047733614987337525,0.0013434032354386893,-0.011591614491288427,-0.0040575330647312224,-0.0010348690152475193,-0.006303173102375381
2022-05-17,-0.010881095274135943,0.024547382572984056,-0.006279296383541522,-0.0009127286691413827,-0.007569651246883025,0.01901139142013597,0.030583519255946268,-0.0057245151904014024,0.025901276331358192,0.020570565066527546,-0.012083860296810855,0.013621929747373418
2022-05-18,-0.021646577026690705,-0.023959245800167284,0.0005314848929158789,-0.008221010328331668,0.007138748382701676,-0.023165354962922713,-0.035041835675299615,0.003688605042988291,-0.049090373004547105,-0.0403114979025343,0.02131741838668133,-0.029031628053234004
2022-05-19,0.012694958057288375,0.015869154042440936,0.014697234801531733,0.006710307421372574,0.0035924912771507778,0.009867783048712164,0.00164562971938631,0.0026888126340036678,-0.0053581365546427895,-0.006124699210803386,0.0023954671982326925,-0.004437248495015922
2022-05-20,0.0014326557581330057,0.004149223397476698,0.0006980112537449124,-0.0006532669453435114,0.004643830497064849,0.006461849024761879,-0.002549220761954518,0.004916443751610489,-0.0031081092896457774,0.00043636387660250797,0.011350117799841408,0.006367259950398552
2022-05-23,0.007510760905628189,0.007535351511384514,0.004650369455528214,0.003923466565612266,-0.006066890339380571,0.016755420416594946,0.01209665186024722,-0.003558109463289827,0.016627507387639184,0.01871022722957827,-0.016454566109727176,0.011599765304155962
2022-05-24,-0.0007098928624369449,-0.017370558417869275,0.007521859850632806,0.005992483166338491,0.00862317716264549,-0.0024643059947535573,-0.014813749266464504,0.013122599037547644,-0.021262189900435824,-0.007633755413209209,0.01973257818019447,0.008443584290330985
2022-05-25,0.0071047503712784454,0.0049106417269895175,-0.006029994959596108,0.015151597046948906,0.0020172181021600455,0.0,0.017998401908572603,0.010308988112393669,0.013995203764904263,0.00883497120373078,0.003954123813358912,0.008476334280298703
2022-05-26,0.01093475225912055,0.015636319171214552,-0.0018488983177334939,0.013904796617247639,-0.0004793663356142952,0.011733801030851643,0.02232426510945551,0.00026168971539175523,0.027707324946820044,0.0199812223292406,-0.0045251851051776315,0.0012301130584488895
2022-05-27,0.011863225179783221,0.01154664103601788,0.00052102106703944,0.008933416297581376,0.0014389537786752005,0.011445197872564483,0.026926412505840602,0.005231958133129266,0.032639482309602785,0.024549256981249767,0.0024414973956401465,0.026822153193864606
2022-05-31,-0.006896583522576605,0.014031028011546542,-0.009893009276743081,-0.008604954599009229,-0.01043969705643133,-0.005733305283266765,-0.012417265111914544,-0.007372808772218797,-0.0026528450000500303,-0.005611036934279223,-0.021162668933309203,-0.012263263452733986
2022-06-01,0.0048612326250130344,-0.007035619289847306,0.006369033199590923,-0.0036996987465721665,-0.0056303703701853225,-0.010015193813315282,-0.00566638476860537,-0.00583335822422093,-0.007395971526594547,-0.00808846993272705,-0.0011427794273224379,-0.008276713378801426
2022-06-02,0.02280573402957442,0.017241442678369134,0.012309182073779512,0.004182609642302104,0.0014616069988286906,0.020692878874979836,0.02442207480026548,0.0004404670535349542,0.027385899152291948,0.01904343337275738,0.0005161645195708164,0.013740338245679773
2022-06-03,0.009459473269584517,-0.016252773749171445,-0.010152017266979896,-0.007446568078776528,-0.0019460487282438876,-0.015167435766775372,-0.009006235831615084,-0.0031704369806845323,-0.02601926692462886,-0.016411553322984718,-0.002149851952111037,-0.013353414406520714
2022-06-06,0.004350708510526102,0.0054285133736997615,-0.0044037229040009285,-0.007502735873116784,-0.007507931267377144,0.004727228305638542,0.0043302446833088926,-0.007067954701218349,0.003330897950021061,0.003044831155079697,-0.018443533697357295,-0.003154493463439545
2022-06-07,0.006664402834372529,0.0030515650217135537,0.006518420844169315,0.002306274654253926,0.004027800315800523,0.002276387658240564,0.01612795111619092,0.0053386006893045845,0.008625743578410727,0.009592180981858878,0.010800001659942549,0.013781015556512122
2022-06-08,0.00893745407469182,0.005382679400500523,-0.0009251975242893229,-0.00856495911839572,-0.003718080762280973,-0.013779564943762646,-0.015453058048338186,-0.0057530218553210055,-0.007196620608510007,-0.010872284655842446,-0.008860161758888596,-0.023059095896385773
2022-06-09,0.0016404095658961726,-0.02366293709812628,-0.0031832564859568535,-0.00799323976484645,-0.0008836334358653941,-0.02081558133491479,-0.020730077278802828,-0.006587259211166319,-0.02678470729599358,-0.023782775226494746,0.0033299594714684133,-0.02370633379165976
2022-06-10,-0.009826409974702521,-0.011060493390416593,0.013412283666592417,-0.017026389057758218,-0.009830361967234857,-0.02433171517490007,-0.027128566131730536,-0.009677189793483976,-0.035270421950262865,-0.02899545925200242,-0.006201726526169238,-0.02217077992546712
2022-06-13,-0.01124703457244225,-0.035010942472122664,-0.026412288230091452,-0.03345236288794218,-0.01777005743615645,-0.03346997965649268,-0.04697938414763947,-0.023072834352926064,-0.046496295970836155,-0.03796824567009849,-0.031379156272107855,-0.049989199914519666
2022-06-14,-0.011040484661634098,0.013857552326615563,-0.008003209616781914,0.006566628016251297,-0.007984931240314963,-0.0100153992030515,-0.004817571619392003,-0.005186398300612183,0.0018156064752128387,-0.003013576489283354,-0.012613318971634868,-0.007614646068416997
2022-06-15,0.0006765115171580849,0.013170792069459925,0.013050939388113303,0.019434467993598714,0.01395833313267314,0.0188614853428819,0.014641606533746021,0.01564105782029679,0.024971714071205797,0.014256611785987694,0.01865632503770076,0.023706049702205023
2022-06-16,0.0043949078145353315,-0.030659673876174742,0.011243181594596585,-0.01586460660441702,0.00653158027178824,-0.021541684224232194,-0.04631677632160813,0.0010998556459869135,-0.04034630199150058,-0.03309616938062565,0.007939263524594509,-0.02628908868466051
2022-06-17,-0.03567821777941338,0.003795522153384745,-0.008222816311715064,0.003115829055466035,0.0002993389833387816,-0.003955844981590628,0.007809527918874348,0.002014512807891,0.012159440696365209,0.0021557994962608795,0.00322235839782703,0.007582473065152806
2022-06-21,-0.0024433419715501614,0.01613305078277838,-0.0037367862070599722,-0.000675552551965497,-0.005189477021994127,0.01502324699483304,0.01792010436499547,-0.01005198807586516,0.025229648025511642,0.02517365495259627,-0.016952143796010732,0.013911036234548035
2022-06-22,-0.01784461107517421,-0.017861624757316008,0.003985188163408093,-0.0002698801494626091,0.012640419165445449,-0.005954390007519184,-0.0019033624388617998,0.007292418434314607,-0.0014586810446607368,-0.0018129937193266388,0.027500410688644727,0.012708370074319575
2022-06-23,-0.022443826399591082,0.003031112539968017,-0.006129257292171064,0.007163877056491685,0.005646779922961365,-0.0015402754641997696,0.011977191985065083,0.007697934502485904,0.014892900656453767,0.009802593233737777,0.008214658683656895,0.01899832295521975
2022-06-24,0.00947515810569688,0.023671629950423156,-0.0009984622015154487,0.007113428242875752,-0.003546428634018328,0.028968127059519233,0.03097218447212491,0.0011820832486519883,0.03426353143784544,0.03179385992293238,-0.01384251079609411,0.021276857231222523
2022-06-27,-0.0021660512692275313,0.0012299702792235578,-0.0011170700540719114,-0.006129775553014305,-0.005634972206626676,-0.003997995938766374,0.0037123693680043424,-0.009174247375357991,-0.007331634966034284,-0.0038197728578244217,-0.008528803382875538,-0.0015036596568843708
2022-06-28,0.011939222081727818,-0.006142399019445799,-0.0016480211262837052,-0.010995750471325172,0.0012922751442103753,-0.007024594898437764,-0.018777703941569746,-0.0002748259360916272,-0.03046676252803915,-0.02043273856483374,0.004659452979341783,-0.01215291814658892
2022-06-29,-0.017161213621165183,-0.0039555920433699265,-0.0007663579045243951,-0.0014908041137584593,0.008042913973563603,-0.004547808302236556,-0.010148437660200349,0.005960471664653744,0.0009168871960274494,-0.0008143785601719689,0.015608264153786022,-0.006205875085929846
2022-06-30,-0.030920376639280822,-0.004715939214161247,-0.006077047294322124,-0.000543030778907605,0.007683467841779645,-0.004230086373344544,-0.007791981849517238,0.003008434036510632,-0.012403190082724613,-0.008124405768478837,0.008781871408542141,-0.0018623397796685426
2022-07-01,0.004879931244700542,-0.006234409945187536,-0.0008310541616338707,0.009538593463273681,0.010719847090711276,0.0013593865936845084,0.012104464611309096,0.012639569448203769,0.00660050063090889,0.010576482066125825,0.01026662801112277,0.018000181100032542
2022-07-05,-0.0672395089904223,-0.007779032893735827,-0.02120964335120412,-0.0009465570988254068,0.0036807010346158187,-0.02087218647807043,0.008284214552849445,-0.00026985137637791645,0.017120007360257317,0.0018886521773679998,0.007857406878494677,-0.002803460655229184
2022-07-06,-0.014817687680849345,-0.0060698907577870775,-0.015842188833696924,-0.0037884792581858173,-0.008492296123984167,0.0010398416116557119,-0.007406014647798886,-0.004950955241577404,0.006411733183619317,0.003377218760034717,-0.01679109615283303,-0.0018376899008241132
2022-07-07,0.04146332683216136,0.020101818027468132,0.000555053276362516,0.016297710474696858,-0.006132115223529966,0.015062335623578837,0.02366633441824706,-9.052951977261969e-05,0.02139915108162982,0.014977166172093215,-0.008800056868837669,0.0027077529702752567
2022-07-08,0.01756437716281045,0.0,0.0004315313201161963,0.0008021728689446839,-0.0060721304047044455,0.002387834911737219,-0.0001137063015430595,-0.0016287952032845165,0.0012544622993413412,-0.0008226040935420675,-0.011075924825056926,-0.005293172882163688
2022-07-11,-0.0019178171341308614,-0.026689911316922665,-0.005360507452973451,-0.005608762338470075,0.007882512782195983,-0.017015499179923177,-0.020103883612010764,0.0028095583563521043,-0.02136463140869227,-0.011423522792129992,0.017244246819041242,-0.0021720594596366105
2022-07-12,-0.04534977759805903,-0.0038441581205007624,-0.0037167247224720867,0.004028738409782129,0.0023468130865511583,0.0,-0.0034291233148117106,0.0014456177785309166,-0.009687251036223588,-0.008849027942131715,0.00594180987780768,-0.003917967942344669
2022-07-13,0.0056360350438753315,-0.0023154170770941507,0.004787690503602615,-0.0010696042294502384,0.004291119912664509,-0.0005192172564386643,-0.0008746005022164383,0.007489518856123478,-0.0020612754228873653,-0.005251773842240959,0.011466740602069647,-0.0048077307794169855
2022-07-14,-0.0092073077202528,-0.00902528512248535,-0.014047055610919013,-0.0018748034812866576,-0.00553556981743164,-0.014028430868805897,-0.010273247213173575,-0.006358765771954045,0.003570886381483618,-0.0024282456578149647,-0.008158921630016858,-0.009003247892493071
2022-07-15,0.01292929904839446,0.005204198344883171,-0.0020084561635671516,0.012743284440900116,0.0034179309010970993,0.015633335145348592,0.020818646326560053,0.008022153947814692,0.01813937467657234,0.01910505581696431,0.005628361161759132,0.01695105631768512
2022-07-18,0.018747562190003064,0.006989407446839513,0.0009433945063559435,-0.009668984131188774,-0.002919735460826467,0.005534188962633468,-0.002830799550200158,-0.006974688062136303,-0.008462740404914348,-0.00825701560701586,-0.010418741249147878,-0.007081424121137547
2022-07-19,0.00391531575156101,0.016452503066116675,0.0023874693093759447,0.013240873765312688,-0.0045876273937273115,0.025799891845444956,0.035283917407901155,0.0027912077754661535,0.030753143262481686,0.02701921370220428,-0.005394562814530213,0.025894397853692963
2022-07-20,-0.0007800262664697799,-0.00429965537153687,-0.009402031234323593,0.0043556789965715215,-0.0009804534504649354,-0.006036245413441388,0.015669564521312296,-0.0010772389067117416,0.01585667547494296,0.006373225253473391,0.0026246444385078505,-0.002353007346093894
2022-07-21,-0.016783741980393785,0.011430164571447188,0.014110421925231709,0.011828332202624914,0.011385836938609728,0.01231439804212231,0.00512415117250975,0.013663918328276292,0.014354980271438222,0.01018302413971095,0.017275690739153804,0.007932958484136554
2022-07-22,-0.011909499257336864,-0.010045280003435186,0.00249575020790771,-0.001299323017762588,0.011451949041562548,-0.0023329240521402506,-0.01595225655104593,0.007715731115960356,-0.017535031189019334,-0.009277986253705017,0.01681133947087665,0.00521154027893167
2022-07-25,0.01807943537982304,0.0035516721645363347,-0.0027385476219622396,-0.00025998247045255773,-0.003550415805636753,0.007015350952868538,0.005180938900894327,-0.008448873026457138,-0.00569570965837729,0.0012149362342877001,-0.009784886205143617,0.0016931010450358386
2022-07-26,0.0019732391710163277,-0.007836267703813848,-0.0011858106875901608,-0.00702471748465372,0.0003854665636882082,-0.013601069149503209,-0.006151706021943482,-0.00017732099189737838,-0.019649006001178804,-0.011831112390588872,0.0007666522136515752,0.0010561782044411494
2022-07-27,0.02284366792653114,0.018598793032406746,0.010184984698782484,0.011004485340057046,0.0020212470890523804,0.022868717176935283,0.022751398848658733,0.006657889428714592,0.042259892035340973,0.02596648026019066,-0.005617784542961912,0.006014664754665944
2022-07-28,0.0007701988986956732,0.004252231104405535,0.012185323455280006,0.010237716300769195,0.009894197291926199,0.006575694564071588,0.01373950800770496,0.008289282596468661,0.009777880096048186,0.012542370797067326,0.007960476448658937,0.03241018685199504
2022-07-29,0.0046171308509255216,-0.004732382674333735,0.0028110896821249565,0.0029501497216972705,0.0003806917145598998,0.013392198205866457,0.007099433809397038,0.002361432055399515,0.01823673497008582,0.014578782253192868,-0.0027176239328945417,0.005384845215057998
2022-08-01,-0.02029877450770512,-0.00850851017998866,0.0056672312077465925,0.0003084761770129063,0.005848459947975115,0.001128009675740227,-0.00037374568972703415,0.0019763948265094644,-0.0006020870901966013,-0.0029612900923987606,0.024083640569243503,-0.008084293712308122
2022-08-02,-0.005082148852538215,-0.004795583515992186,-0.005938288400823777,-0.004621325752259153,-0.013825907551806349,-0.01609782158604156,-0.000961639474779008,-0.012220430918165714,-0.0029815724375645836,-0.006597461086478851,-0.021159570004066874,-0.012836116698736189
2022-08-03,-0.00864443256425318,0.00786199841605062,0.002438243761313297,0.008768825824612136,0.004128800478791161,0.0068717365337263026,0.014705941490928742,0.01086952012183362,0.02723260385124937,0.015659600609906565,0.01574467703023963,0.003199149006149371
2022-08-04,-0.010701478836051881,0.007045830376626316,0.016539989487255546,0.002684542535361878,0.005068859835843265,0.0055248721828029534,-0.0021081173014108057,0.0015735274450832115,0.004676485740776615,-0.0006757165028901113,-0.0003351071780439696,-0.0015432350898365588
2022-08-05,-0.0036057464311383125,0.000999549514954845,-0.011246066300201418,-0.005099840543747236,-0.014462534589220977,-0.007918516210782545,0.007657932014443425,-0.013528626646351238,-0.008168741606600971,-0.0016899309236095839,-0.02380350860166547,0.0027819711686625226
2022-08-08,0.012062737764907183,0.0012479810616687903,0.008470017618367853,0.0008968862934413124,0.0058889781772293315,0.002606284262531622,0.01058714939166161,0.003981267500389185,-0.0032326805689029126,-0.0011610834207186338,0.01614144008461249,0.008938676328898332
2022-08-09,0.008343212750880014,-0.0037395885568819454,0.0030595386607856767,-0.007425147200718074,-0.0029752234624010887,-0.0055240433881416084,-0.01363980159775624,-0.00449437184767687,-0.011318342212581767,-0.003970851627445149,-0.0038866998554312193,0.005498900381658567
2022-08-10,0.013790385552305828,0.01251250269256654,-0.0025119508170524663,0.014961989201377479,0.0005777223785867758,0.023362193166772016,0.028550173476713514,0.009472071035121932,0.027910869407790084,0.021003786915969158,-0.006531608207348216,0.015191615399291258
2022-08-11,0.019432616863035657,0.003954511674601591,-0.0026382206776995876,-0.005719116331210694,-0.006638405437706996,0.0,0.003731963736121946,-0.009646378933547584,-0.005676123905844044,0.0,-0.023309310077922807,-0.002394345257350494
2022-08-12,-0.005337449593446619,0.0105858239402985,0.00919802099904432,0.008947016497439009,0.003970833760599035,0.007343524510367905,0.020422593112932264,0.011600036677849701,0.019470542112161482,0.01692910404884973,0.010140707953876449,0.017199908658683816
2022-08-15,-0.012265158435745382,-0.004628323985523597,-0.012867030834262327,-0.0017733217810422808,0.00318339014564617,-0.006497589787424873,0.0035436948289093717,-0.0007001777040157586,0.008081264197877802,0.004120768401313812,-0.0008655075254634381,0.004030968105474431
2022-08-16,-0.011253408690061861,-0.00024475017009017996,-0.001750096754401964,-0.004695123198377393,-0.0011538107014027466,0.0,-0.0003978706282273814,-0.0038542963769474525,-0.002341875403723215,0.0019587372592657637,0.004157657314058705,-0.0026438657080025685
2022-08-17,0.00392462179705011,-0.004161771485811427,-0.006468335614034371,-0.01032792461445986,-0.00673920311508569,-0.008773275915323286,-0.016816963740912128,-0.00940908113344241,-0.011406084766245272,-0.007097991045177943,-0.010437486805163765,-0.005988505313009651
2022-08-18,0.015246275173162571,-0.005653650766378249,-0.0026164156896926194,0.0015456143660166344,0.001938550892523816,-0.003379538349356004,0.006629369832152898,0.0025743029397362616,0.0024050376720854416,0.0029063751779752067,0.001482008444841254,-0.00661735127473817
2022-08-19,-0.0003851416520272988,-0.013597289656003597,-0.007320625681104476,-0.010162012540499532,-0.008609976833444444,-0.01420957428318903,-0.02146587623445373,-0.011864971885809594,-0.019497138274657377,-0.013437860504006194,-0.016102279153933252,-0.010538860694531582
2022-08-22,0.008859897799768479,-0.008771840890878346,-0.006637179344595956,-0.011305923793347605,-0.004391107749774803,-0.017690361163816504,-0.02060095771306225,-0.006720143659391886,-0.026327293599479717,-0.020822712751495387,-0.0033617263181603407,-0.021804753062727555
2022-08-23,0.01641845959567645,0.005309785649406873,0.0069908740848763085,0.0024973856369749914,-0.002450263677252651,0.0010004812432449217,0.0016258464943084139,0.0010824655602386102,-0.0008268959930179953,-0.0024190646841038,-0.005503337348279569,-0.012840226437401348
2022-08-24,0.010518422864857824,-0.00025152145305973317,0.0029489200401788818,0.0011800671968718035,-0.0033404933167410222,0.0016657785299891703,0.007646218543443606,-0.002973761072578296,0.0028970277331779037,0.003201011102305973,-0.0073186472701203265,0.005723182972270369
2022-08-25,-0.014126467239109153,0.021635342723871576,0.003062787136294043,0.009429103450103948,0.006407823215620612,0.010809942955908758,0.015539618693344526,0.010303822577427235,0.017682056738824947,0.014117480207604283,0.013936161739314779,0.014899234501741354
2022-08-26,0.004147786915733365,-0.014774899338135805,-0.012152705301765265,-0.016476433109714028,-0.0011755358652132397,-0.026653488838421002,-0.03285570066070709,-0.005993970685823746,-0.040988032923401474,-0.03384900696749871,0.007537788295853609,-0.025181051720491676
2022-08-29,0.014645210072993908,-0.006248329671988184,0.0006182375550920494,-0.00382576493822373,-0.005687939617399551,-0.001690347143439741,-0.00920739104137136,-0.007380230011441946,-0.00985576845017555,-0.006612066125876059,-0.008273199768674577,-0.00899388636085341
2022-08-30,-0.027757203485599735,-0.01182098385374919,-0.008340578885610683,-0.007679736494093925,-0.00029578624986803526,-0.006264816660649264,-0.013992626033313638,0.001269476354256005,-0.011136369669137225,-0.010977813714484475,0.0024845270329665325,-0.013824356570927177
2022-08-31,-0.020936380059159987,0.0035633173719444855,-0.007725314789180926,-0.0054708808108102636,-0.004143669404294781,-0.006815462665577088,-0.006066676765950518,-0.010504540569131526,-0.005813456973453701,-0.007609109378665435,-0.009560880603848965,-0.004708532775752228
2022-09-01,-0.021384170624054732,-0.007862104181896923,-0.008790162100319021,0.002642613396730331,-0.007949698049461107,-0.014067520803476619,-0.010899163554592195,-0.006020192040097072,0.00043419084548479425,0.003137823048854349,-0.01830825064832997,0.0018280795099798741
2022-09-02,0.006753942281674696,-0.009202481783245786,0.008804709144487166,-0.0006723765589619068,0.005602803275027046,-0.006786094091796091,-0.007768493190535408,0.0007387416924182766,-0.014128158982635863,-0.010544394228683585,0.00565720322308394,-0.013951761426925002
2022-09-06,-0.0059193714976756295,-0.011867845596856275,-0.0058394619355668365,-0.002691566775450349,-0.01114232287794914,-0.0029783930217186505,-0.009883839630350888,-0.013562015013632744,-0.0071823291428926295,-0.0037732651071440415,-0.02476860959247118,0.00903356758744378
2022-09-07,-0.023818998514673728,0.008877178040191502,0.010168638866495439,0.014437675628462765,0.00653900356091075,0.008610121933465331,0.021759813473981593,0.01365486685598083,0.020201563176022175,0.017965078361345865,0.01581559988036263,0.019523146118659795
2022-09-08,0.0040667571816759285,-0.005434619543174257,-0.006002292729855863,0.004390004012335913,-0.00369819684806727,0.0015680625654963531,0.008342834751205785,-0.002306567237046253,0.005184316589239124,0.0065360450575395745,-0.010257469864473956,0.0027506826296996856
2022-09-09,0.028351466886843868,0.014832133485837229,0.005283756568463582,0.00397306505409345,0.00010036632852084004,0.025917375582333424,0.020085881286505236,0.0023118997893556426,0.021862167953855094,0.01553534388715061,0.0022205733573383846,0.010867351175547713
2022-09-12,0.01378504049601692,0.01487188639460535,0.005068186218703863,0.0030336877155849873,-0.0024074350776508435,0.013055265751667156,0.01211327707444676,-0.0022143860517070957,0.011885855958400526,0.010747762664738758,-0.008217221268183361,0.009706634003932457
2022-09-13,-0.00505047279309645,-0.03082368988886841,-0.01301133993119441,-0.022751133264748535,-0.005630761249033722,-0.03464433531799538,-0.039120505243750436,-0.007212624322565642,-0.054837113325054365,-0.04348230948753817,0.00232732059572216,-0.03824696965454377
2022-09-14,0.004295169616061578,0.0049529939037482595,-0.003847613448870524,0.0014804244669819333,0.000505408126357354,0.0034675862857809214,0.003895652283843143,0.004750265101225448,0.007933381899206005,0.0038154366530387396,0.003436692151480125,-0.011392652957485483
2022-09-15,-0.029160255912559663,-0.01063541383369715,-0.018679143196684067,-0.006315894458105875,-0.0034365083837218924,-0.008984275791399376,-0.00726924769093118,-0.004820505647834983,-0.016653698614025547,-0.011353054746927604,-0.0006481322950117052,-0.018482337327333953
2022-09-16,-0.003604302408855231,-0.009176622176405025,0.005549107201315628,0.00338134238908272,0.0008111183486105844,-0.005578719418019684,-0.01453501560135717,-0.002329191268848896,-0.006114880575169179,-0.00762891191469961,-0.008335609875600114,0.00011063635647512449
2022-09-19,0.0032154136867235117,0.003175157756408753,0.0007700871329356929,0.0037729613131189943,-0.002837003327283205,0.002629608886295376,0.008548036153367633,0.0016810714913138014,0.007787246087694877,0.007754975497847649,0.0023346843568510245,-0.0014395793938150048
2022-09-20,-0.0012019154770460672,-0.005539379094511965,-0.005706587274526553,-0.010203984542975886,-0.006199030449947629,-0.017310688295444465,-0.013627625664933252,-0.00997423422319621,-0.007970925248995786,-0.011478636478215787,-0.009969871405822173,-0.02429008705026825
2022-09-21,-0.006016897007668387,-0.016710925447681824,0.004642973675810236,-0.00298410295594731,0.003987663809966069,-0.012633464555136253,-0.015275633809992861,0.00376632500411489,-0.017905922182172906,-0.017443753866337897,0.01675274817018635,-0.01580092919501863
2022-09-22,0.002824841015339974,-0.004855468257376261,-0.0005776772692025478,-0.005986449549401973,-0.015074020146885414,-0.0030636591616938214,-0.02252752818062609,-0.014070330274186471,-0.012307950482651209,-0.008399748026151288,-0.025548432615325356,-0.0127050648027911
2022-09-23,-0.03380278161758854,-0.0246680142761746,-0.01727683040546535,-0.012729091192076658,0.0012409809143254513,-0.03271877488309316,-0.023805402890394012,-0.0028539066055932594,-0.01628173791367893,-0.016754988673533533,0.004084849689069747,-0.013291880162915493
2022-09-26,-0.023323650826850506,-0.012228923084911747,-0.011633219026207842,-0.011784238329958563,-0.016628881648845684,-0.01551093288595029,-0.013692018519837923,-0.017364607280351385,-0.0041376355851354685,-0.009892620116314643,-0.0191105305806355,-0.028043767564035038
2022-09-27,0.010661100993395234,-0.0011256650817236258,0.002049841746687875,-0.0021046815133770602,-0.006827401283788559,-0.00683382492781015,0.0034111846560875847,-0.01505043041357701,0.0004010108697440895,-0.002552777314038801,-0.026331398586586396,-0.013317142549006622
2022-09-28,0.027848108524511916,0.008732355318309182,0.02078665233491006,0.01785463808571719,0.02252570053652736,0.0235091355037087,0.03162770616899313,0.0201105745032506,0.019891946327609267,0.019676499972397066,0.03348218826051408,0.020745042572645866
2022-09-29,-0.006157686111610716,-0.022339834075828402,-0.00019392836526865853,-0.009391849325490864,-0.004653939266645257,-0.01325849213260033,-0.02241993485892424,-0.007441054553876003,-0.028827275193898938,-0.020889007212244626,-0.0051757928148367105,-0.02938285687782416
2022-09-30,-0.012391585734732535,-0.0037134665858883364,6.462244018679009e-05,-0.004601853027380365,-0.00259768991559306,-0.0032174665642689115,-0.007283325730466861,-0.0025313409648251017,-0.016956778725217503,-0.015463734907401605,-0.012910564536559477,0.011225799575485862
2022-10-03,0.022584733087142705,0.01634177193017794,0.024309785681440932,0.01310594839724244,0.011868146512624467,0.02031529850791447,0.02649766360597483,0.018499653517877857,0.023459996401741012,0.026401579671286424,0.01588916827200837,0.017836994039527543
2022-10-04,0.026993872510895356,0.03272222745721387,0.014328122056449066,0.021536135753636554,0.0020630351707264794,0.041124046892821786,0.039636022271333005,0.004615510947669321,0.03144094561700328,0.030986333066868932,-0.002793048094097861,0.020220663745592615
2022-10-05,0.017921032748725363,0.0005463257089988183,-0.005538266375543777,-0.00394405701371614,-0.009470652389921064,-0.012689988934439067,-0.0073860532589545835,-0.007561421380708588,-0.0005313809480392839,-0.00232812692228046,-0.00956152493471063,-0.019579569906678973
2022-10-06,0.006259913237331549,-0.006006187551531594,-0.00112629171222689,-0.0030043779291148986,-0.0055081201355929865,-0.016654538492178572,-0.005609711229435876,-0.0023146125668858097,-0.007873014821195845,-0.010315922428485447,-0.005557888870662553,-0.027811810594824737
2022-10-07,0.010497685310459248,-0.02087327148482132,-0.010962851258976669,-0.012190153921194047,-0.004912274443089282,-0.015463936081980156,-0.029415270827406137,-0.009956520329335361,-0.03810409366789291,-0.027893716378517897,-0.009708210642610737,-0.024070670605327638
2022-10-10,-0.011158150563469804,-0.014025351265475217,-0.015201476317757034,-0.012201575131373543,-0.005880646879223073,-0.006544484098349512,-0.005575089005061651,-0.00898255916157853,-0.009996398569982357,-0.007635385591192034,-0.015545796970705461,-0.009426611044900945
2022-10-11,-0.014396880356077446,-0.0159316770112643,-0.002058091550185215,0.003087845210753226,0.0025349281764339704,-0.010916705105581292,0.0002982835594398381,-0.0020689408708981505,-0.01373816971458619,-0.006332994370031875,0.004425610885343989,0.010168118691509465
2022-10-12,0.0,0.00115652089098095,0.00534932850905423,0.0016792065601305417,0.003266831235751999,-0.0038058539627007226,-0.0027426881342744736,-0.0011848147617610216,-0.00034241590838945957,-0.003298429898156763,0.004907046613856991,-0.010453048021839884
2022-10-13,0.013817432556626041,0.0028877514935665705,-0.006923532232980256,0.0022355344065998484,-0.004201311960970511,0.021203360309496766,0.024751985278806954,0.0017790257364795892,0.02345220108702417,0.026391042315937252,-0.00956687823270952,0.018257798946328396
2022-10-14,-0.019859689334168373,-0.014972901152699114,-0.012458897998479546,-0.003206331827957043,-0.005590037847208018,-0.015338492655583624,-0.026779603218221815,-0.009570636969919999,-0.03005710135055295,-0.022788604207687357,-0.00825059406600348,-0.024846320352611917
2022-10-17,-0.002383775071679972,0.027477361448701387,0.0028762090057179446,0.012306177988623768,0.0010604397235742802,0.024695875398674128,0.031892711659148754,0.004781784959396518,0.03302135611583368,0.02569665503029639,-0.004869470418563782,0.03769401482896617
2022-10-18,-0.01075270694541497,0.0002845090628831315,0.0021509701146735782,0.007045374872545196,0.0025431731331684304,0.0072303560838460346,0.011851528533692424,0.00594898179193093,0.007908045285950793,0.011749718646666185,0.002344928453975381,0.010884333449336925
2022-10-19,-0.00040248568665235407,-0.018202452107425104,-0.013398358104674823,-0.009602251006666007,-0.010462748567169333,-0.013252252323447622,-0.016994860607633666,-0.013700118387085958,-0.0036469434766205344,-0.0070863781562664485,-0.018205699856547075,-0.024915494249215464
2022-10-20,0.0008052954932142864,0.006373249952159377,-0.0015822103586343728,-0.0055398134169970525,-0.007476432262019772,-0.0014923362349308356,-0.012732988607844664,-0.008693773985631092,-0.005101751222851059,-0.008385327278408017,-0.017093403016318898,-0.00436561651639944
2022-10-21,0.0012073241094958664,0.015256158509191042,0.017827646105301076,0.009609467418917106,0.0022598710253549648,0.017746986069797188,0.02171222225131042,0.002822487777754512,0.02344777131028275,0.024301356405114438,-0.018022830461632666,0.00786712391237998
2022-10-24,0.002813486975882906,-0.03799272347182858,-0.003243594030472474,0.0006897865258541636,-0.0012886525911181002,-0.0007341745167704916,0.004284764284045339,-0.0005025149199051615,0.011001302245726485,0.012236518208046387,-0.008264311129462354,-0.00012789113549116493
2022-10-25,0.0056111869503618905,0.008252199203713229,0.002277944142005106,0.00964977907894271,0.012470938316338387,0.022777459142323542,0.02727170188433603,0.013376114325696964,0.020685926617850292,0.0159685970090353,0.029112345969300124,0.03928804343090575
2022-10-26,0.01873253230567884,0.01636955936333262,0.006363608620383543,0.002731018380246475,0.005096510472027305,0.009518599002705797,0.00493913830909487,0.004565316318192236,-0.022096367318467314,-0.007534131654662879,0.014407839240364595,-0.0006153611336833231
2022-10-27,0.0015650211889752796,-0.007765457841650392,-0.001548523944967184,0.007353110717889022,0.007077820230434462,-0.00853931975851252,0.0002233180095574383,0.0046434660079326395,-0.018205959964367913,-0.005339975430252331,0.010470651077642446,0.0014780987453422156
2022-10-28,-0.011718761372107478,-0.006086834380735318,-0.010210687443231947,0.007704609558908171,-0.005140130483058725,0.009330651269130463,0.022725977898053085,0.002065075148147022,0.030600531609539683,0.023790638753042437,-0.006873994023047558,0.02202298706395034
2022-10-31,-0.007114579507609298,-0.002916263521931972,-0.008161399648159207,-0.015023562528914125,-0.004533911063174911,-0.009422144257090648,0.0009280650916123623,-0.005397684489862997,-0.011627878648011292,-0.007223207659718733,-0.0071280839351342,-0.0010833740955901172
2022-11-01,0.015127379433720556,0.018426494671250016,0.010203429757038585,0.0060151346919856685,-0.00018069996059677518,0.00879385320608872,0.00136393452871153,0.007195112671049664,-0.010217819403773087,-0.0043758126869086755,0.00934535463821784,-0.00036155142061722323
2022-11-02,0.009019550468341686,-0.008328657362632774,-0.006972548399621914,-0.009104658258005993,-0.001698561136899479,-0.014232325643233956,-0.03317366569543512,-0.004814828135431992,-0.03427701348291301,-0.025096186440994317,-0.004339952410220227,-0.027486478221512844
2022-11-03,-0.0007772978591084057,0.005792290243627152,-0.003806036048150885,-0.007131143255075467,-0.004360087453520678,-0.008843206112750135,-0.0067046152433319905,-0.0035544278205801305,-0.019534723924309327,-0.01029704031662515,-0.005397205067910638,-0.0013635056801194478
2022-11-04,0.03383901544346246,0.04232631611179127,0.030696289684813083,0.00690627661109211,-0.002136332312376421,0.038601749527585216,0.01349983134352395,0.0019817260246592916,0.01608534648982718,0.01439319366601488,-0.01680056027769561,0.013654432140017603
2022-11-07,-0.008653150169064094,0.0005526286321766438,-0.003962389674382338,-0.00013719082140151162,-0.0035326863274629527,0.004207493461191758,0.004533246315529205,-0.0036592676360710508,0.010994007001930317,0.009565637127803894,-0.009976720892684088,0.0
2022-11-08,-0.012144218932519935,0.00717813172377757,0.023099074133724695,-0.0009604041115719442,0.006660648511695788,0.012046157679057146,0.0003896711083615223,0.004168778644562332,0.00728726506902988,0.00539534074771586,0.010935154698794358,0.0030614530036499055
2022-11-09,-0.02305026517560771,-0.01726978948889457,-0.0050172660211307285,-0.011947381939421353,0.0034144304099770206,-0.014490344316997805,-0.027455704809242754,-0.0025696614411621077,-0.023076460923797892,-0.02060201454090904,0.0032873083233699862,-0.010255363703453035
2022-11-10,0.009044464212446313,0.03626236781538328,0.030444387121793204,0.031132845309495893,0.022439738045170632,0.056362630481798126,0.06155847120014535,0.033495140310709104,0.0737884975418106,0.05495408352589681,0.038473710732300326,0.0731466209963949
2022-11-11,0.01909583213702648,0.027187184382447827,0.006606324071935177,0.0035042548105868043,-0.002080246954588416,0.020215474127607935,0.008199496436735565,0.0026845964074533324,0.01842626574979933,0.009678548023863476,-0.0036642749321926793,-0.00011478122287555959
2022-11-14,-0.014913946747723728,-0.0060273315091344815,0.002187655661719301,-0.0073873500964428684,-0.002397648153210863,-0.011206751143414628,-0.011182541261500867,-0.0050678291686200305,-0.008751305882581994,-0.00850679613732841,-0.002451598271179134,-0.02437052982933463
2022-11-15,0.011645888408290617,0.022937019511243717,0.0035168677995043307,0.008795923407480144,0.0074183461416770236,0.006734594966635976,0.01482628410370923,0.013936713121814659,0.013838659349531435,0.008529253463505748,0.016180092825027304,0.010839909388009161
2022-11-16,-0.011128095568822882,-0.015979415682783604,-0.0022961020109516506,-0.002146222338715309,0.0073637195213771545,-0.0027737385752606425,-0.017595537394208827,0.008531475839730351,-0.013649764902839867,-0.007628920106030113,0.02186869602655639,-0.009091825751063043
2022-11-17,-0.016686217804524173,0.0018335109572105157,-0.007267423593311895,-0.00430173915982357,-0.00679488939728623,-0.0004908283878390929,-0.009280693150095831,-0.0053575133851205825,-0.0022069236392201486,-0.0030597843093609356,-0.01055261663528495,-0.0068228027378696154
2022-11-18,-0.0071031765941360625,-0.005751916805887158,-0.006893636502166456,0.002160006044872098,-0.0035246313274295282,0.0018006806499095696,0.006464281207873901,-9.456031031707113e-05,3.509933658962794e-05,0.004540460587441508,-0.006876715705227299,0.012673113003259795
2022-11-21,-0.0035771705790853536,-0.012621471118503091,-0.005589952950737276,-0.00040388695274551356,-0.0006240062209273978,-0.007189498264654204,-0.005225214734674077,-0.0015120296237355335,-0.010286806185095143,-0.003636180023446123,0.004214769446871047,0.005263326617624964
2022-11-22,0.010370982548143948,0.002396700327830459,0.00117372396636517,0.00727757403983742,0.005724958238430666,0.01382483094930742,0.010669671820386917,0.00889707256245642,0.014402358360495748,0.01345710469578143,0.01419146181013109,0.005468339003706912
2022-11-23,-0.013817692170562945,0.008236104620333196,0.006231840940288613,0.005619418865419723,0.005382125157215478,0.011525915781964047,0.002598474989128796,0.010038851996785114,0.01003672589145932,0.006301495282232672,0.017442062368007383,0.0008099718555234503
2022-11-25,-0.00880707774377354,-0.004743096729414864,0.000858470616118101,-0.0019957995788510985,-0.00030910966160557773,0.005456666466771232,0.0021059341340541327,0.0010211629811176515,-0.006578331627532408,-0.00022365260204582071,-0.003389966678144618,0.006359072633895124
2022-11-28,-0.0060580317102711945,-0.004500927479904604,-0.007903495498554403,-0.010532034174814187,0.0004119813435063957,-0.013567496416830083,-0.0201529012327889,-0.007237444811642901,-0.014673251836734291,-0.015957163878667524,0.0028182707621742242,-0.026769337937581517
2022-11-29,0.013002760984662798,0.021542504932322792,0.004940425418036076,0.004311593167331873,-0.004220237029268659,0.0027507797659271915,0.0029145267647132655,-0.004953199545396747,-0.0075694761831271995,-0.0017174625827576229,-0.011725820493187489,0.016527067393041772
2022-11-30,0.022462929756062122,0.028898845896274006,0.012781920270785507,0.015025697984846875,0.008993148052523381,0.017427800269535165,0.02741696091639212,0.012210690727691098,0.04558566720274104,0.03150074457273688,0.007354363363643257,0.022877637019593777
2022-12-01,-0.005100092771175069,-0.0032896354428830765,0.01838479961277617,0.0037029245407262934,0.010922389388930975,0.009357632477855038,-0.0021880477340334714,0.012512201860808148,0.0012272799025139225,-0.0007359159364485057,0.031945379442832156,-0.0021571745502756423
2022-12-02,-0.010646706954307139,0.0038081551204116604,-0.0034556830535615868,-0.0007935385428833319,0.0020304059482860737,0.00015717543256466016,0.005830078460900889,0.0060682554242308395,-0.003983531921480821,-0.001153734472594925,0.01257589992991237,-0.002958362147742921
2022-12-05,-0.025906660155004313,-0.011380913331346942,-0.017158885635801036,-0.009528867720259404,-0.010133439670515498,-0.013668440406211624,-0.027546090658116307,-0.00849945749419656,-0.01678324983508106,-0.017989169002221694,-0.014007081743831584,-0.018258365408369004
2022-12-06,-0.01595752457106303,-0.0012790558734792068,0.0027373742314797944,-0.003607187711997639,0.006142236888276642,-0.005097225598463706,-0.01531128865457565,0.003041719854020686,-0.02072052944741032,-0.014414899772927758,0.012880105501007044,-0.009415295670053725
2022-12-07,-0.004989573610383657,-0.005891469920249581,0.009039101712364994,0.00549770182844056,0.00875066943818914,-0.0001601447986664395,-0.0029434402113817093,0.011119151454337173,-0.004082492303729257,-0.0017011858578145356,0.023562677100701146,0.0019950074112420335
2022-12-08,-0.0016715314325861375,0.012110233426629868,0.0008416965556858891,0.0008004347058323535,-0.005648267911371074,0.0052843314772712535,0.007240776589713116,-0.0031808493482443634,0.011834651248734618,0.007833906769598054,-0.002740446805906571,0.007026227241148986
2022-12-09,0.0012557475960177644,-0.006619046703965514,0.003544160110315664,0.0,-0.007405226523943043,0.0011148255410431407,-0.0122760471670329,-0.0074759259071645046,-0.006376660157728531,-0.007470373896994564,-0.02601475135903386,-0.0018605064763957957
2022-12-12,0.01086949648806912,-0.0030753906227037886,-0.008260534556326027,0.0038645389348019865,-0.0014310516848862198,0.0017501884043051863,0.011756787272452884,-0.0012859817699224507,0.012551502921926527,0.01441741508002714,0.0031975960836596595,0.007689606359480461
2022-12-13,0.016542765673237758,0.007151127387497125,0.017081132038632596,0.010354492309626595,0.009006470097814745,0.015249649405796095,0.008282947020407105,0.008737989559833848,0.010750040511666059,0.007569920557883858,0.009656068899107417,0.01849922131435844
2022-12-14,0.007729812043874462,0.0005182839595745392,-0.0024330212847030186,-0.005650160255770698,0.002738813201060619,-0.0011009930152284797,-0.006560741235172363,0.0009114093952236058,-0.007414030199018651,-0.006393532552492198,0.004270906137274988,-0.0068112679182612546
2022-12-15,-0.012111436436307965,-0.02305099734204541,-0.01635930934057528,-0.0037720827686054115,0.001946002471963082,-0.02519289280180903,-0.025029318833176828,0.0008410744678502002,-0.0335765238027278,-0.0244617703040112,0.003902214622602873,-0.013372845426429025
2022-12-16,-0.012668582769319259,0.0029161456217141613,0.008708721678036602,-0.0053332019733781655,-0.0025289396446254164,-0.007914775264817875,-0.007456704432102446,-0.004291035757118089,-0.009534646406377245,-0.011806081074720698,-0.011170763936704575,-0.02583435063679551
2022-12-19,-0.0018738213198459253,0.0007930986518518424,-0.0028178306902848504,-0.005094232344150185,-0.008113141668888102,-0.002604919468692235,-0.013534498942395778,-0.010086439311598472,-0.014053222101842344,-0.008479834745396597,-0.016805289399711487,-0.012724148186286977
2022-12-20,0.004589131976312721,-0.00026419288098378235,0.016594482836064905,-0.0025595722301956503,-0.0072587594233787245,0.0035911706127000897,0.005290290798346531,-0.011763576600444248,-0.0007785667484507819,0.001368570986996831,-0.01775706494339868,-0.0025297455387212064
2022-12-21,0.01287359088357043,0.008982761172940057,-0.0016560135809358112,0.008509956471589142,0.001235673784217628,0.009759361608079109,0.017233445481422915,0.0068422982181424175,0.014506341215010154,0.014952531724772511,0.002513234720027846,0.008574143929582778
2022-12-22,-0.01270996795596202,-0.008902789540722766,-0.012085358459954287,-0.006161317997162019,-0.0003079918833231998,-0.007248760734635207,-0.013075384286118874,-0.0002792638510688006,-0.02446522928029038,-0.014266185239049212,-0.00019254065749019222,-0.0042014527620318765
2022-12-23,0.018272310265529335,-0.0013210964329853914,0.002998321039039853,0.0025607551562314423,-0.004527740944583525,0.0037319407999500953,0.004550463625771384,-0.003073004155606185,0.0022492598743590886,0.005752154608469784,-0.014660343822323174,0.008901419082173234
2022-12-27,0.008972212089693787,0.014814809985022048,0.008430011409881644,-0.010350464142193094,-0.008372046372707942,0.0014549901802174414,-0.0067088708917592,-0.012889986415983823,-0.014138431384898342,-0.003943394275669365,-0.01977306174657545,-0.0003626440810629017
2022-12-28,-0.011317698854341529,-0.014598535456179063,-0.004505807286929064,-0.01344782761508645,-0.002397253794325649,-0.010815280223013701,-0.015529774891943626,-0.0031224809216572336,-0.013202641388718739,-0.012427976544290842,-0.0058916380905224,-0.01704733306310746
2022-12-29,-0.0012264280274791872,0.01666676990348881,0.005598251568726287,0.012942378467121651,0.004910696560447514,0.01631852758988739,0.02533313189696562,0.007119189793476366,0.024375208320629893,0.018000363442780776,0.011351043373225789,0.02189386129783566
2022-12-30,0.009005354730493575,-0.013791333516398274,0.0046786689817972515,0.0008156136339834141,-0.004158664232180365,-0.010276067996561888,-0.0028024467174011525,-0.006314787140256017,-0.0006005074579528147,-0.002634071978537933,-0.011124442498278708,-0.007221854431566643
2023-01-03,-0.02393510293194734,0.008443407719166851,0.008370656531798915,0.001901236668089279,0.007829991596395303,0.00859824618881655,-0.005505782170836415,0.0069239869741077875,-0.006759826529909807,-0.004209756813511878,0.019084077493717988,0.0009698907062367645
2023-01-04,-0.01787192500983703,0.03008880430755756,0.0094119059589024,0.01152186753783746,0.007666259285152632,0.012868015881965622,0.012456684548562968,0.007253200986846897,0.004764012464712808,0.007720072931576061,0.01369980873776,0.022650244474013537
2023-01-05,-0.005078392544363597,-0.003047885672777584,-0.012451461859522062,-0.0020096990973010875,-0.001439405024993845,-0.010481283982636813,-0.010708683361902449,-0.0007484695938204666,-0.01565432262728872,-0.01141334210459699,0.00418099858845955,-0.026886126050226555
2023-01-06,0.005529519314392939,0.020891694174557607,0.01870749684189077,0.014233681599056025,0.012869482929126264,0.0256781402103341,0.022455385492860414,0.01637816825496441,0.02760151018189827,0.02293214540526134,0.018396694292106996,0.02689876302021954
2023-01-09,0.011844418194996598,0.0074867039271084845,0.0022451175785793698,0.0035748676843150307,0.0025411065280795953,0.004381232024675663,0.0016892913755932604,0.003959664865056833,0.006473153219418881,-0.000567161427002083,0.005324124862951862,0.0003554338946005764
2023-01-10,0.0,0.007183506446158727,0.0036760446135073455,-0.0011873979749731367,-0.006286266716628353,0.002180994408027548,0.014785075897037592,-0.003393527591773138,0.008464582594792436,0.0070129572484467495,-0.01655002160455943,0.0022513693212482533
2023-01-11,0.017976526519090763,0.004181286469949752,-0.000686793935011365,0.006604302740816692,0.006427985693854499,0.008083122433785173,0.012464870766289327,0.008558867087453237,0.017300178699962032,0.012647875138444231,0.016251694637157144,0.035819702423688815
2023-01-12,0.00821359939840427,0.004898299026225628,0.011568000967502767,0.005642535720591146,0.008921253510803862,0.014957708837595174,0.01679791832978106,0.011314714055326469,0.005404376805316025,0.0036408419648714663,0.01968190898640909,0.012668266453745858
2023-01-13,0.009776076192883565,0.006580490595902377,0.012001783992939385,0.0,-0.005325382761885988,0.0045579592214581854,0.006565122893340103,-0.0032480582918950063,0.006880342232424397,0.0038796389016695354,-0.009372594955860736,-0.006198485601456749
2023-01-17,0.006857536614852666,-0.005569118718019572,-0.00654507834469964,-0.0033923907965383027,-0.0031320453024461514,0.0036296948921628047,-0.0012296978511163736,-0.0036210824413350773,0.0020290222048007234,-0.0018321016684577085,-0.006463797663565418,0.002835208554157864
2023-01-18,-0.010817351234250316,-0.006817326437026039,-0.0028717524486322477,0.0011778414052820985,0.01357962408257074,-0.0034659996552797168,-0.01616520035668423,0.011719952060144978,-0.01300005572650531,-0.01578777156245692,0.02423151310578775,-0.014587793507657154
2023-01-19,0.010125614451124365,0.007599767976765426,0.015868520044824974,-0.005884553599079911,-0.0018996836433082809,-0.0021170127670403494,-0.009575765841012829,-0.002065297911351349,-0.00982457332915787,-0.007280006519917226,-0.006259595685394359,-0.005508536562358279
2023-01-20,0.0060143811179727,0.015328360204871272,-0.003335405556458948,0.0019735303278454186,-0.006611246102803503,0.009395387694302704,0.016479823555113793,-0.005219221510866179,0.02736711269649983,0.018629072891350074,-0.01621151977270252,0.01188559373589304
2023-01-23,0.002391439310736043,0.0071889857084554976,0.0018964337632443318,-0.00013126546944619566,-0.0032268634888599212,0.0037531877243262013,0.012375841066289528,-0.002894501598986632,0.02221609687774495,0.011998502292312363,-0.004707992641311942,0.004561426825225867
2023-01-24,-0.00556659709070062,0.0007138454946713502,0.003618515163479552,0.0006561730671492683,0.005766592242693047,-0.0002990108924583179,-0.0021352430557024515,0.005261518553642652,-0.0020420499071707177,-0.001073352404059813,0.014380337708193913,0.0024975836139911056
2023-01-25,-0.0027988787758008726,0.0009509522707318308,0.004603959599926544,-0.0001314369014867589,0.0011062475428096352,0.006133960634272295,0.002781798077856168,0.0004512268773777528,-0.00221946777376103,0.0003748275793136191,0.002425274484956663,0.00045283299867948656
2023-01-26,0.004410470437949066,0.009501366335487926,-0.009055266877154966,0.0024939044733052196,-0.0036170268978077402,0.0005947423119700979,0.005921432111889002,-0.00036045673905382714,0.019497581023250055,0.010990505467617151,-0.004652322926340435,0.011205320396056262
2023-01-27,-0.011177552313749062,-0.00470592169626205,-0.0013929904624704337,-0.0030107707058806277,-0.0015124158461014003,-0.0017832920882759895,0.0054095419085935514,-0.0028876848341446992,0.009954216977718922,0.0022976493195567826,-0.002523671401389982,0.011193296488969162
2023-01-30,-0.012918820851704815,-0.020094512945057152,-0.002566715270248765,-0.005515015609356966,-0.0031309249879235557,-0.006699402289403578,-0.0139254317692038,-0.0038011119541185856,-0.020218720489853403,-0.012546866159404813,-0.0036549745972804804,-0.012729597662737402
2023-01-31,0.017177903613498025,-0.0021715020874149005,0.0036362115419990015,0.007789842764566179,0.005065309798970574,0.005245761715046537,0.02428575678543443,0.007176853395763905,0.01498590779880482,0.014703424395516196,0.007994820496872057,0.020966424633792613
2023-02-01,-0.018898272171740116,0.012330964199404493,0.012596814339808304,0.010505258086974667,0.007192323013202051,0.009393071919909124,0.015719743515270723,0.010150962712428768,0.021383771553810327,0.01062770577985428,0.012021225904197186,0.006149906983861975
2023-02-02,-0.0073771085409991555,-0.005970985652151817,-0.02075193653580043,0.005732146780849101,-0.00040135605375324346,0.0,0.019692540111521772,0.0014331283985686838,0.0358898610569518,0.014557079953195107,0.0012938975706666689,0.02270224678514321
2023-02-03,-0.025185706158395105,-0.017779738543706958,-0.024957770292002968,-0.010492357675673913,-0.010735319994266024,-0.01078266728658206,-0.00670628011094998,-0.011358399744272663,-0.017772396713143124,-0.010629151464799036,-0.014955537045690637,-0.018783194398782066
2023-02-06,0.002964751243195618,-0.014677326019255088,0.0020754098721176284,-0.0064141162684342445,-0.00862088206601741,-0.010303224196211325,-0.014467911439249748,-0.007689629903224748,-0.00845907299656623,-0.006111325959172964,-0.007403767496132363,-0.007287400953378986
2023-02-07,0.019003394426133413,0.003972208106543418,0.000920425708082595,0.0035572754542652074,-0.002455037450751152,0.0082981365508632,0.007417481588510633,-0.0032819184346112307,0.020718694953494543,0.013078573071926503,-0.008025868725179408,-0.002191301280821123
2023-02-08,0.0020720308611330562,-0.0012363847346505974,0.002471594120761589,-0.004201059165036214,0.003691966457375351,-0.005985243439465271,-0.014623253845525652,0.0010065014553466423,-0.017780877295684894,-0.01093457750262794,0.004759056114810312,-0.00472170100701208
2023-02-09,-0.007857742794403322,0.0047042204245850705,-0.007912418174625069,-0.0064603786368724325,-0.004495670553885445,0.002107451980501329,-0.014476875352857688,-0.0084067307243052,-0.00883794655055714,-0.008669450182339111,-0.009473273826574702,-0.010922125537400684
2023-02-10,0.014172708007447854,-0.009610670807472244,0.0019071943211166342,-0.007696521037310666,-0.004824294756060832,-0.005407928961384201,0.002000566275129234,-0.007003299431898924,-0.006563186958607359,0.0023337296579488687,-0.01118962610191554,0.003457815657093022
2023-02-13,-0.002055087595556504,0.008211082370227496,-0.005076170279846859,0.002540706780979507,0.0023728156909454956,0.009968317345119937,0.012033215644845496,0.003711751787866868,0.0160159342477999,0.01173904691347305,0.00841477799922008,0.00889265228602465
2023-02-14,0.00329483969379063,-0.0017274398034368144,0.0007537389032514774,0.0002668450089926555,-0.0045278195713978064,0.0017944926231614478,-0.00046752041175357473,-0.0024961974535843146,0.007389138185209587,-0.00046017933767084074,-0.002301907891037902,-0.007932862009853103
2023-02-15,-0.010673152417102982,-0.008405579252481088,-0.00996466725346834,-0.0016002176475834462,-0.0029971939636536105,-0.004776910153376779,0.010129436072749742,-0.0038000524072896447,0.007660961365018704,0.0032473582515966104,-0.009324727384263931,0.003998147759396886
2023-02-16,-0.0029046529234488805,0.00024937280435444187,-0.0008192368783922488,-0.008013668833466547,-0.003317450997924798,-0.004349726841112012,-0.009564810843437854,-0.008001602003313235,-0.0187643114435464,-0.013768793352684217,-0.01416828924242286,-0.009734574110121352
2023-02-17,-0.007490606819669288,-0.010967108197333597,0.002986790669610162,0.003904461928474934,0.0028084325699293533,0.002561117815878422,0.002751731524326395,0.003939031186735997,-0.007055660651414053,-0.0024983073887738794,0.007776347537274297,-0.0039097425692729
2023-02-21,0.0012577956747104047,-0.012600859829953293,-0.003737004613899475,-0.015423774331655649,-0.010891036779713592,-0.011269713993806385,-0.029513987451706747,-0.014200266408339157,-0.02367522606328787,-0.02006083794596547,-0.019437482983471144,-0.02007390900528061
2023-02-22,-0.01298150293679634,-0.004849396027194142,-0.005626488586046308,0.006538697924220793,0.0017824204401488686,-0.005775169508647315,0.002721204600095284,0.0028432189721985246,0.0007481929676411703,-0.0013781106329142645,0.009164199491955571,-0.009041249314777011
2023-02-23,0.007636795725790568,0.0048730272662596,-0.0005304511136865475,0.009879457631482902,0.0038731295556653222,0.0056557902497083035,0.007129952257343364,0.00784369059008605,0.008734146836673728,0.0053193091015979466,0.00977184160755784,0.007506843922775452
2023-02-24,-0.00336836681914654,-0.022460459871703975,-0.00719467575637045,-0.006030494385143914,-0.006047607510546227,-0.016263812993594362,-0.009351350509732015,-0.007501173549000484,-0.01674398206394434,-0.010682404503352783,-0.01300094724355827,-0.017537695824563437
2023-02-27,0.0008448457139407228,0.005221976079662349,0.003920334893926292,0.006741174797623151,0.0030420685995438124,0.012206429465193791,0.0035199169875539393,0.00028318892916145977,0.007161083882648578,0.003406038907142639,0.002773349759422894,0.0015167027607043693
2023-02-28,0.0029549237999761946,-0.007012923051710307,0.00455596886271592,-0.0018748094423718387,0.0015692733341985399,-0.007327179790644234,5.304804822747755e-05,0.000377724736978724,-0.0012927480964439741,-0.003696121574741751,0.004543222285372073,-0.0013980905029716828
2023-03-01,0.01725584300825278,0.021448990391460088,0.005772150633673867,-0.00283470443077527,-0.00799494404865031,0.005843551854776585,0.0012753589899379136,-0.006234004688947525,-0.008038938263261297,-0.0038356979165965477,-0.010743359629545979,-0.012599025298362432
2023-03-02,-0.003723519336518488,0.0035851459541087483,-0.0005855636445488699,0.0012184057429056594,-0.004113802520727572,0.0012228804111908964,0.0023884519445873664,0.0008580492012648655,0.00827564221631616,0.007777097553960832,-0.008867146062055964,0.0116964791276164
2023-03-03,0.0157805657865151,0.008930951313077085,0.010723085619275707,0.010275789966737392,0.008049723797934227,0.014658836843590928,0.013924759353991067,0.011335177996575574,0.020673888276289354,0.016037808501885298,0.02422581525406864,0.01518170246758066
2023-03-06,-0.004905890266225232,-0.0035407166309897598,-0.005043830646819902,0.0,-0.0017860517197904047,-0.0019563262758214295,-0.014621396052619362,-0.002731166443626587,0.001134460114961655,0.0006927711529463032,-0.007753582515456436,-0.0039114714713287535
2023-03-07,-0.020542344241883614,-0.016751335770799902,-0.017480480627863337,-0.007093211691320489,0.00010527599917065089,-0.01703862162376868,-0.011605717296522267,-0.0028335027220318665,-0.01226599603331946,-0.015328685037719336,0.006133011445500713,-0.023327886028059575
2023-03-08,-0.005453069511944575,0.004130217644401801,-0.00047445044105887124,-0.004717827904512806,-0.00031588365808388197,0.005215348975834422,0.0004826162575499726,-0.0016099213506431953,0.0049945017497006194,0.001632203414825284,0.0009829236300959998,0.011469729142225216
2023-03-09,-0.012230975918772868,-0.022108078495178263,0.009849316056938173,-0.005552240076474035,0.006211881103058925,-0.00747735567418184,-0.027813596369446802,-0.0009489313321621173,-0.017325867406958517,-0.01845006967898799,0.0024552750393087575,-0.022913483399887413
2023-03-10,0.010674603813287442,-0.0052575597398432095,0.021562856843419187,0.00013623072464752362,0.018415770683448462,-0.010455079441752613,-0.02882968587204604,0.014338827847418134,-0.014043781762733354,-0.014429227624238039,0.03448588988697887,-0.03314185320360197
2023-03-13,-0.006337171315159096,0.0015855609092692013,0.022948211912439564,-0.005446451876499947,0.012123881478485643,-0.00730272527374054,-0.016290238492595366,0.000842789465204774,0.007416544893336985,-0.0014253416632649119,0.0022732552715039045,0.013117428105143825
2023-03-14,-0.012755081717120254,0.0005276113728214238,-0.005791064746217711,0.0072562995147875675,-0.009441045322471031,0.013304200688046386,0.018521669227578474,-0.002993602090439307,0.022979852470403017,0.016529997966775678,-0.01644139067745154,0.009649319703038062
2023-03-15,-0.023255813953488413,-0.017141252054411082,0.007804133170404848,-0.003262576266967465,0.014449978138096453,-0.030429445640915875,-0.016485329448976294,0.009569705906598891,0.005246120181013891,-0.006254395107935351,0.019310298130996495,-0.0007259901560233706
2023-03-16,0.003086514043312283,0.01529385870503841,0.002020092008242713,0.0065455847022795055,-0.008990794937377644,0.014178775905255847,0.013651428594896764,-0.0014870242917408572,0.02636049852736355,0.01754517881914852,-0.007823150746547713,-0.002179135981753233
2023-03-17,-0.0030770167877852694,-0.006078236781582702,0.02912021467748982,-0.005961269144218573,0.011824819868873071,-0.011624309398136745,-0.026991786470748402,0.0050255560189209625,-0.004726243623611404,-0.011692666310062827,0.01500942487301482,-0.022688718102100047
2023-03-20,0.003968237956706089,0.0037223033478994694,0.0003808677357699519,-0.002725609115928118,-0.004029886259428128,0.015893254575265692,0.012964974369119808,-0.0029628617956533043,0.003549051961669436,0.009615624004294165,-0.00879745534769616,0.011421631825027978
2023-03-21,0.0035134338584139613,0.009006557256818315,-0.018875115806276432,0.010933656926783497,-0.00869937678134336,0.014080063717041291,0.018449169210515093,0.004829289944519255,0.014282361445318914,0.01313065236864519,-0.008592188672102763,-0.004418932462154412
2023-03-22,0.0026257781288521187,0.003938317699157201,0.01702060989813825,0.000946102289979045,0.013163407727932785,-0.004011172835233778,-0.0283611206785207,0.005823058819534044,-0.013597869456215217,-0.017046535670793617,0.01333310686728617,-0.03735654261602761
2023-03-23,-0.00261890147463828,0.013859748250666604,0.012538176085624908,-0.003916980227329447,0.005740438854831886,0.0010842803839694604,-0.004438572135289975,0.0028485266433715406,0.011858186534362103,0.0027033152633748614,0.0,-0.006275594366957349
2023-03-24,0.004813878892289125,-0.0025794943233324874,-0.011252350246951037,-0.002034164982274711,0.00030071109927631845,-0.004177563696511566,0.009045793751340403,0.0031158159401551977,0.0036802127551334163,0.006562134349923365,0.004229612168570096,0.02564429107015842
2023-03-27,0.018728254780638665,-0.005430458539242511,-0.009256722051406152,-0.002445628933584465,-0.012313525318478291,0.009167136251466923,0.011118210345905988,-0.01196685118735219,-0.006851412443415028,0.001869704993221477,-0.023491122821650223,-0.0011424928603660511
2023-03-28,0.004702928631758585,0.014300612123532064,0.008189093257242153,-0.0005442572288942849,-0.0006082233960698069,0.0007698354700471643,-0.00143939578458252,-0.001664215583377593,-0.00531162149025588,-0.0022445479635626597,0.0018209974316212296,-0.0024140745287849485
2023-03-29,-0.006382922106802802,0.002819713353361397,-0.00496077000653139,0.012537137210599347,-0.0017240914038302302,0.01199993494771423,0.011357929408166934,0.004630447008791672,0.018234126294746966,0.014534801683436571,-0.0020088891149150356,0.02216295630549725
2023-03-30,0.007280442705261736,0.00996935156530876,0.009039576549164652,0.005921832974945085,0.0015240257828879056,0.011553659525570747,-0.001368317875225955,0.001382675520668064,0.009465240026393484,0.005855273832256813,0.004601200773513225,0.013084141526040094
2023-03-31,0.00935377599961762,-0.0012655910303873696,-0.005212246135594234,0.010837950482573966,0.0054775955920804975,0.004658800811084829,0.01838112877387621,0.009021368574079647,0.016630784151687283,0.014094555760341132,0.014981011725130777,0.021402063792149928
2023-04-03,0.016427933755942314,0.0020275324689384977,0.007204410308019105,-0.0007711909991832133,0.004710519307589811,0.008227509502670705,0.0004483692261731953,0.0060404548006693926,-0.0024306066019671446,0.003810657588926958,0.004702998150237336,-0.007948350448662933
2023-04-04,-0.0012432004574053357,0.0,0.018640958960437715,-0.0029275807088243733,0.006439801011904445,-0.00014830762740980497,-0.017536938946071334,0.001273527268972341,-0.003373081428528546,-0.0055481024352207475,0.004971815015747838,-0.0013349767529909906
2023-04-05,0.0037344246033359507,-0.007840232460170626,-0.0007979247786651378,-0.005605471814533525,0.004198280184193326,-0.007271100689274723,-0.009808918963591928,0.0032701819166718327,-0.009872626109795446,-0.002618227092196168,0.010454621186532398,-0.005348184625328711
2023-04-06,-0.0028937560010736663,0.004078420006477401,-0.007134091065472581,0.004428971051358532,0.0002987733173271945,0.004035813332082805,0.0014973461178877656,-0.000905331702020451,0.006742326328908588,0.0039007164012663242,0.0025869095094424033,0.006843465299299689
2023-04-10,0.0,0.0010156199406061717,-0.007399886547073353,-0.000935208360037465,-0.009852547389249455,-0.0007443920212002464,0.010696522697326571,-0.00462252655053752,-0.000565973291678401,0.0010263436975317397,-0.016124989174488014,0.0046122201751508385
2023-04-11,0.005389676092788287,0.006086703595682641,0.006320556237305208,0.002139981847474548,-0.00040232119331107263,0.003426754145966271,0.007909037268818642,-0.00027303727418970247,-0.00641776868532884,0.00026877320205320743,0.002060341973196378,0.00422852658550954
2023-04-12,0.007835059957050028,-0.00705833112949239,0.004885138866613126,-0.00026688139107533537,0.002916307246188188,0.00668143435557611,-0.00733909454289805,-0.002095037728540361,-0.008833709863492523,-0.004076134466586057,-0.0010279729166983165,-0.004812340950942295
2023-04-13,0.0,0.013709148515462788,0.013515672558895409,0.006808194892274244,-0.0033088863308627925,0.013421797918842016,0.01325090543978491,0.001734364795201726,0.01958217829140496,0.013282783481622928,-0.007858511114708033,-0.0030222314712413656
2023-04-14,0.0012275206765779423,-0.005259201596761187,-0.017710313033589165,-0.0018565701669777113,-0.004929094863536099,-0.004511666405122572,-0.009316977934032855,-0.0032801894832275025,-0.0018800220541048684,-0.0024428058274564846,-0.009146809600553252,-0.01552080264542155
2023-04-17,-0.004086659695292094,0.004279928526176091,-0.0044537552497120325,-0.002656406406706169,-0.006368641829966326,-0.0010234084514930686,0.012860391924681025,-0.006308095476063036,0.0008474281679748952,0.003588375772674457,-0.011895789633722509,0.02081545906781823
2023-04-18,0.0020517145066265563,-0.0012534318256968158,0.003880780603893852,0.0006657503392997199,0.0016279031869335103,0.004683293376111175,-0.004250939843399859,0.003312035113055778,6.275173661784983e-05,0.0006521064949882582,0.0035637287615686297,-0.0022924245317289538
2023-04-19,-0.013922967520659801,-0.010040245321905394,-0.004778520212877502,-0.003993344525794473,-0.00213304333306219,-0.003641780958140828,0.0012919350143121289,-0.0049514545957316525,-0.0004703652846098638,-0.00016897143810046256,-0.0009595655288210381,0.005925458116154525
2023-04-20,-0.008720924708834232,-0.0015212382291770465,0.00393825919904689,-0.0009352130046417217,0.005801991549131413,0.0008772072441369794,-0.005161249412387381,0.003778201080507193,-0.007624476733943841,-0.0054571037463702066,0.008549329983992715,-0.009857989867952277
2023-04-21,-0.0020947824955085403,-0.009395539671649966,-0.00988766926809792,0.0030765978310414166,-0.00242908962590771,0.0042359955299786645,0.0012969620162563977,0.0006431645918463236,0.0010433428634730735,0.0007769970182480712,-0.005619578348339593,0.00012157908781751381
2023-04-24,0.007976499138109716,-0.002307114779749986,0.003039335460481629,0.0028001328530185,0.004869923414230204,0.0029091998270507347,-0.000675780020933936,0.0044032023433868694,-0.0020845108674086843,0.0010432479484336898,0.009674266225740302,-0.0037636309800069823
2023-04-25,-0.014160719745158756,-0.018756490902182676,0.005086318131183543,-0.0015953596513024193,0.009894273048266067,-0.014503314064633788,-0.0246843856598965,0.004384530402085751,-0.01886370096122547,-0.015873846817014092,0.014704686802998523,-0.009870719413522577
2023-04-26,-0.015209155925674955,0.005760729759840988,-0.0054373863086726315,-0.0038625888417649357,-0.003899263861930624,0.0,-0.009649824869562118,-0.0043653902159668245,0.006064763391472328,-0.004235648969413641,-0.010658101421237465,-0.009600135931128184
2023-04-27,0.0012869337989027674,0.013538211913532328,5.410039265330013e-05,0.0033424427299353354,-0.006523141037214852,0.012509338880096088,0.013361275016123386,-0.003653538614933116,0.027190722969687275,0.019907876473883368,-0.00992292852997334,0.0226171300399991
2023-04-28,0.009425913677708175,0.005137363376554349,0.0002706525128974846,0.0042646245521600346,0.007475255716408391,-0.000436237910807602,0.008751804223974702,0.007792575385342282,0.00689852507146127,0.008535370433665701,0.016130728071283906,0.012273674419240432
2023-05-01,-0.008488920225549923,-0.003322302731189386,-0.004491351825477108,-0.004584613641572033,-0.011769839398754867,-0.00101784080512346,0.0005705405547380415,-0.01613771068581793,-0.0011470859851923088,-0.0010097881011376098,-0.02883452536935982,-0.007442815936293257
2023-05-02,-0.022688409788228836,-0.009743555985054164,0.019296640909943763,-0.0009375997950044068,0.01301850198439003,-0.01018920944704238,-0.020536122981339555,0.01206053068986801,-0.008721337454671185,-0.011239158733060806,0.0249200903204172,-0.01693292845640859
2023-05-03,-0.012702427763626956,-0.001553644118174824,0.008479075840785555,-0.000535586679145994,0.00652650329622495,0.0027941629944374657,0.003669367465775508,0.0016499976678896466,-0.006544088438142581,-0.006864103725123583,0.005581983659852963,-0.003936878673491351
2023-05-04,0.0039926916651982225,0.008039492242595259,0.00703295344911492,-0.002950013529245843,-0.00019982827519759994,-0.0017598793154744996,-0.011199617750981883,-0.0027456236821250535,-0.003529699768258343,-0.007083002646194769,-0.00987906221023338,0.00827571180005493
2023-05-05,0.022536528019618363,0.013377784691525507,-0.015647950479605433,0.005379179456020511,-0.005387547572536788,0.014397054395767217,0.023767706757639173,-0.003946041818641333,0.021254393414469996,0.018512718555529606,-0.0033255530388623944,0.01666038371488132
2023-05-08,0.0047537379920705725,0.0005078621122036608,0.0012269055761324754,-0.0028087852062520513,-0.006119130444686038,0.0007240021944805441,-0.0022928787464582268,-0.007186221795723369,0.0024774323855403235,0.00026649943450296476,-0.014014658809010205,-0.0057837936305465965
2023-05-09,0.003010657160314789,-0.006089896829161501,0.007086162362163639,-0.0025487724493430397,-0.0012110063303877316,-0.004341359906850362,-0.002987828377004731,-0.00037111176536153145,-0.006332947195157201,-0.004385303173256916,-0.003577510598694822,-0.004242057993039339
2023-05-10,-0.003001620310634001,-0.0005105047789035755,-0.001428442843921074,0.00605154670725061,0.007477706001711271,-0.0015989244135771186,0.005071295707592904,0.007890551319554406,0.010881515706439693,0.004672220709035058,0.009704058541746274,0.009615579096861282
2023-05-11,-0.017204304098302314,-0.0035759882284703837,-0.008582755587748347,-0.0016038788765455614,0.0037110602907690637,-0.0029117406657908074,-0.007682968895484588,0.003868435295120598,0.0032601591135481556,-0.001744001747832069,0.010571456166475146,-0.010970517453492867
2023-05-12,-0.007877525095647764,-0.011791873185555857,-0.0017100802429794726,-0.0036149453960195865,-0.005995717056815786,-0.0017520474148642329,-0.0020222888687003726,-0.006147097455879935,-0.003586769671626744,-0.0013101713436757256,-0.00836882544372164,-0.00012184555821004306
2023-05-15,0.01146900533265982,0.01841747963659257,0.0021412620336231925,-0.0002686938547453721,-0.002211628254020215,0.007898267587311825,0.01221617583308654,-0.005354691693909119,0.0054148866531891215,0.0034499644883716485,-0.01035770481416709,-0.001706772903730891
2023-05-16,-0.010902808409130715,-0.007131729836321377,-0.0124993937971285,-0.006989124415644921,-0.0032242136837662416,-0.00928756550841936,-0.014585444731863517,-0.005011858604520358,0.0011322378432274682,-0.006682622524254445,-0.0030040524160313,-0.02503345963754633
2023-05-17,0.011904713870118488,0.004617780647410363,-0.0034618889303412725,0.0027068810794328435,-0.003234387832574237,0.003954949437592559,0.022289180417577548,-9.34834561989728e-05,0.012104315453657755,0.012138985576036099,-0.002916003332433137,0.013527048974552036
2023-05-18,-0.009150321957354879,-0.005362717157579522,-0.012972911279784505,0.0005400359102976093,-0.00618623259415807,-0.0018966100447473933,0.006075547717591334,-0.004198153015079198,0.018572990775474807,0.009633304237748996,-0.0074091285859834155,-0.004819643292686804
2023-05-19,-0.0013191920695937442,0.0007702932566753251,0.0098988291245512,0.0010791255159228186,-0.0037751781883933466,0.005846821846793082,-0.006095253809433432,-0.001217618789012942,-0.0022533426729022255,-0.001455232148001917,-0.007071317257905108,-0.0016142224276597394
2023-05-22,0.0008806550715187988,0.008209259019030357,-0.002341497915543389,0.004447350466158184,-0.0018439612208218659,0.0001455144494988403,0.012208257304749726,-0.00037543791331784426,0.003358241837659204,0.0004062305199923344,-0.003560543113615422,0.006094548548799095
2023-05-23,0.003959508831489655,-0.015521712063623294,0.001200731149241463,-0.005232611395645459,0.0016419703713497213,-0.014385340667472546,-0.00471232684554479,0.0020644318603380007,-0.012676363916323763,-0.011222800328416938,0.002878868776307275,-0.009395705602910032
2023-05-24,0.00043815728366536355,-0.007495429092028272,-0.008068450017086337,-0.007013635269776719,-0.0025612760767319553,-0.014742791135636368,-0.010596257240716445,-0.003932914632944873,-0.005129766014444037,-0.007244811100813098,-0.004949167008716948,-0.0214650681094124
2023-05-25,-0.01576866265565835,-0.002083286755783953,-0.009618027091793824,-0.0006792474686737604,-0.006265399063299815,-0.0014962950421252286,-0.00780437821454083,-0.003290491011934904,0.024333210089714674,0.008659712185605573,-0.0024867218270175906,-0.00012737773584992063
2023-05-26,0.01602129708469291,0.017745280334930724,0.003995567330169925,0.006116589308390319,0.0018605597238889882,0.009141337305607289,0.011368076555055229,0.004244563310371152,0.02555004825269025,0.012950850668979053,0.00807723767608115,0.011479587400084812
2023-05-30,-0.023215028597545873,-0.011538427104755278,0.006190554546333882,0.004323061726059452,0.007840808907646268,-0.009652477650522573,-0.003689947281986461,0.0075137001975480455,0.004535353929266073,0.0003810070256642373,0.009991027720899437,0.0037829574125525234
2023-05-31,-0.011210728156525573,-0.00933857845183761,0.0015382006614657051,-0.003093939023988246,0.0037871568112433085,-0.00989669621916911,-0.009857382908778467,0.0032628841748352233,-0.005686251343565818,-0.00554522904591459,0.008716999280762083,0.005025148223565479
2023-06-01,0.016326563281403583,0.017805794202613523,0.00789813034647624,0.006006248266700487,0.002780744040071337,0.014690276027418347,0.01081855332793591,0.003066995099191727,0.011552084170876942,0.00950084480126856,0.0039233630075365955,0.0001250591474375451
2023-06-02,0.012940587848446095,0.01723696630576632,-0.014747450675273721,0.005121518208962783,-0.007951333926090598,0.013134416825846928,0.036265483068687265,-0.002695134458043369,0.007499878612083677,0.014461322160031598,-0.010958079247413877,0.02437198122174533
2023-06-05,-0.002643225168556196,-0.0002530715836245312,0.006020416015011243,-0.0008048334811686653,-0.0003083811301095585,-0.00589278542889371,-0.013405152421435473,-0.0021433492995609482,0.0007048878140298864,-0.0019163533102455332,-0.001862751681911523,-0.006954678913162371
2023-06-06,0.001325115162025714,0.008854240110382161,0.0010980396887689814,0.0016104240141825432,0.0006170387555530787,0.008595028686439354,0.026339207343933024,0.0019611432220385527,-0.00016912733094176513,0.0021775033235322816,0.005893716689723272,0.009583623845329292
2023-06-07,0.0039700846666905765,-0.004296232602627015,-0.012010543410059138,-0.005492851763743478,-0.00729363214814005,-0.009823665938822002,0.018710306261150667,-0.00894764419974825,-0.016965160607664065,-0.0034578449626688768,-0.014843759931727485,0.01837651730202161
2023-06-08,0.0017573450792183198,0.007106594573838221,0.013211240429905624,0.006331577463791982,0.006726031091224494,0.01043543951002035,-0.0037385090138298827,0.006677357627155489,0.012413248742872751,0.006048684424669215,0.011697070435782608,-0.006214237202383455
2023-06-09,-0.006140347859392992,0.004536287526857974,-0.0026845203333208945,0.0002676076889220891,-0.003597538606101236,-0.0005986665650777878,-0.008094561423555802,-0.0026159147091067148,0.003822772201565794,0.0017942839387634635,-0.0013716168923044725,-0.00577186736264379
2023-06-12,-0.013680418816431672,0.0020069211016295885,-0.0008788640365902101,-0.0010706226536412178,0.001650685174558797,0.0050921179072429545,0.004161434492268912,0.0031848047652223155,0.016896987458470125,0.009071955471165571,0.002943430683288506,0.00024159859938777117
2023-06-13,0.0134227972006975,0.010015221520266238,-0.007367558613950331,0.0012059508497523908,-0.007105984570029977,0.009089640691581247,0.011463772769906955,-0.00448203875272446,0.007683826575924035,0.006592883433256924,-0.009880858701639683,0.00640885405744851
2023-06-14,0.0022075180476721634,0.0074366810118104976,0.0005539277015322863,0.0004012802471786703,0.0013484672639665352,0.0033962743839777154,-0.010748551070821621,0.0030952194490145857,0.007267525143269893,0.00119094050838231,0.008003242926610143,0.0037246401785844263
2023-06-15,0.02114541740986775,0.009350388074251148,0.007030581691497284,0.00481534351478019,0.007768513979144798,0.009713098194422454,0.008229871769674268,0.00869557402816401,0.01191595646412047,0.012397510905234777,0.009606167482442585,0.005266981660025483
2023-06-16,0.012510629890137182,-0.0034128678870971596,-0.0015392159510752013,-0.0025291595787838572,-0.004316770363098188,-0.0018948477700211352,-0.00800269701740719,-0.001760937028185472,-0.0062928458369641005,-0.00340632579065947,-0.0038837537071030326,-0.0007143879146671583
2023-06-20,-0.008947495801277627,-0.019569557668235427,-0.010350739592973501,-0.0026690550048894535,0.002993681603028042,-0.013288570006289024,-0.004355949546879345,0.0036214009215547183,-0.0014316499088620205,-0.005187969984113305,0.0069200926991230816,-0.011796842869546187
2023-06-21,0.01461741438148767,-0.00474056691554714,-0.0014464228474878604,-0.002542657022789885,0.0009262350419430021,0.001479924532689969,-0.002322922938942651,-0.0011103298149598428,-0.013627729921558807,-0.005123923161333477,0.002420062976816739,-0.006029566207464976
2023-06-22,-0.018644135866155764,-0.0035096495694244556,-0.009916979914319946,-0.0029513818451541995,-0.0056557966825814265,-0.006058699606858342,-0.0074174706770188115,-0.005187245756756997,0.011798934326250343,0.003609754182166025,-0.012070362632583875,-0.014314921659961843
2023-06-23,-0.010794440692291518,-0.014591186739874695,0.0027572461643308177,-0.0017490952339078714,0.004136781906789455,-0.016354445417282037,-0.015054685489417241,0.002793160388627758,-0.009913461201696006,-0.007560025582426078,0.0099697165379804,-0.013784842840121492
2023-06-26,0.0013094031849083532,0.0033189166072256082,0.0017396047357047806,0.0005391956068594439,0.002471860947431237,0.000604548176269315,0.000996853294912281,0.001114486806594206,-0.013405408047277856,-0.0040856734564111985,0.0010643415286368807,0.02308777416798291
2023-06-27,-0.016128915830411206,0.010178110714903932,-0.004593535884055422,0.003368171492519556,-0.0034927733242519077,0.008308032142205324,0.014439804043486548,-0.0011132461084937262,0.017194181936344144,0.010963342542120502,-0.0026101531857967153,0.012319876023685117
2023-06-28,-0.0031014602358662158,-0.0060454389916800855,-0.002307409851291853,0.005773107258401078,0.004020189346264802,0.0013485058105640046,0.004908168558632964,0.004364083963477539,0.0019514595717091687,0.0005043897148131471,0.004265041348642695,0.0014459227361158788
2023-06-29,0.0004443888380059047,-0.005321790512973434,-0.001071764681377263,-0.002670065426889634,-0.010267647343879527,-0.0016457955714096473,0.011505589524015702,-0.0075804400829802,-0.0020026385168221417,0.003941383100112272,-0.018048930865001256,0.011170367718058793
2023-06-30,0.008440702184494553,0.007898240424473846,0.006663323502016594,0.004818865187832255,0.002178276218829378,0.011539001224817769,0.004775257552230183,0.007359031895240342,0.015420189761799818,0.011800599811321089,0.011795311763942884,0.005535501009082067
2023-07-03,0.0,0.01112213172542953,0.0011218766110339118,-0.0015671461053122782,-0.004337355550678157,0.0005926082902223406,0.0020291387962712015,-0.00280166238051871,0.002354951893458024,0.0011506872100490728,-0.005669175077582356,0.009813205411119297
2023-07-05,0.006167397413770592,-0.005999996943144015,-0.00353003237800964,-0.0030853340901644266,-0.004794160681235282,-0.011252581835255682,-0.009965330866854138,-0.007163614735532953,-2.6853850553565373e-05,-0.0014871875448859706,-0.009502607277767972,0.0022516975864381727
2023-07-06,-0.002189154261252546,-0.020372171703457065,-0.002980200124891419,-0.0072653343110758994,-0.008168332387991417,-0.017070934123746717,-0.016148237782432684,-0.010119970763353359,-0.007615989998387085,-0.007830776108435522,-0.014142838608126596,-0.007685722857813881
2023-07-07,0.008336903405557372,0.011296527516463373,0.007500997402107412,0.0009485446304671186,-0.0012672130733191178,0.008988374744597794,0.010559258820957762,-0.0009463261339294204,-0.0033199474365541715,-0.0025247200827335226,-0.006019154990963949,-0.002263939201996079
2023-07-10,0.002176007221120324,0.0007615624529844212,0.0007836956455820054,0.0050101707519136784,0.005180672261843489,0.002868647262686208,0.01710779580999766,0.005211142196197782,0.00032741671342639833,0.002531110428062977,0.0013121090425047832,0.004299228216173567
2023-07-11,0.011723600941929702,0.010147231583437888,0.0037476125602418087,0.005388918471797899,0.0021032449234523742,0.009485253541276828,0.010273174535619267,0.004713011291134439,0.004940590061914829,0.006368561257859229,0.005140548935326672,0.014270682598918505
2023-07-12,0.0072961609380322034,0.022350410339244897,0.013541420874312982,0.007772909248060289,0.009760546026251093,0.019090179263363538,0.01090616043914272,0.008818766051674976,0.012630124501521012,0.008045952127361033,0.011131169085891068,0.0053933644662764735
2023-07-13,0.014060695362833497,0.013019058583410903,0.0007146999149643118,0.0059845107475757775,0.008315128393868054,0.015659381524919302,0.008078349272384155,0.007067957476431408,0.016978684394787447,0.007936871259026868,0.010512621583745219,0.006413871029177232
2023-07-14,-0.006722854785878862,-0.005577155710874582,-0.0031866482531699436,-0.007270275880029042,-0.004948072375124735,-0.005907787629537031,-0.009771499153857333,-0.007756997083730566,-0.00021103613595530035,-0.0006228876262921457,-0.005888599382117166,-0.0019698899960853833
2023-07-17,-0.008037050063448459,0.001219263852056729,0.0007165567329587841,0.0018638632043679326,0.001657616987205568,-0.0008697142444796802,0.010703264627633269,0.0016752025599560127,0.009338624487794212,0.0034721662128800457,0.0004935884601497964,-0.006501903383883789
2023-07-18,0.013219541238917998,-0.0073064758190750645,0.011456278139590825,0.002790947838057667,0.001138077437742524,0.006383215498012351,0.012346351691582047,0.0025087206375136173,0.008180836614498421,0.007430716236365598,0.00453932617385866,-0.005492414189460448
2023-07-19,0.005471338016519001,-0.0019626075611838267,0.00016335645500209495,0.0007954635259244114,0.0034083623250498185,0.0005766334284122987,0.004235429604820595,0.005653208816342126,-0.0002335302546957463,0.002223685115143148,0.011296576068949626,0.01128077080217027
2023-07-20,0.002930094709358233,-0.007374626835165432,-0.005063389149303599,-0.004370512819154904,-0.007927095197441836,-0.005618786436088041,-0.008739987239469893,-0.0067274268774656365,-0.02305196057011405,-0.006634379992155881,-0.012141565827628487,-0.0032535960128076136
2023-07-21,0.005425758589981067,-0.0014858832011622747,-0.0030645332195952113,0.002527108199827932,0.0008302270755307095,0.0013040945901352519,-0.003178072189576553,0.0017630095765530651,-0.0029992297608312235,0.0,0.0002946086369139955,0.0046631102281140535
2023-07-24,0.017849668116340034,0.013640915285673572,-0.00428147332668416,-0.0017245479443075418,-0.002384987907121938,-0.0026046121967814306,0.0024683448335212077,-0.0012041426182112236,0.0015973969274891697,0.004467278688771392,-0.0036368571221951917,0.00823853469366198
2023-07-25,0.003670547338704422,0.00831905504294661,0.005567859975791123,-0.0006643426680662534,-0.0018711409566465331,0.002176148171393333,-0.00010272232741659337,-0.0015764182926074621,0.0067777390981305086,0.0027300642629641825,-0.001874625219364101,-0.007135254449169071
2023-07-26,-0.004876076388882766,0.005823825423701967,0.0048791150253855164,0.003989769530801768,0.0034367397150356638,0.002895150370896049,0.007900820772717587,0.004643611367942002,-0.0033264729344095745,0.00015359036149908967,0.0009884317006694232,0.004520581048997441
2023-07-27,-0.002450028990556574,-0.012304022000903858,-0.01571197400361901,-0.007948182198077691,-0.010896752081843486,-0.0023094101848066817,-0.01292893516941851,-0.012202786795381448,-0.002383853405651948,-0.0066298650576926965,-0.019453002347019188,-0.021694002918347555
2023-07-28,0.006140026750909744,0.02418166513765807,0.007981390400291666,0.005742184426960506,0.003252638256885154,0.006655028264918705,0.01294355040353623,0.006551106992341182,0.01821468260368797,0.009790250403035161,0.0051358905031528845,-0.0008257790158499034
2023-07-31,0.004068371258910686,0.0004770824019875164,0.0026944104889450315,0.00238968232975334,0.0012548907564025047,-0.00043108035713490533,0.011607252196425888,0.0027893553535802695,0.000521269542155256,0.001904006488931298,0.0024048152414635204,0.006492915440395652
2023-08-01,-0.005267470340297176,-0.012634225959464063,-0.010364679607279714,-0.0049507566667141845,-0.00584284322737072,-0.011358825762761149,-0.00457956641119972,-0.009964604856812942,-0.0023194218884541318,-0.002861663788782054,-0.016386992823386293,-0.0016420622538673157
2023-08-02,-0.015071350951825324,-0.023901337498752784,-0.004765602229612864,-0.004279759182816978,-0.002001740299632293,-0.018324610014903375,-0.013599591040488579,-0.006108347217336552,-0.021944196206930777,-0.013910644931830474,-0.010699000381023227,-0.005756571701581281
2023-08-03,0.00951206608930999,0.003957353928980556,-0.0003341470787491252,-0.003223912667473794,-0.007387537865096716,-0.0029629185288366777,-0.0028190944815815744,-0.008982663142555358,-0.0016026046773319758,-0.002865770779918231,-0.02307124115417647,-0.010870951646633986
2023-08-04,0.0016387355342024623,-0.0012317796127671032,0.003620414278603157,0.005929285476528046,0.010632754437149616,0.003268846538787784,-0.002004489610079707,0.010399921072971718,-0.004681939316530492,-0.004522845614455817,0.017712315651350563,-0.00812325482648879
2023-08-07,0.0004088576678946687,-0.0014800188408077286,-0.0022753962847783527,0.0018756860405810816,-0.002419897442023422,0.008293936122940826,0.000669694398825138,-0.0024553306038823663,0.008466966847697766,0.00872854200513884,-0.009841717612860346,0.012525561671716368
2023-08-08,-0.0012264280274791872,-0.012104786113739552,-0.006341080194621318,0.0021389521901378217,0.00506232593687006,-0.006462972837098735,-0.006279004044969505,0.00397586720426002,-0.008502552268350394,-0.004348738576381628,0.011613260900147582,-0.006423164247108759
2023-08-09,0.006958679146856994,0.0025006237545293075,-0.00475820704444585,0.00013334017734245585,0.0006296253855984091,0.00014781475511416176,-0.007820544524889117,0.0009428900855079636,-0.01099444290575724,-0.006685220613193099,0.005171285881380383,-0.00011974820392823826
2023-08-10,-0.005284511944357417,0.0014968350727275759,-0.0010686044760203073,-0.0002666448002198729,-0.007655373956249489,0.0033997888339820648,-0.004437074065460678,-0.007064973959441612,0.0018482307133491638,0.0003589579192881942,-0.0164629974574797,-0.003831291602224063
2023-08-11,-0.001634717303160782,-0.014694933716110636,0.0,-0.0014679996955190289,-0.005283527984364822,-0.0067766611009385525,0.0014157022018292942,-0.0034148831518953093,-0.006375562403167057,-0.0005832563042593719,-0.002301358958794686,0.0015623946021727786
2023-08-14,-0.004912003563220413,-0.0048030852499981735,-0.003040588549344525,-0.00013355401657200172,-0.0015936727078049717,-0.0038564016353294095,-0.0017279115119395172,-0.00038099309440886575,0.011221994283275416,0.005520128959737747,-0.002201701949145929,-0.006600239545373476
2023-08-15,-0.011929189745075286,-0.011429862246587152,-0.002654474343068869,-0.0032077340232102847,-0.001915228890240428,-0.01265640048308403,-0.013217296902392373,-0.005237384220614372,-0.010611491084042246,-0.01164892181516286,-0.006094850962486742,-0.011234529896989476
2023-08-16,-0.004163220824957459,-0.008992852466240597,-0.005776029417432049,-0.0030839364101467037,-0.003838253096846267,-0.007540290826829277,-0.012224886910654598,-0.004499484937260934,-0.010588938869174114,-0.007337999612684887,-0.007824179937797382,-0.012339827173646456
2023-08-17,0.0025084118513851728,0.002333365563599088,-0.0015378724223797935,-0.0041695200377126485,-0.0012840495156513088,-0.006989815344813244,-0.011784224280698141,-0.00269274352019655,-0.01092296938046522,-0.007620015112598799,-0.004262745335322782,-0.008040345893422507
2023-08-18,0.007089262669616181,-0.006725188492937906,0.00017112823031739666,0.0006756715594771201,0.003000385146496587,-0.0007650359949721297,0.005445004384205809,0.0037607689647665143,-0.0012550564442802559,0.0004812845733705995,0.0035317839271638007,0.003117555060045074
2023-08-21,-0.002484522035810399,0.0023438015778045607,0.002737670236275802,-0.0002704323067230785,-0.006196536254865936,0.0035220124028050304,-0.001462155452445879,-0.005955804702669987,0.01611168953815345,0.006506487935920013,-0.013330843852712548,-0.009199459698308488
2023-08-22,0.0004151485254901832,-0.002078566400184334,0.0016495566176504273,0.0005404736108223229,0.0004299190639216466,-0.0015258693156430247,-0.0029828103546508666,0.00309245840186656,-0.001429007394455617,-0.002708656253469499,0.007674345371699642,0.0028858225482402133
2023-08-23,0.002074700426024201,0.015881324704350108,0.01016464068195777,0.008095683934837616,0.010853168846469252,0.010545678516999502,0.01066174058894731,0.01406537633172289,0.015768514426631075,0.011137688490058029,0.02477708375936083,0.015763728464471605
2023-08-24,0.0008280537164888635,-0.0038441278341198037,-0.00022482031744353037,-0.005487706493349953,-0.0037208242259346713,-0.013611723822697042,-0.013832699821457517,-0.0034200726273438953,-0.02137560141197592,-0.013858995566344734,-0.006593885457279902,-0.0038182505275938805
2023-08-25,0.009929685387181086,0.0010289657043938139,-0.0012932863561120334,0.0041724447004964915,-0.00031989746177263356,0.006746512150986206,0.00425727744581228,0.0005718599246302691,0.007751526481887927,0.00704952975488049,0.0032664016407970564,0.0007420302852960692
2023-08-28,-0.00163864627359267,0.009766121333161015,0.0028713533365909427,0.003753027308871726,0.0027753814177855496,0.010356149409945337,0.00891292347380701,0.003144041119844232,0.007526897916457553,0.006341515538206277,0.0010498862134495912,0.009389582402622443
2023-08-29,0.003692960941964696,0.01272598092472177,0.009768091768254772,0.006275667872491786,0.007131415141136355,0.012511482361360793,0.013951743813212625,0.007978166347925919,0.021840024007488745,0.014454710644251412,0.010386559074015311,0.012117519610788774
2023-08-30,0.0012266061837875597,-0.0032672015920539588,0.0025018747942815445,-0.0003981962052241883,-0.00010579465284354939,-0.00029775985275681816,0.0037720378095333906,-0.0014136027963295161,0.00557677218056174,0.004118985108446438,-0.0010385309935165843,0.0036279204759832595
2023-08-31,0.0040832333692204514,-0.012355061416130408,-0.0016637258183913595,-0.0006635724996395531,0.002008281447434479,-0.0035741824811308387,-0.0017465760044687029,0.0016984994550419685,0.002998433462773953,-0.0014634497367509436,0.004469534262339536,-0.007350342959819622
2023-09-01,0.01179335520277669,0.011743674667923587,0.0004999240959600026,0.0018813705080429344,-0.006112638360663114,-0.00014930345412422774,0.01187624605556592,-0.007118293305547363,-0.0010583368654937253,0.0018651049890316962,-0.015578359466844494,0.0016996735370671257
2023-09-05,0.00482333655227718,-0.008074583476718522,-0.008161685723844458,-0.0065268165856657845,-0.006065078441427119,-0.008819272993204286,-0.021063519021094712,-0.007140939228217236,0.0012712841233053496,-0.00432183474577752,-0.014022624412655338,-0.011633567390760269
2023-09-06,0.002399786786330349,-0.005596640232500394,-0.004534245193468567,-0.0024135310710257096,-0.002569675616788114,-0.002412848018415903,-0.003746880829354371,-0.000959000352304118,-0.008807885063728538,-0.006722467457818904,0.002459472781702221,-0.002084373419207197
2023-09-07,-0.0019950491550168037,-0.011767708779836239,0.0010684498647577367,0.0033598815682271965,0.0034347930078915123,-0.0034770698214209306,-0.009670589467161816,0.00441540791706041,-0.007151626551757939,-0.003070172124675863,0.002773718410616688,0.006266077783808166
2023-09-08,0.001999037332758302,0.0020709281277788705,0.0003370270596214642,-0.0004018781198471544,0.00021386735146977642,-0.0016685764072119635,-0.0022242846551432383,0.0007644472369456867,0.0013975833115265068,0.0015059559313987947,0.0038289574396654924,-0.0039071780274482215
2023-09-11,0.005985669137452021,0.012399889486753635,0.001853109993606994,0.0017422899628691813,-0.0017106620312822285,0.010636837234635488,0.002392302109521127,-0.0019096988170623774,0.011782895541466276,0.006576820024663421,-0.007205305155794761,0.00012261052791640026
2023-09-12,0.0035700843062613785,-0.0030620038621892443,-0.005156651253074851,-0.001605243993318517,0.0013924451842350916,-0.004360455052712986,-0.0009763605303053646,-0.0002869663399291955,-0.01108861540878725,-0.005485661206862336,0.0057635034724288214,-0.0004904852674709748
2023-09-13,0.0031620905330882465,-0.0012797013925763823,-0.0023100098564432514,0.0026796689232362336,0.0011765296979542317,-0.0034732065535778567,-0.00656965089845607,0.0022009506832263437,0.003809112920421187,0.0011659501027332375,-0.0002121038888249771,-0.01091335684973982
2023-09-14,0.008274226909089855,0.006663140985232019,0.0005082241752882855,0.001202616605755491,-0.0022438751897145837,0.013183819311741507,0.01410061464173551,-0.0018140638128013586,0.00817739002650475,0.008622343756891526,-0.007218166607353305,0.01810061445577338
2023-09-15,-0.0023446280541383757,-0.0038186834081931353,0.006603816566220333,-0.003736875288895769,-0.003105666224486381,-0.002841865216661854,-0.01045533048689562,-0.0015308280887694758,-0.01712327248667822,-0.012048226489278613,-0.006094307610722383,-0.003775009127624851
2023-09-18,-0.00039164703666405565,-0.0012778433237842224,0.005887647601878543,0.0006697684292462647,0.0009669411506858516,-0.004199652827040268,-0.006644404617361821,0.0019163468143359452,0.0010425735058179342,0.0005865187372269265,0.005701581909223652,-0.008922933794956345
2023-09-19,0.0007836863465087163,-0.005885308141196921,-0.0009476457412548323,-0.003079414793330515,-0.0036486451100550266,0.0013556304781525697,-0.003892901785321201,-0.0033471519274737016,-0.002131377828947123,-0.002073977796412607,-0.007380512688713536,-0.00456342193038739
2023-09-20,-0.008222476241435461,-0.004118506653428278,0.0007253927124595272,-0.0008056887894345444,-0.0007541799445720532,-0.0027075904641494786,-0.010017590073306382,0.0003840492104618676,-0.014410337300526987,-0.009193249304855433,0.0031248528349956395,0.0008671076369264341
2023-09-21,-0.0031583453838240905,-0.017317075329024822,-0.007248413758109917,-0.007123583110126064,-0.007437798049842348,-0.015535511994349327,-0.015511872175654196,-0.010070985165113178,-0.018324634429669584,-0.01652838904953513,-0.025674170490478043,-0.03404295625635556
2023-09-22,0.000792066460753027,0.011835815909844172,0.0032013033173832195,0.0017595019959890656,0.003909555589098002,0.0004597367709837652,-0.002259203781585839,0.006104180270513737,0.00013985586029763297,-0.002248697745981687,0.00804854184070658,-0.007561191492155728
2023-09-25,-0.00474863752799759,-0.004418972733193249,-0.005150588926742139,-0.001351360353561537,-0.007355707348572493,-0.004441063423224256,0.0044717878784288345,-0.009726754321024988,0.004749853768216683,0.004205448897328878,-0.024608730877157092,-0.0009038312062032983
2023-09-26,-0.0011928669863643382,-0.014099209208133345,-0.007990985893820302,-0.004330204798484449,-0.00032734831348912863,-0.013228764883461253,-0.012857438265250098,-0.002820011358356189,-0.01501638921792714,-0.014691463645056468,-0.003476379173284583,-0.018224219822047916
2023-09-27,0.005573245230943602,0.0015888742534477807,-0.012366647894697436,-0.0013587749765751056,-0.004469626935852622,-0.0017146795035462015,0.009348642407777774,-0.004681279116649062,0.0023433646643593598,0.00039915724296024635,-0.0051761322243375485,-0.006714119530896956
2023-09-28,-0.0011877586846983368,0.0026442102776538245,-0.004997187509914736,0.004762991800497218,0.002737825258665394,0.008119815755374571,0.00903439419717511,0.001763548943955584,0.008365213466935195,0.005797483394306857,0.0030543332942083445,0.00959567620501045
2023-09-29,-0.01070141752308007,0.0007911925575232459,-0.01027534966921384,-0.0014897402627210843,0.00021826066980934478,-0.003252713781043637,-0.004730213364317448,-0.002151681856165877,0.0007262026083676432,-0.0024269367262087504,0.00011273670784262002,0.0029159695435561073
2023-10-02,-0.007612187496099043,-0.005006638357613835,-0.010498705650611395,-0.006068155640347017,-0.008111433399651924,-0.014762986410362555,-0.015106880662043798,-0.00916149414817391,0.008345658163181557,-0.0003976632327141738,-0.01674041765145584,-0.018371608482828705
2023-10-03,-0.00444082817465119,-0.013241518277289033,-0.0028882419805683623,-0.010152491914672712,-0.008277224030734387,-0.012776133959021219,-0.01683232968149173,-0.011520611860134533,-0.01754966104893474,-0.01338616946678628,-0.021511509787721428,-0.019523479055066573
2023-10-04,-0.02798056881627231,-0.0029521712810659517,-0.00011825651470720455,0.005128159380746622,0.006342872644807818,0.0011183860667642875,0.0004674922583611796,0.008741374963041393,0.013608755788081073,0.0072821468648085474,0.014107577682886951,0.012222096156248474
2023-10-05,-0.005840721687952688,0.003768503782547006,-0.0018327868021307259,0.0009654088397759164,0.001880314906822722,0.009735171141127985,0.0007592055503269357,-0.0011956045037723184,-0.002946649817367031,-0.0003768653615408013,-0.004984520929771863,0.005562351998106951
2023-10-06,0.003776828539280741,0.014481085421779394,0.005153083621109555,0.0013775926672188188,-0.005850104647868837,0.010747611769326593,0.009629548074035599,-0.002991450142877272,0.01675568242429404,0.01187273879671391,-0.01211733369078316,0.0026983470892925077
2023-10-09,0.02090303737540955,-0.0047581256499420466,0.01838544744893622,0.007428911151588835,0.012767934776544587,-0.0026584295291389726,0.00578019080480674,0.012402504569314798,0.005099835592048407,0.006402199626290406,0.023469834197963335,0.010898644047698136
2023-10-10,-0.002457052001563209,0.014342620942419781,-0.0016780958953311886,-0.0002731225470614662,-0.0019733843956675212,0.014581467735838904,0.01132185403746,0.00039530631223683166,0.005537997649344595,0.005204854106252155,-0.001382844643911918,0.004791841805459551
2023-10-11,-0.005747123352511929,0.006284363946679639,0.007303045938392039,-0.0001369574220905223,0.005492117403349539,0.003245173575242344,-0.0017048437026255803,0.006122695904710707,0.007135316822283189,0.004096352843450335,0.02088619953037152,0.01735322737593248
2023-10-12,-0.0004129202475577909,-0.011189327683696071,-0.0030496507265770356,-0.00532771551542377,-0.009612853649713204,-0.008625974379353085,-0.02259916838585385,-0.010404307725732309,-0.0034750544602129008,-0.006096397723817648,-0.02712781763907035,-0.014583225346267659
2023-10-13,0.02643547260379875,-0.003683994429442561,0.03214825984540237,-0.0008242145651931043,0.006397388017996164,-0.009788657888930352,-0.008328553652657056,0.005554482732343935,-0.012570009563301565,-0.0049809725458588305,0.01789232963089704,-0.002510616942181687
2023-10-16,-0.003219351496682399,0.007395663474381475,-0.004864928190345896,-0.00027456358563426875,-0.005918854371822158,0.007374830015668854,0.016150800684152644,-0.006904730229700284,0.011306527237732178,0.010521543831155222,-0.01609394011389731,0.011922031697009894
2023-10-17,0.002825997559017912,-0.0026220244281286442,0.001854273768354009,-0.004674822798552025,-0.009812504452820114,0.000467399030694704,0.011154866933657193,-0.007946093198157311,-0.0032754588275821783,-4.586971646758364e-05,-0.011020798819858735,-0.0014399079332918507
2023-10-18,0.008856539826053167,-0.015247100138763847,0.014470816805260078,-0.0048346833809505,-0.004676639267585436,-0.017593198603844784,-0.020577310387515424,-0.00800940047968135,-0.013117923620041827,-0.013325079766199233,-0.008797571508014301,-0.02123743036654735
2023-10-19,0.010375194616410344,-0.005872819127267892,0.012274016037125302,-0.003609182370648667,-0.004921984794177825,-0.008240777638124142,-0.01593241027302983,-0.008074581315712814,-0.00935679484063634,-0.008786494774798759,-0.02047358527503851,-0.023707731295164347
2023-10-20,-0.007503957773650871,-0.012083827669084668,0.0027308974274993236,0.0020893711378993096,0.005846011425713504,-0.009427883305457074,-0.0129283889024715,0.003968178808072542,-0.01491784713406552,-0.012288038062324036,0.005678345623629788,-0.006722366371886945
2023-10-23,-0.006366876462412074,-0.0008154938739913797,-0.0033770637265356784,0.0040318523395863615,0.004694224635070965,0.00048386141486300716,-0.008471540562445257,0.007804144511132982,0.0030174466004155853,-0.0017333112969986075,0.012013647670257477,-0.009806616858389905
2023-10-24,-0.010812932378117424,0.01278568491145049,-0.0001093308866343401,0.005123188045991656,0.0017803607032220725,0.006127084305354247,0.00872574466394238,0.005631395658320937,0.009728083134687315,0.0075394157759287594,0.013176370706650342,0.012832894266599393
2023-10-25,0.0072873317520929515,-0.013161366292162358,0.004208823642007475,-0.005372967275735219,-0.00877336352267899,-0.008814169581232045,-0.016519378452773403,-0.009099995625571622,-0.02447590303384639,-0.014352073589537051,-0.022261507531766367,-0.021484462774068458
2023-10-26,-0.008440422987970986,-0.004899399999889087,0.0015784524505007003,0.003463040854906785,0.007618449427380991,-0.006143858284781256,0.0025654240558392605,0.007266075019018325,-0.01906719483451491,-0.011974705602927127,0.015338982307810278,0.019141474431852545
2023-10-27,0.013376664244641123,-0.000820512729039824,0.011629799758343662,-0.0012424043394588802,0.001556441362221328,-0.002765616218883382,-0.011758439081388072,-0.002003690839896266,0.004801264015425355,-0.004532675832127131,-0.004248905440588091,-0.016019890130357206
2023-10-30,-0.016000089245747917,0.01040240259539571,-0.00564054701797434,0.0002763458928416451,-0.0033303514245023313,0.01321374910471218,0.005548291396337612,-0.0030116554591405054,0.01126545271022561,0.01195582424779329,-0.00450417627631039,0.006315806981648464
2023-10-31,-0.0036585218955086374,-0.005689566793884326,-0.005456562573315948,0.0026252563599311607,-0.0021162365718429,0.004025123137935571,0.008644493038323153,-0.0014097982983929391,0.004782315107156876,0.006280136408222559,-0.004881225156673774,0.017015176474956428
2023-11-01,0.001631960612482164,0.009264300032761907,-0.003150642851826202,0.009531170292901292,0.011517550606281457,0.009300814024966186,0.005713635894788238,0.014310880004108961,0.01735665997624447,0.01066477903491414,0.021682136273885266,0.006171393360604904
2023-11-02,0.01059063826947182,0.017548641476252236,0.0033240729584831374,0.011253186047990527,0.006196794487143276,0.020654545742170072,0.02665278357818135,0.011873834202883904,0.018153444046031808,0.01916443813421065,0.022796419938291734,0.03284696938951015
2023-11-03,-0.005239782121878145,0.020429756012789513,0.003638921283475316,0.009770682161764688,0.007698128991755704,0.011830690811624134,0.027197358042618136,0.004930385631637613,0.01174880626317032,0.009123406161047232,0.006778890351142763,0.023884862454530476
2023-11-06,0.004051798395507289,0.008060371129545718,-0.007792560392528847,-0.004031617564517642,-0.005783997561549681,-0.005230716305092531,-0.012493645552344668,-0.00529846026837244,0.0040793301126369474,0.0023003196365138923,-0.009699838323275367,-0.01443474457928029
2023-11-07,-0.0213881798975184,-0.0018054661238564584,-0.0041451308444239165,0.00013468834984564637,0.0057079073427890314,-0.006650121350214366,-0.0035399475828045146,0.007990441043105978,0.009452593099990692,0.0028461353693269853,0.014749832335588353,-0.008238723144699422
2023-11-08,-0.011133975823464315,-0.006718342007852263,-0.00996764391222027,0.0005397384648089254,0.004038310339132156,-0.0017126728424768922,-0.010658300058086212,0.005088679599888568,0.0006440470054718261,0.0007323487144050844,0.017033834294494454,0.0032966314672375763
2023-11-09,-0.0025021354651306726,-0.009365238578938562,0.003982968433291267,-0.00620264567602391,-0.009892108274033973,0.0,-0.015482352129447152,-0.01012632459416185,-0.00769580403049952,-0.007798678313531648,-0.02300166222054023,-0.015770696434165066
2023-11-10,0.005016732613662533,0.007090385097443752,-0.010909752197912126,0.004884500415353932,0.0010976356455312253,0.004990645209148159,0.011181642857517549,0.005016526467349625,0.022482266272755735,0.015604804223986024,0.00560033188003306,0.009346721303802763
2023-11-13,0.014558969290883628,-0.0002608091524244349,0.005570720464602941,-0.0009454544855811431,-0.0005482160812533277,0.002482866796314376,0.00035468904852153926,9.818776735537327e-05,-0.0031185935338539084,-0.0009532018918092522,-0.0022729212419739797,-0.008334306743735698
2023-11-14,-0.0016399901018137042,0.02660394558148549,0.008919177105678688,0.010136731510638874,0.015033359091354503,0.026315845243884972,0.054915351256624945,0.015658421299010516,0.02152664345367694,0.01940071592589887,0.022667573756587567,0.055496462152029524
2023-11-15,-0.006570736349830297,0.008384297328533519,-0.002635601473798599,-0.003210867350226798,-0.0077835376901862485,-0.0009050013290623493,0.0017369862344960296,-0.005203231454080415,0.0007526620523301553,0.0021169503459899097,-0.014034040848196372,0.0029069190982231596
2023-11-16,-0.023976822569981793,-0.009574193659690922,0.011286077178189302,0.001342054014897398,0.00751808792012465,-0.0025663991666671215,-0.016165938443604033,0.008233248117594405,0.0008558139922900665,0.0012232599966190971,0.012426500399275842,-0.0021422915314960322
2023-11-17,0.014400721300370956,0.0012717845991301324,-0.00010890234740634774,0.0022788660452228715,0.0006485024475144652,0.013924554394668442,0.013702389000172177,0.0028820658741484095,0.00023298565547302807,0.0012438031266428506,0.0046863955837470606,-0.0007578253637298138
2023-11-20,0.012525983596662016,0.012449232322192527,-0.0016333808174913145,0.0010697431032264948,0.0014051925166560508,0.003881279288182604,0.0058332372449731995,0.00402326451494428,0.012175011838875927,0.007697611486473965,0.006108362700581127,0.007330532913720544
2023-11-21,0.005773102766224891,-0.006273471053020008,0.01079790063288577,0.0013358954287123748,0.0012948818556623998,-0.003866273202080883,-0.012881320922561335,0.00028625895102130094,-0.0058093661225069315,-0.002179515581027358,-0.00044159284658451536,-0.007026401413782968
2023-11-22,-0.008610082035238609,-0.0020200978482000087,-0.004262252597287075,0.0017348119986979604,-0.00032334646269949197,0.0022392305538605495,0.006270577254076537,0.004006156786416026,0.004092802790367944,0.0038608599683718214,0.0035339332566073356,0.00492782835254979
2023-11-24,-0.006616932740976411,0.000505969376373594,0.005201596914642392,-0.0010655582231570149,-0.005175306093015863,0.007893883642825283,0.006736595026515246,-0.0051302319844820365,-0.0014099886035172648,0.0006152513608193022,-0.011775034988912525,0.0028922487795668417
2023-11-27,-0.006661189603885398,-0.004046635732173898,0.006737817869841178,0.0014664295975592712,0.0075866029828279835,-0.00339878420157258,-0.003345889557247461,0.008117050523489322,-0.0008729177968259672,-0.0018008277476846413,0.016704060473714533,0.0036359085758745913
2023-11-28,0.012154357296773943,0.008379935681307904,0.013331852960406732,0.004393542778161175,0.004409888434695919,0.0005930124676565285,-0.0038605194794264497,0.003978454284827793,0.0026209618608121765,0.0009900209617765832,0.001971300928257369,0.006620885078274297
2023-11-29,0.007039268584428715,-0.005791834712908561,0.0014794398574642376,0.005434913125442753,0.005247539348340435,0.0023711973633715466,0.0052796660864227185,0.008113880339552626,-0.0009738998023978152,-0.0007033722874079107,0.012570835090887744,0.006949459614784548
2023-11-30,-0.016858504741689595,0.0020263409875160843,-0.004167950375202456,-0.001845711050048049,-0.004900642863048366,-0.0013305781317208831,0.0037995347933643675,-0.005240954682483867,-0.0025138968583351406,0.003937471768640233,-0.011551307112308007,0.007271463478579099
2023-12-01,-0.004600556677837653,0.004297112327740216,0.017271494075951965,0.008279123961830726,0.009435284797822074,0.010510611486677979,0.029221729813164288,0.012040104812980568,0.0028545928492063055,0.00591582494524312,0.018834471419805876,0.024593126839537183
2023-12-04,-0.006722854785878862,-0.011326498464621748,-0.02161342646325959,-0.002499718171266929,-0.004146933325720359,-0.008057367988449471,0.01070799412553436,-0.004572118486214305,-0.009283562501864129,-0.005249227870669837,-0.003979035200539771,0.007284481770607476
2023-12-05,-0.008883152352238133,-0.006109872700522656,-0.0037794459254785195,0.0009233289256349586,0.007047538534900255,-0.0029537904485755773,-0.013376911911169631,0.007967751410879798,0.002510985159725365,-0.00019711475426964498,0.021485417648779093,-0.006639053906620451
2023-12-06,-0.02432771785445531,-0.0012807891030613971,0.0036868953454944897,0.00013176612780840813,0.004135322770561167,0.0031107634837748144,-0.0017896419500911254,0.003719900098664075,-0.005783882761063008,-0.004029718139783034,0.013318107827980263,-0.002983547609919923
2023-12-07,0.001749752925317427,0.00487309383598622,0.0016503277504122948,0.0017133053114863905,-0.0014784575158267588,0.004872920747573728,0.00722588562856652,9.275789613272245e-05,0.01397229207913031,0.007630204593409351,-0.005737095956834137,0.0028728966506448295
2023-12-08,0.004366741594414858,-0.004338997748735363,-0.01334039111485108,-0.0019735358436703265,-0.006450933194351083,0.0029390323171016863,0.007605605256527426,-0.005373545442873939,0.004456744667819201,0.004299270563649538,-0.008182952298118606,-0.0016713046416407806
2023-12-11,-0.003478204853723299,0.0058959729745007294,-0.011042895165362276,-0.0006589175373560296,0.00010630270402778308,0.0014651794665527795,0.0020879043726207414,-0.00027904706249570754,0.008542033338050148,0.0038893703552540515,-0.00211575095770411,0.0027502258511851174
2023-12-12,-0.015270496983450621,0.000254789904793995,-0.0005446421195114404,0.0022423686439869694,0.0021286414367152062,0.0013166351559188438,-0.0010151163353286918,0.005683209378222864,0.00796423177365213,0.004567333162561749,0.0029682961668267005,-0.0005963392353305341
2023-12-13,0.011519626701075314,0.009936248136421355,0.022562533466176538,0.015267078007983326,0.014868576438709091,0.01519601445666896,0.033850199848554086,0.016768402992565212,0.012717347930255585,0.01379016767742458,0.023462055349230626,0.03829631361328989
2023-12-14,0.01664478430371763,0.014631883285475489,0.005862552982469849,0.004416406976646137,0.008312266750483577,0.008635448233167642,0.027827980676375486,0.010634975478970299,-0.000866821403302187,0.003209417423202021,0.026013010905459266,0.02884048786133797
2023-12-15,0.0017234612178043118,-0.005967277612124233,-0.009166511771857233,-0.0022050964641577853,-0.0008325445264719677,-0.009845885139864619,-0.008404135309590721,-0.0014477152843266339,0.00483391919206011,-0.0016465391578902588,0.001110792887494716,-0.014071611945440043
2023-12-18,0.007174652976920104,-0.0005002498190710414,0.004545487184575592,0.000650149409874734,-0.0021879904208921275,0.002594042717644074,0.000355307133911964,-0.004168282184392802,0.006298606304482313,0.005625003373203041,-0.007967920349522428,-0.002265724579514572
2023-12-19,0.007616504171877647,0.008508503301444925,0.00681394057869511,0.0028581486938941136,0.001879434484217457,0.008912063899229716,0.01937993739657773,0.0012740401693878134,0.00510960147489703,0.0060809369689176496,0.005388479464433882,0.007606897258754186
2023-12-20,-0.01156062104817579,-0.018001618388911123,-0.005445982936102989,0.00012919506778819034,0.004897996598713705,-0.00985244036032229,-0.019560886617744244,0.002635187394906202,-0.0148598245425412,-0.013857245040514887,0.006774913585070985,-0.012169104198736402
2023-12-21,0.001799330043841696,0.018795075151257334,0.007070635455129759,0.004533423564505368,-0.0015556947961522516,0.017362057506368433,0.017016559767663697,-0.00036226772312919486,0.011635544345879767,0.009481977024365706,-0.0063274774917579935,0.008868175747900109
2023-12-22,-0.0017960982702622807,-0.004801705116329602,0.004434417088942322,-0.0011608071030048128,-0.0009348370339865575,0.0010038130579486104,0.009317713298325758,-0.0017227611162253798,0.001495885463277391,0.0020096247908722997,-0.004548959908828865,0.003891437921317964
2023-12-26,0.009896502087447079,0.007872021771909266,0.007620733251079592,0.0019365185432675958,0.0006239505566063563,0.004011577408414846,0.013003873763040907,0.002088758556841208,0.006121784991342194,0.004222529656742857,0.0028435130819783883,0.0074109574607770234
2023-12-27,-0.004454336185406027,0.005794836561460848,0.004537842226414179,0.004121987624366552,0.007791908624410704,0.005564857758036945,0.003527707985727657,0.009335751485555654,0.002035667227989091,0.0018080762052081756,0.017719604688034574,0.004866289010992286
2023-12-28,-0.008501114826424794,0.007765737444945131,-0.005815437657636813,-0.003207183595320129,-0.0038141642709266232,-0.0019865444936384424,-0.0038083064267790956,-0.002604177038948552,-0.0004859510217455343,0.0003776187704223055,-0.007262870850322178,0.007095473913797168
2023-12-29,-0.005415135388225134,-0.0004972603945171405,-0.001566841018672216,-0.0038614030608477012,-0.0024839259087400256,0.0002843569582695604,-0.016320266464323052,-0.0036913675555374503,-0.0043278245110708324,-0.0028949028507130325,-0.009019832965870722,-0.011854086474103687
2024-01-02,-0.00816697521799059,-0.011688597730385553,-0.002353909884146743,-0.0033596332732014345,-0.0037346540555265317,-0.01094532860702957,-0.005929037145369076,-0.006777405582704232,-0.016922277935316643,-0.005596341284971551,-0.005764497256214529,0.008601141102695165
2024-01-03,0.012808687205041025,-0.005536000460611978,-0.008336809604204354,-0.002722830589398151,0.002394894756455823,-0.008191998871009964,-0.02666401877809954,-0.002274728410752491,-0.01058142341167334,-0.00816678086424405,0.004170185023793849,-0.023900463423338514
2024-01-04,-0.005419933705712254,-0.0032895019854526364,0.0010046128932528209,-0.0039000575754832845,-0.006025082936121806,0.0026084016905403296,-0.001956552287650015,-0.005562533726519048,-0.0051465174581203366,-0.0032210589990262495,-0.01519439040727244,-0.001839264506478533
2024-01-05,0.004995347013218243,0.0012694077207611176,0.00015845540955172766,0.000783178122180983,-0.003658121609301457,0.00014452106110618423,-0.0029409040273413734,-0.003576331289744661,0.0011860516649182529,0.0013698569630815616,-0.009565897021603598,-0.0025336487466195434
2024-01-08,-0.014459968963474679,0.0027891564089945753,-0.007816271130823282,0.005607690315251768,0.003356633327271208,0.010982604756420766,0.018007689052015552,0.007638590981102311,0.020668051100396267,0.01427583747941985,0.009865946734162412,0.014316934689390326
2024-01-09,0.007336016124552147,-0.014159341979740891,0.0003193567900841021,0.0015562907534689696,-0.0004179709962227607,-0.008290549725402774,-0.00894630984062339,0.0017353486327937873,0.001975473107408421,-0.0015170151404344523,-0.006375924771161889,-0.006715987433986603
2024-01-10,-0.006827434895673279,-0.002308272281947521,-0.00228804710551489,0.0018127208855587273,-0.0015689511518908184,0.005621358757257777,0.0005641968042726653,-0.0012765953550577525,0.0067775238095817425,0.005655330884172471,-0.004657286529182514,0.0011459834602369767
2024-01-11,0.007332749317474185,0.004113066446414626,0.0019733072916665595,0.0032313674481965204,0.00534245415881851,-0.0004299589685911043,-0.007842923218708386,0.0060252621565084485,0.0020808935077254453,-0.0004405746552900158,0.005614928643903783,-0.009271840651887242
2024-01-12,0.003639685755497668,0.003584165521716365,0.009794068475553752,0.0010305246950219615,0.0027092972691014072,0.004158175157276567,-0.001653304665405253,0.0021778406874375378,0.0005130000591690997,0.0006925992455328878,-0.0019644995055813075,0.006008093214075139
2024-01-16,-0.008612775953441343,-0.024234730061816756,-0.009488181898979597,-0.006306368029258103,-0.008105588073882286,-0.017563688864252303,-0.012368732344910982,-0.01014127172208168,-9.778616786781935e-05,-0.0036711875543855577,-0.01761296600618445,-0.007350487121025151
2024-01-17,-0.0013718063316373597,-0.014901920839127447,-0.01101595063528893,-0.004274172839329626,-0.0032479173075421475,-0.009593053162786469,-0.007126467849170259,-0.002103815107401208,-0.005640734197306152,-0.005558678096042824,-0.001582250269922314,-0.01828060832983991
2024-01-18,0.006410208254981953,0.008227287932465188,0.008232882099906247,0.0020812251272834814,-0.0022073658216698044,0.008951990813716781,0.005910985133428692,-0.0019249810497571351,0.014194295731618567,0.0088928137351314,-0.009295222203885567,-0.005421444962763533
2024-01-19,-0.0018197956348715572,0.010528973656980689,0.00298872590696031,0.0016875043817101698,0.00010558895253232059,0.0020363631689281902,0.009601237157143228,0.00101011809050644,0.019830888661570123,0.012466143976723965,0.003198720511795372,0.011968358035566062
2024-01-22,0.0041020996472473925,-0.008856509274342894,-0.003777957126316789,0.0007775962827432092,0.0030543823724451524,0.0034838479165568703,0.021358440669380085,0.0027526390367198506,0.0013059628371634435,0.002114553836011668,0.0059517471501882024,0.005971904133292405
2024-01-23,0.005447090137128852,0.00867293060173191,0.0038991332271092194,-0.001165432286339696,-0.00251992431924164,-0.002603755458866819,-0.002900124663260617,-0.0036601359439684122,0.004149530899691056,0.0029163914316592265,-0.00792449277491869,-0.006867933226235912
2024-01-24,0.008577874209492853,0.011203775281217299,-0.008246890539639895,-0.0005185245582782771,-0.002842596918300355,0.007251561649785687,-0.00821542685485821,-0.0019285939140849528,0.005549285978610374,0.0010930948114631356,-0.0058570105060608,-0.014299092475091424
2024-01-25,0.0076096849013893575,0.0012882752726492974,0.003969986681303217,0.007652316996297204,0.004328744596242995,0.0025917584038623875,0.008283479172100261,0.006624978111814617,0.0012210556305611853,0.0054389542281536585,0.006534651504433775,0.012841960186169121
2024-01-26,0.004442463086574033,0.0007719294778241181,-0.0006946931881827156,-0.0007722806121694958,-0.0017871685076008559,0.004452430492103643,5.10651017111563e-05,-0.002833430471142706,-0.005957580768597537,-0.0012704752559132837,-0.001915635969781282,-0.0028175210866464573
2024-01-29,-0.008403449338189817,0.0005142912803868249,0.0070584854445867595,0.0021898195563345713,0.006002356395852226,0.005433142096590515,0.017501769462796357,0.004124904596717993,0.010240466032208184,0.007919405851761763,0.011516231259549814,0.006592985308212063
2024-01-30,0.006690584106111119,-0.007967211661996099,0.0013805262268788976,-0.0012852036452807303,0.0013610174126770236,-0.001564418213067631,-0.008525126030018648,0.003195071242960701,-0.0066565713220387845,-0.0007734772234796461,0.009066164352629746,-0.009356681729059124
2024-01-31,-0.010633622686239574,-0.0054403184208620115,-0.0007423479101065222,-0.0028313308332016396,0.008362763595937572,-0.0048424471041702555,-0.024429689124923493,0.002548159917825199,-0.01958612286105177,-0.016317261186643006,0.00982020492524982,-0.00956331275894795
2024-02-01,-0.012091366040325902,0.009637993556818492,0.01040067256889099,0.005758805437898085,0.00619403461066903,0.009732255235244791,0.01327238044792578,0.007733447458407872,0.011775327532098423,0.013088092980850563,0.019616127791864946,0.01811908952901775
2024-02-02,-0.01133275849554427,-0.0028380888866734733,-0.009453300862028224,-0.004513790933356465,-0.013013770296041338,-0.00807936516589447,-0.0052702147315346615,-0.009129516110394253,0.01690056666528439,0.010527453650693408,-0.02208892794673112,-0.012410925150679653
2024-02-05,0.004126455507553972,0.0012937120728899743,-0.005513988032274764,-0.0046634964233551734,-0.009732109901170016,-0.005858939934815677,-0.012705057281248489,-0.00957848022958352,-0.001305213843120434,-0.003641178438682169,-0.02019348143977484,-0.020983881047001884
2024-02-06,0.0036530766374169854,0.022739086676178077,0.005224693124019186,0.003644580541363629,0.005389237413919723,0.006180932780973869,0.009013322822372105,0.005618664926683836,-0.002007332951320273,0.0029031442729883228,0.009773532444451893,0.013441510983764449
2024-02-07,0.004549583572933447,0.001263212874159425,-0.0002651978305409086,0.0016854093959401961,-0.0017867542870012576,-0.0005715118692459775,-0.0023236071798776736,-0.0029310817329945005,0.010290359947563221,0.008340531778616933,-0.004839205521038337,-0.0014338417383883417
2024-02-08,0.005434849573781708,-0.005551366644763189,-0.0009018470501077624,-0.0005177320446569933,-0.0032642193081976467,-0.0015722347231115208,0.01516395323507802,-0.005144146331168553,0.0018518202399444572,0.0004416126987571989,-0.005814941817671504,0.008137065964618273
2024-02-09,0.0027026422748446244,0.004313694363198506,-0.003876152075832917,0.002072556952779747,-0.001795640831907308,0.003722277386163153,0.016263121081504073,-0.001292994353005783,0.009843052693760956,0.005779472605553337,-0.002020329170562496,0.001542905603982181
2024-02-12,0.0004492262812021419,0.007832142163042066,-0.0026119694947860372,-0.002197669025917559,0.000952302529610094,0.0015688707655254763,0.01815997601590924,9.252036816631559e-05,-0.0039126534118489875,-0.0004389436551084369,0.0011719111067081123,0.00023692174850786785
2024-02-13,-0.005837505889076056,-0.018801743703712792,-0.013788690196348319,-0.00803193555232573,-0.010995874646733683,-0.01566506490558406,-0.04114108101334901,-0.01100104176006178,-0.015596988955582036,-0.01377296578874554,-0.01713472042848685,-0.020616100689674566
2024-02-14,-0.009485071590870642,0.014307667119009437,-0.0005961123453055439,0.003917639096874259,0.0037415282672166317,0.011429555721821805,0.02322604059479083,0.004673846810790749,0.010897289040519231,0.009087540155708007,0.00508936318779063,0.007863420528589016
2024-02-15,0.0022800257208417385,0.004785881237235667,0.0067238125229136525,0.003512685572759633,0.0027691929926685344,0.011013980795937961,0.026665903568126037,0.0036284064851839215,0.002977633137763558,0.006899762297126744,0.005171361089395976,0.023286671656613578
2024-02-16,0.002274839029344111,0.0047630856748728245,0.0036625695484677756,-0.0029813189008472962,-0.0043547686994912516,0.0012732699106452472,-0.013598022899947826,-0.0036152887480448426,-0.009067643577236661,-0.004980061067652364,-0.005787950258434482,-0.010322523621796309
2024-02-20,-0.005447184408431505,0.0014970650040595501,0.006064210073093879,0.0020801480426906327,0.0017069468133779075,0.003956709298995387,-0.013785710398278361,0.0033494773434277203,-0.007548086517931596,-0.00550532831163153,0.0008626151764428158,-0.0017779542660447678
2024-02-21,0.004107716660821437,0.001743865353942775,5.331256612173263e-05,-0.0018166158189497628,-0.003194929272574809,0.0004222130111861677,-0.0047265091451448304,-0.0025039151706327534,-0.004001815810475873,0.0009059413663115023,-0.007109122758733433,0.005580539148346997
2024-02-22,0.0027273063679502663,0.010196472300724402,0.00042672195902415666,0.004809379137454384,0.00010682728152833221,0.010832802719902723,0.007578089674021626,0.0015803875042559312,0.02927575967591811,0.020695398132963172,0.004881716006747583,0.00188940985290742
2024-02-23,-0.014505945937193232,-0.0004923876863687227,0.005651511902278639,0.000646940443717936,0.004593345748666877,0.001113479214257529,0.0022563047608312736,0.002970102991125101,-0.002944807710958952,0.0006896478630404879,0.01338674553031316,-0.00047151025814140546
2024-02-26,0.009199713833808243,-0.004433475210845694,-0.0022266895335479875,-0.0032319449662560062,-0.0014884972372330996,-0.0012513703927812259,0.006303337146295496,-0.0031462108682837053,-0.0005265589064641363,-0.003662614801545172,-0.0029830535814152626,-0.01096571933256385
2024-02-27,0.007748326304344744,0.00197919720143358,-0.0010626830578386315,0.0012970142615893465,-0.0022365554892995743,0.002644838811198591,0.014168606997609468,-0.0013926996526688606,0.0024051837753356065,0.0018578783907625684,-0.007051976629001699,0.0011923581752752987
2024-02-28,-0.004070465692835756,-0.013086441628662682,0.00180849115899262,-0.0001296668673574919,0.0036290773077740646,-0.005969838625776047,-0.008235201562659555,-9.302781345565947e-05,-0.005324468221248324,-0.0013216868610754773,0.006348753184448386,0.010121305473181463
2024-02-29,-0.0013624616813546764,0.0005004950908247263,0.005150266749304189,0.0018141256895145563,0.0020207859509109305,0.002793475178893612,0.006969102219286594,0.0009299770323971668,0.008569572163620531,0.003594927888951105,0.007057699243305571,0.008487825888199296
2024-03-01,0.005002256710419761,0.012252944776923957,0.018910791174389097,0.0037451349826183034,0.004565263570220468,0.00974930012914732,0.010602345195200424,0.006087297271149872,0.015056634046044737,0.009388311206947497,0.006230729220700004,0.011922479024554677
2024-03-04,0.0031674442438753836,-0.0022233090020050694,0.016174996770490724,-0.00025870594159838056,-0.002224732437925314,-0.00262076128262001,-0.0009228832507570672,-0.0018528340407788502,-0.0035680060710804318,-0.0010724618469014624,-0.004022281184767551,0.009356737620530353
2024-03-05,-0.007668036240995768,-0.00891315151614791,0.006020141664404566,-0.000778088806783761,0.00615795089229465,-0.002074393210846348,-0.009577070041650426,0.005476955282754714,-0.017949566074224266,-0.009994040433124907,0.014241522773279058,-0.012131024613580177
2024-03-06,0.008181824703990426,0.014489105490548937,0.008215401882095241,0.0024645194563508444,0.0024265922133575035,0.01261103116527007,0.007460960668707051,0.0026775717008349353,0.006283715515330357,0.005067226362253985,0.005868321297463286,0.004981677089490377
2024-03-07,0.0027051731157234915,0.00615636234437833,0.005683843351386164,0.0011644525537770622,0.0016843416007275014,0.011358861683733457,0.008331315766314518,0.0024861911423166294,0.015178106893458443,0.009926307881428675,-0.00093770547599481,-0.00023073414988006302
2024-03-08,-0.003147505149737162,-0.0009790888511629348,0.008452547868211147,0.00025858883966312085,0.0007356549649908395,-0.0029770423594616124,-0.0006282929463952147,0.0013776900902473521,-0.014434796895600233,-0.006002067994522742,-0.001772672964403088,0.011530149931015643
2024-03-11,0.008570229786288408,0.002204790428785186,0.00183502012710135,-0.00012926099438104188,-0.0012602694839245476,-0.006107355158272876,-0.007929137078428461,0.0001835205832663167,-0.003712857892049115,-0.0008599006643925655,-0.0005221222957371152,-0.004787626313122684
2024-03-12,-0.0026834888438586058,0.010999700110402744,-0.01094062729637224,0.0009047233242018837,-0.004100311906645504,0.007920120081799098,-0.0013645100625959694,-0.0032096493388374947,0.014335030611605015,0.010757366900544074,-0.008361347921070905,-0.0021759330381039277
2024-03-13,0.013901408394301651,-0.0031430640590073278,0.00700740378557585,0.00038715193382565793,-0.0022171301245504926,-0.0004065359720588635,0.0039040795048015386,-0.0010121982076882752,-0.007686115989352316,-0.001567533562428225,-0.004848215369715803,-0.005050429540111145
2024-03-14,0.003095997982172749,-0.005093288176085342,-0.004175139558116325,-0.004774898732796684,-0.007406711204331673,-0.007047788790371379,-0.017889290218250142,-0.007367815081339879,-0.0025212837346537675,-0.001976736151937497,-0.01535723153350843,-0.014997942829491073
2024-03-15,0.0035273496190342257,-0.006094632485313611,-0.00319440663913817,-0.0006482088029323707,-0.0017054456686623753,0.000545968406434616,0.0018809546789684273,0.00027813956392686023,-0.011886836863387096,-0.006866662962244363,-0.00032230657933562945,-0.002225216083776127
2024-03-18,0.00922659851074692,0.001716918173577442,0.0016022835845583838,0.002335331132099494,-0.0011745188130386497,-0.00013641762189697815,-0.0057309193674407455,-0.0016693752300969145,0.009537401063898665,0.005943169061155551,-0.0030126371379849415,0.00046972522235733116
2024-03-19,-0.0004353407741796156,-0.004897156577565509,-0.0011498061737871268,0.004012772624432559,0.002886267971501155,0.0015009102261860363,0.004223552162129884,0.002880301550457709,0.0024914248975418385,0.005557073200621154,0.0028058827979058343,-0.0003521768757819288
2024-03-20,-0.0026131822698703955,0.0113188511358715,0.011911859798154678,0.003352533171202543,0.002345293523761338,0.01062663489263338,0.01979227443449738,0.0018526439857617927,0.01185677941272556,0.009249293253163371,-0.00032292518564414063,0.00657276877195101
2024-03-21,-0.0013100144414468495,0.0012165929654648355,-0.0010386361790747367,-0.0005141437805770144,0.00010631916682712905,-0.0001347992996172387,0.011489478936018482,0.0014797278665281688,0.004732104555416283,0.003304752520911558,0.002152876695292294,0.007229466021932751
2024-03-22,-0.006996090046349712,-0.007047276223268062,-0.00802096899240623,-0.0010285970164979341,0.004891643095221498,-0.0025616423107096553,-0.013801989897961886,0.003416244133832569,0.0011439016056640217,-0.0018958809885589734,0.009560724915409047,-0.012586502259485322
2024-03-25,0.008366354647219243,0.0007340474158603616,0.0031944066391380588,-0.00154404471599201,-0.0026455398083979897,-0.0018925132133038591,0.002291848329622148,-0.0034046131441509697,-0.0036292150778306498,-0.0027628233589235274,-0.005001101992947454,-0.006148556644353764
2024-03-26,-0.00786026802831985,-0.0007335089854850763,0.003233961285236564,-0.0011602094803111473,0.0014854285846190862,0.0016252616143703769,-0.0018000567920607446,-0.00027711095716054235,-0.0032376885458904603,-0.0018468051967494015,0.002780555334068957,-0.004045298473511538
2024-03-27,-0.0008802620566651376,0.0017130383679280214,0.007240660177973313,0.005290901539746207,0.0038138468398141168,0.006354522968776477,0.021786803745714733,0.006927085036019909,0.0034060558189179524,0.008403725922429661,0.009917731568984678,0.025803347694620005
2024-03-28,0.011894190586273279,0.003664840159353533,0.012900024807739996,-0.002182127484987695,-0.0009500337592788233,-0.002821277635729369,0.0031481953030965126,-0.0009173742777306426,-0.0018433052034753095,-0.00019104213784137958,-0.0008446567378284087,0.007103809167433139
2024-04-01,0.004788929342881332,0.0017039618695808834,0.010208079384865787,-0.004073324229030839,-0.00904788377738397,-0.00444620012950081,-0.009415167965992288,-0.00957502292108836,0.0021170880289034244,-0.001739852687068777,-0.01864092434202591,-0.016766895063401788
2024-04-02,0.009098763747981131,0.0031592009211540706,0.014772360490971526,-0.0016880419518343626,-0.0021384188315037855,-0.007037517293955631,-0.018385206438040314,-0.0014889567882897525,-0.008630171868668768,-0.00635807953077272,-0.005510523001953094,-0.01258386850399118
2024-04-03,0.012022326681311535,0.0007266758750392732,0.008772374739768773,0.0007804986244070999,0.0011786989558744132,0.005860696130115972,0.006552895305979467,0.0006525635294893917,0.0022443117162320725,0.0010984965402647262,-0.00021740178520379683,0.0010720882998871417
2024-04-04,0.002545640189165699,-0.0036310315013140526,-0.005734705223284009,-0.0007798899213962152,0.0034246431603146554,-0.008401144708495178,-0.01000820872091479,0.0011174993052727178,-0.015290682721574522,-0.01220608883160823,0.007172144004698122,-0.006424862928023578
2024-04-05,0.005078264831409829,0.0021865778001952663,0.017114197447370305,-0.0009100662562255835,-0.006612583987319676,0.0035530101851468654,0.003337010469329771,-0.004372300998859546,0.011783935048918392,0.010446865997924437,-0.013918646415440605,0.005149126559121475
2024-04-08,-0.00042104324284619743,0.006545518301132702,0.00622848536623688,0.0023429653769153624,-0.002254745839536443,0.0053103679418680105,0.005478165144099378,-9.334571137165071e-05,0.0002951478229578086,0.000559364227412873,-0.00010929352341559895,0.01072168377820204
2024-04-09,-0.005475955215021533,0.006743617668208968,0.005497054993034878,0.0020778412863688978,0.003981779892890724,-0.00013543833920237613,0.003940245530739572,0.0051391340591981916,0.0036994140257424757,0.001156747418819215,0.009301976714053639,0.013319429882732825
2024-04-10,0.005082566526767973,-0.013636327097298007,-0.009463856185613961,-0.008812679568404036,-0.013290894480613824,-0.013275420242726876,-0.026407592140296976,-0.014223126386904705,-0.008728405267464767,-0.010013000848894116,-0.021793491383550467,-0.041409684844500694
2024-04-11,-0.0016856799037304748,0.006063590765738702,0.019433247203493043,-0.000915277934328107,-0.0014121362956924788,0.003020253051932764,0.006768508694496411,-0.0020746513866747307,0.01596822129254094,0.007546746490356027,-0.004544539088567112,0.003397468279600302
2024-04-12,0.0012663289146679357,-0.0229026368636297,-0.013239324939518515,-0.0005235268637640011,0.00413352453891358,-0.016424898501499197,-0.01779632286307875,0.0022677124014089944,-0.015941826337347864,-0.013803005945966729,0.005344534922602673,-0.011851419687209708
2024-04-15,0.0012648149085308091,-0.00641495776640999,0.01871915519396472,-0.0057614783334851705,-0.006391528779227773,-0.0030614424728939715,-0.014645810095097245,-0.011031245805120382,-0.016451014491530858,-0.012528275643301168,-0.01550550256840122,-0.01701132651232995
2024-04-16,-0.0016842604154643226,-0.01316118319627968,0.0012220152803359419,-0.003292336285854569,-0.0039245617560828006,-0.010189924000473805,-0.0036776157316305014,-0.003336675638227371,9.271471104388418e-05,-0.001823787776882968,-0.00663737568490963,-0.014068873406293814
2024-04-17,-0.015605233037907285,-0.0007549366059600437,-0.007368252752093185,0.0013213295174061557,0.006348165244933313,0.0005640621987048622,-0.010560719908287108,0.005452186496307299,-0.012201254184373123,-0.005918095788120192,0.01109837740349251,-0.007324018911255781
2024-04-18,-0.00042843948370152596,0.004029269750135622,0.0034154561341945833,0.0007917067152509727,-0.0034805168814178167,-0.002537079618143978,-0.0008291271830750402,-0.001997957076879553,-0.005706400103156706,-0.0020577898900607794,-0.005040263537105072,0.00012727419436675547
2024-04-19,0.004715032387083706,-0.004013099888152127,0.003131535140574959,0.0018458916228796252,0.001309941950193183,0.0001414101540815338,0.001555782381043036,0.001048599001033601,-0.02068920597181334,-0.008728316588987761,0.003602548441597575,0.004833204689082882
2024-04-22,0.0,0.010828530239770817,-0.02470249054532203,0.0055279188798891266,0.00010892253701699772,0.011161383168027506,0.011183491139784785,0.002476039478215508,0.010056703043124449,0.009209120574001473,-0.0016829074794089127,0.008860659823028971
2024-04-23,0.0042662049514947675,0.008221250363118493,-0.002458663172418052,0.004057474985259324,0.0013079967150475547,0.010479206911943262,0.01674351582256972,0.001709965425626736,0.01492282992123406,0.011866605171472866,0.0003372415605045198,0.009159438827967659
2024-04-24,-0.00127448628612703,0.003459192167875713,-0.0018600907225296837,-0.0022162324049116444,-0.003048005553858868,-0.0022123726086704654,-0.00448200360116191,-0.003888050031288448,0.003387664123961409,-0.00047454778931144137,-0.0070763500586059624,0.001865099977265583
2024-04-25,0.0055295271324999895,0.002216290443976199,0.005963468053189924,-0.002090440078748479,-0.0038212093309052397,-0.004988847271692243,-0.006070525578118269,-0.0029513753174148505,-0.004829827544552967,-0.003798924929164893,-0.007013231612893023,-0.005708640430414191
2024-04-26,0.0008460927356643833,0.011547875252872375,0.003241927353549112,0.0031423955528764314,0.0027398666083637835,0.007799440103317901,0.00956842577216066,0.0038193052269330785,0.01543176894111764,0.009473778521565501,0.00523999126151331,0.0004992979324229818
2024-04-29,-0.0008453774679298975,0.009715904265934716,-0.002031218037689575,0.0030016408763209323,0.004044272847582908,0.005251437535508607,0.008066209063088081,0.0041852982394063876,0.004060282817086369,0.0035414759596972267,0.008386439693178538,0.010229479831914245
2024-04-30,-0.012690336823271808,-0.013952341256442069,-0.019937078844561418,-0.007286750324198121,-0.004681197799596859,-0.012922654637290698,-0.020304109565357886,-0.005493943724829586,-0.018856244252436705,-0.015841162366123096,-0.008541385047528882,-0.016917779334032823
2024-05-01,-0.014567209386339375,0.0009756909688665161,0.00906215232545482,0.0052707785233225835,0.003960244209697761,-0.0022283951771022714,0.00209300776424004,0.004159658479274686,-0.00723040227798788,-0.0032470639701536186,0.007371036314975488,0.0003766157359255118
2024-05-02,0.003478273589455405,0.025834800204151298,-0.0030870874411647042,0.006160651587190147,0.004698458814717199,0.014098239356302722,0.018389121259254848,0.006189812381273585,0.012763286275008001,0.009353289826249833,0.004291047650443858,0.014063580579281254
2024-05-03,0.001299887665806354,0.009028438755246615,-0.0007976266365629092,0.004168611611510498,0.00554631214495549,0.009910510419050667,0.009903933835851975,0.007003588524680193,0.0200983893268043,0.01239536575964939,0.010119126775149034,0.00668659906923641
2024-05-06,0.011250468874379749,0.0009416899161474035,0.010518361024399514,0.001167767298854816,0.0008653803202012256,0.00708739495854549,0.012927296049703108,0.002819688116411978,0.01095354701767004,0.010326655799562046,0.0038957990180130686,0.0008608378500005731
2024-05-07,-0.0008557789427904305,-0.005645670716163731,-0.004600326433150892,0.000129296466287121,0.0025936321633981407,0.0021653643804480094,0.0022493915084156324,0.00046840770818890043,0.00015888132985497627,0.0011036257306835662,0.006098290588554267,0.009462880094861958
2024-05-08,-0.00513924945007127,0.00023658371599966088,-0.002941061869504713,-0.002331961501125135,-0.002802389771088598,-0.0009452516519803389,-0.005805920580294277,-0.0025291596342508216,-0.0005904268001282187,9.66951479290934e-05,-0.0060613268560339995,-0.00840023461307049
2024-05-09,0.003874303629325615,0.003074671623783942,0.015778607960932778,0.0002598221951572999,0.0030262498336970367,0.007704774132806458,0.010207163285726795,0.0015966665820108528,0.0021813953507912043,0.005761726167010872,0.004878304395076194,0.020503442580455555
2024-05-10,-0.0017151386208535957,0.002122130351378093,0.008112513438038427,-0.0015579797621686486,-0.003232715580282819,0.0016095632468131615,-0.007529287813066943,-0.0031881652978786867,0.002358308147094146,0.0012882515414966988,-0.0056270266324041085,-0.0027671955502228673
2024-05-13,0.006443243902911178,0.007529520458265493,-0.011202103844459854,-0.0002602698940572523,0.0011891850476031252,0.0,0.0021045662731440373,0.00037605437145948883,0.0023072421193393033,0.00013431575371170013,0.00255213206040783,0.0032572894807427755
2024-05-14,-0.004268114379296084,0.005371252806859461,0.008462045119477013,0.0015609269778711354,0.0029153777799357794,0.007097918842415618,0.01035462217406824,0.002915205762562767,0.0064324019530388465,0.004588206039267684,0.005644736735573641,0.007695943774867597
2024-05-15,0.003429074000469212,0.010685206088490773,0.012838750510223873,0.00584424383566895,0.007536827891043263,0.010505354745059314,0.012472114517885435,0.00890687195081652,0.0156302030338471,0.012382959178020014,0.013647271074976874,0.013842709403961262
2024-05-16,0.0025629501907620256,0.0020684796486112322,-0.0038933433506626036,-0.0023239403049287732,-0.001923496780649958,-0.0051322755424957345,-0.0072096515915012205,-0.0015798999884463205,-0.0020312396562751633,-0.002057589921140024,-0.0009769348074724071,-0.0007062808679182409
2024-05-17,0.010225858539237409,0.004357878338319798,0.0164977725898805,0.0001293477886503691,-0.0031049296853222774,0.003306900427032966,0.0007214376628206232,-0.002326905381595079,-0.0004868399146826796,0.0014373741575268717,-0.006738482232673149,-0.00011803737163318395
2024-05-20,0.008857088074849528,-0.0036537633954805138,0.004023937591649318,0.0005172149152055106,-0.0015038867541514733,0.0005273256187148245,0.0022105743856259963,-0.0004664203499568087,0.006972684192845913,0.001152323506963704,-0.002954472381920259,-0.005889758760326491
2024-05-21,-0.004180682368420063,-0.00618846251207128,-0.001469548604570936,-0.0007758037518087457,0.002581548978455972,-0.0014494889804657074,-0.0009591032519006282,0.0016802507779094533,0.0019563574199030764,0.0024525591543151926,0.005158023146564661,-0.00035547727521922923
2024-05-22,-0.014273750968321841,-0.0032287249691477227,-0.01837396956557802,-0.002200181766507603,-0.0012874508717451993,-0.009633014644428228,-0.008447598415168067,-0.0014912130896720388,-0.0001973359578091305,-0.002879429591557292,0.00120097919783424,-0.009008981948316785
2024-05-23,-0.005110619075699652,-0.007403900662450891,-0.019944570339717638,-0.0035027369481923643,-0.0035446820624263076,-0.004930083463717039,-0.016410076035294652,-0.004385763794105713,-0.004498511540312666,-0.0073040322395584445,-0.006433929472545397,-0.021531163868866887
2024-05-24,0.006849340034677853,0.002797126115626547,0.0009271136061119734,0.003515049241043622,0.0012934328161855468,0.00816814192357529,0.011073396014138481,0.0027180548763787726,0.009456559428931754,0.006616507625805346,0.0029634620020120295,0.0007335651576436675
2024-05-28,0.017857185429963618,-0.0013947549959426597,0.010513172896031486,-0.004021336217265525,-0.005598395506688947,0.00026551522397788574,-0.0013629603307367955,-0.005982192682508991,0.0037776690726096795,0.0006985906416647758,-0.014335944927521105,-0.006596747638854872
2024-05-29,-0.010442886875824509,-0.014897607233506527,-0.009303812074716977,-0.0029955261322600624,-0.004872526063820493,-0.016730733416331467,-0.014768920195533441,-0.005360576099309289,-0.007048420115011722,-0.00700268343620114,-0.012101686065202677,-0.009714664462262323
2024-05-30,-0.013085661781562119,-0.0028354614732925,0.0018967600627461945,0.004049262178716928,0.005005048567646275,0.009588215494391816,0.009498807053993863,0.006145649284549748,-0.01071336590200167,-0.006633534056822765,0.009665285621267783,0.014652979860475979
2024-05-31,-0.004704859891269342,-0.00971564284282278,-0.00586417430627717,0.003513439954835107,0.0046551347192496095,0.009229319378604384,0.008429221055446412,0.004416259837593861,-0.001860365453787316,0.00910820568878834,0.006789538842350451,0.018724663702430977
2024-06-03,-0.014181389954532664,0.010528770263180443,0.008917780500373507,0.003099903990606112,0.006549791114746073,0.003181161692314749,-0.005637289569379589,0.006902480794282351,0.0053693728136094965,0.0008155417813831001,0.01617471799562087,-0.0022825252482997493
2024-06-04,-0.010026112960371703,-0.01397109277523978,-0.008977059834655465,-0.0005192399986241325,0.0054759724039388225,-0.001981975300607175,-0.012902583066214945,0.003917422129562809,0.0027365485500718822,0.001117650526356595,0.011681254523168594,0.007706235321421451
2024-06-05,0.0035226900801812455,0.016090259078407554,0.011845603201319,0.0032477280325493574,0.003630997592779295,0.005824819937756853,0.015299184812443967,0.0033443499226692985,0.020159807378824945,0.011885128868351469,0.007337891908227645,-0.0011949979835934599
2024-06-06,0.013163647762864272,0.004963372226539198,0.007391356612921562,-0.0016835126836819425,-0.0004254629599621529,0.002763830406377732,-0.007168631893053279,-0.0006482515763677199,-0.00034521278349597395,-1.8774938745358405e-05,-0.0014996910852222989,0.001914186552367747
2024-06-07,-0.014291852291442697,-0.011288779868181109,-0.03568330143379639,-0.002594487891353525,-0.010538732398628348,-0.011287551827334763,-0.011739275597272614,-0.00898727403397015,-0.0008848425853337227,-0.00121572926263247,-0.018345663372016596,-0.009432793820640217
2024-06-10,0.0144990708706898,0.005946761366242281,0.009168181127878317,0.0009106078597291845,-0.002151586960315255,0.0,0.003429479499281962,-0.0020568100377551524,0.004039163768103204,0.0030899012513609936,-0.00666666905390767,0.00337504300829905
2024-06-11,-0.0012992347691593853,-0.0033334014372190524,0.0028566106093961263,0.00129921656913079,0.00528289884800448,-0.011753482860441089,-0.003417295569687284,0.004309466560293851,0.00686267354312875,0.0024084117367906277,0.010341990907375198,-0.003603982065816913
2024-06-12,0.0034691332696545896,0.010033460686469375,0.0026617200115086614,0.004022781978050283,0.005577179982675595,0.012713480578425251,0.015350841549452099,0.0061567691783508405,0.013097909505460192,0.008212888549820496,0.007513838687955854,0.008922062487551452
2024-06-13,0.0008642849975741829,-0.0023651255468136734,-0.008150148984962247,-0.00012901582123081567,0.006612270560552691,-0.014713791290856926,-0.008737393541053518,0.004728388377549075,0.005420292488483858,0.0020133467579486197,0.014699933607891014,0.004063088199051101
2024-06-14,-0.0038859239433174375,0.0011853192210178332,0.012959545903254766,-0.0038781485634403756,0.0023312047360399824,-0.010138287327520867,-0.015895818294748065,0.0008304366200342361,0.005181194097247266,0.0006085030193543339,0.008414846349632965,-0.00023796362289207895
2024-06-17,0.0034676295610198693,0.006393616242667655,-0.005191652247571676,0.000648765397811113,-0.00465113643456605,0.004013695933320127,0.008403309469257714,-0.004702155306601785,0.01224973730169343,0.00795891438041485,-0.009929486456235814,-0.003928599370443209
2024-06-18,0.008207340234878124,0.009176531336587912,0.004007271832187298,0.0031124911445592485,0.004354232452992601,0.0035842075399816764,0.0017465487278105485,0.004631621939617414,0.000309244177500112,0.002540737385946512,0.009175427974568384,0.0039440941361836845
2024-06-20,0.002142286398670201,-0.0016321616522688709,0.012484347826456466,-0.0006463330682044965,-0.0025377961925241443,0.0004121873596980574,-0.004234101504260179,-0.003319372414514965,-0.0077079478237477295,-0.0027165214338850108,-0.006660271180616628,-0.0028570216366841095
2024-06-21,-0.008123126088120824,-0.003503087769892832,-0.015493238109986152,0.0011642607417521322,0.00021181300046202445,-0.007414549142750748,0.0022511237362967673,0.0002775799375889232,-0.002679278681142594,-0.0013408161276368125,0.0,0.0025069590583695067
2024-06-24,0.008189651661182351,0.0,0.003957566385821121,-0.0010337070202864895,0.0008481055962057393,0.008576744854436935,0.004342386948656296,0.001017409376270928,-0.011384733479956721,-0.0032506769580420425,0.004044175754874368,0.007740953871718137
2024-06-25,-0.009405696905208538,-0.0023435085854941473,-0.004962237629221655,0.0012936612015199689,0.0008473009109495333,0.001782788317983508,-0.003279984293489524,-0.0003696531111762047,0.011435673750956221,0.003851125392945187,0.0016961577576923847,-0.012290232321634065
2024-06-26,0.0017263317762286068,-0.0021142148213971756,-0.009228168111804491,-0.002196263169621515,-0.006031102472538019,-0.007803954740563168,-0.002642703552864889,-0.005453317813953862,0.00206507482157936,0.001247946278536416,-0.01428583563713226,-0.0031107904173415246
2024-06-27,0.005170159550975217,0.0007061690520642205,0.011336925587312363,0.0011653829018818396,0.0022353445901184266,0.0013798814679932825,0.010148549978681976,0.0019516789988791583,0.0025813075038203515,0.0015764451725310824,0.003972148966798095,0.00972153522047825
2024-06-28,-0.004286320246010944,0.0018819755191787912,9.297647872519299e-05,-0.0024570265042191952,-0.005310711244170041,0.0009645970929130776,0.004107817410936132,-0.006400081425662174,-0.005190844668476746,-0.003934966637015758,-0.018605773917564572,0.007978554925313297
2024-07-01,0.01291440503208885,0.00234791050796046,0.002604589701363791,-0.00019546337465503605,-0.0074439552500608075,0.0013766521042841706,-0.008378959537324482,-0.005939545662787538,0.005865066484302295,0.0020581077993058194,-0.01725850731797085,-0.009431721637891854
2024-07-02,0.0012749396555040704,0.003045292160159363,-4.643394389247657e-05,0.0027371312687944904,0.0037769352937804257,0.002474611384759795,0.003429518917194452,0.006408368133837605,0.01049968645789856,0.006729758556762944,0.0077852744194351065,0.004700577787867477
2024-07-03,0.00551779191711721,0.014712727412399484,0.011273000380832565,0.0035098577875825043,0.006665048122385553,0.011793725038758085,-0.000247611860908159,0.007397936171551489,0.00833714699998156,0.004462363278640913,0.013133247310293195,-0.0009597173439199747
2024-07-05,0.0037991620751103294,0.004142699252597026,0.013486798057397165,0.0029790884095657333,0.005553405731713701,0.006505872155002201,-0.0047566485901402444,0.005205178033019786,0.010426787035026974,0.00576665664759668,0.008278833849354017,0.0027618985388859763
2024-07-08,-0.01345673476894893,0.00022927632905833661,-0.012402074526820739,-0.00025820656633346317,0.0003187004040769992,-0.004847810391744423,0.007019635807687941,-9.25629001992112e-05,0.0023783087035520456,0.0011538228379379678,0.0021609330544773986,0.0032330464702694517
2024-07-09,-0.006820232781840185,0.004124571377488229,0.0016957473442755777,-0.0011626619003184402,-0.0013803944952029967,-0.003653596807204673,-0.004350548413228239,-0.0018494613824077133,0.0008644802420025854,0.0009726293809735331,-0.004420290237792224,-0.00023879881305999273
2024-07-10,0.0,0.005705151317649815,0.0036603361122538036,0.0023278141331943836,0.0009568595379267908,0.013445573796736054,0.009781503575296613,0.0024089670265670104,0.010426608358419243,0.009895078223380871,0.003140018624022245,0.007402121633727665
2024-07-11,0.0034335784577848028,0.0058997744190640855,0.017733403441032136,0.003613138378860681,0.006372707538504496,0.0036182360649315015,0.035944427259558154,0.005360871193010874,-0.021930264004103583,-0.008622491731371862,0.009715363737147209,0.02867991592585417
2024-07-12,-0.003849446970661252,0.004060372181664995,-0.0006270969301161999,0.0025710916631926928,0.0021107844342915794,0.011083019793284743,0.011676462345835859,0.0036776095252148977,0.005874884270927527,0.006307341242629327,0.00427623754295281,0.007603577418716423
2024-07-15,-0.007299285694222224,-0.010559456531663902,0.0032271131671974818,0.0001280854486562788,-0.0031593796914831662,-0.008055921784767106,0.0190015809514692,-0.005496201405182033,0.0026877857948499617,0.0027501776572593783,-0.011496887443933401,0.006745939946115165
2024-07-16,-0.0025950978969017102,0.005676832181326752,0.019925798233449088,0.0038470053295600604,0.004437252871056785,0.005059182046091237,0.03411763452535421,0.005802713179638763,0.00038295785460751297,0.005930200937299457,0.014107437158295433,0.012265658274966063
2024-07-17,0.0,-0.016256604579174883,-0.004643206403117217,-0.0011494864494587809,0.0008415911071559812,-0.005033715562691277,-0.01046306802487651,0.00045802220152246775,-0.029354854565504573,-0.014021057167003304,0.0002124334985602605,0.006844009130055895
2024-07-18,-0.007372088319161696,-0.009410174520970482,-0.006381186355259194,-0.0020459544956442643,-0.0028378645526658808,-0.009452834367668084,-0.019347574745895435,-0.004301984251279478,-0.004732533926125049,-0.007684973553924501,-0.0076440745245686115,-0.008803130361776046
2024-07-19,-0.013543001807058253,-0.009731248148714733,-0.017937829186174925,-0.0007692078466917662,-0.003161454897379068,-0.0056451180616976515,-0.005092973847850013,-0.003677346080964816,-0.008863643611012884,-0.006640399253878604,-0.005884447965121553,-0.0017988091262741701
2024-07-22,0.0026571593890023504,0.008423129451134326,0.00031573231212611574,0.0037188762550819376,-0.0009517697506563616,0.010002616050420299,0.015910361425489405,-0.0005535434331473965,0.014897751289664196,0.010309692666577552,-0.002905553389949911,0.010361473105953145
2024-07-23,-0.009275595077073984,-0.008816780059898721,0.003516676143213937,0.0001278246331535282,0.0007409229864285827,-0.005754699865252344,0.010622452585549613,-0.0007384414977977816,-0.0035245909377247253,-0.0015683955247670633,-0.0014033829778740126,-0.0007801882405499283
2024-07-24,-0.0004459141174595338,-0.01451319355447378,-0.0035043524704835294,-0.003193711318888681,-0.0022209520139579997,-0.01224954131458933,-0.021470671076701753,-0.0060974572352653356,-0.03587031031972421,-0.02266270575652518,-0.010808367847230382,-0.014725628384746448
2024-07-25,0.002230194702037114,-0.004037838481553813,-0.01564473026582147,0.0001285394032233267,0.002225895621321028,-0.006268607686229721,0.012485795071804029,0.00399689019180216,-0.011027670424706537,-0.0052103261236523535,0.00819513878517264,-0.0032834953964423486
2024-07-26,-0.010235826900685141,0.010255186810054884,0.010534525866662925,0.003203317626886637,0.0047588281258361675,0.013165090979660565,0.016547965535837816,0.005555077744491044,0.010255956162770863,0.011199798871120326,0.007803047150220177,0.017494092176175702
2024-07-29,-0.004496489288854932,-0.0033050722040248726,-0.0014050562105476505,-0.0008942230986727084,0.001684159677530328,-0.004602079457318942,-0.01110522957509641,0.002117472832082745,0.002008824340704596,0.0005876627131091716,0.0053770002843218645,0.0051356209553885535
2024-07-30,-0.0031617217979359458,-0.004500228229489589,0.009985461488319247,0.000511304470208529,0.0021015537118416194,0.002719608614273339,0.0037884398691536703,0.0008269563247194078,-0.013731500309075662,-0.005066355590668814,0.0038505671132154085,0.007775227047982947
2024-07-31,0.023108437319826924,0.021889129445392008,0.018110725786084414,0.0035780504339002484,0.007339672941945707,0.014103630306825599,0.005795906235675163,0.005783460413730124,0.029593771504657918,0.016254805858179067,0.010229053326871851,-0.0035270377305652856
2024-08-01,-0.011957585150737415,-0.017462146249255683,-0.003442943141866439,-0.0021887669285944877,0.004270270065250159,-0.02621019682189607,-0.03252032520325199,0.00331604355044135,-0.02422150368112619,-0.014161157481255793,0.008624712900708431,0.010065347558693594
2024-08-02,-0.01837746581244004,-0.01421803134067201,-0.0019046282784819235,-0.0033351842565213508,0.015489945924551218,-0.015929668265975083,-0.03536804141451799,0.009769240540315582,-0.023735070707722405,-0.01861849639663793,0.03116147091084298,-0.0005475280518610903
2024-08-05,-0.0018263486568718124,-0.028365365194347958,-0.012691935106198704,-0.006177430930294547,0.0010239196692911623,-0.021909138707910336,-0.03216538946770031,-0.002531609541203017,-0.029816088110098837,-0.029123572531683073,0.005291104745209552,-0.028596568684212342
2024-08-06,-0.008234223920690287,0.0056902774932938716,-0.008000713832612472,0.003755425743158902,-0.00889756093372418,0.0017121535484541095,0.01088029137400337,-0.006526607672800222,0.009555185684491763,0.009219460937309965,-0.022368468631946303,0.019738340456458614
2024-08-07,0.009225077934962744,0.006150054528483384,-0.0006796279952806517,0.0019349978989120498,-0.0036116513847982423,0.004273010462531257,-0.01183950326614458,-0.004562133481041508,-0.010829864255547328,-0.006684003300848174,-0.007040036209126188,-0.006857667128678635
2024-08-08,0.009140753769058874,0.022738372343761082,0.015688013635013043,0.004120659069709376,-0.0030033821177744002,0.01730246407678404,0.02430930578142343,0.00045837146866345435,0.0305909825059838,0.023117204052593987,-0.00615149041082963,0.009800626363933196
2024-08-09,0.005887643970794221,0.005498470362489627,0.0024552612171107047,-0.00012805873627375064,0.0040512620371815355,0.0037640145901944866,-0.002078315934345931,0.005130481873482973,0.005222432462532067,0.004409807077381922,0.009861623763519178,0.004632100617560031
2024-08-12,0.013957740126962381,0.0033285517673391496,0.017144665770273848,0.0006409093334756033,0.0027932296003161383,-0.0006943886850157011,-0.009009021883748747,0.0020963243222831274,0.0021535008698905234,0.0005254262704272872,0.003635945839650212,-0.007355296495959229
2024-08-13,-0.009325112955800186,0.011137379433155958,-0.001532358906807807,0.004614684755647858,0.004436196814090465,0.016817380407113225,0.016471224539843066,0.007004037966603649,0.024812779552715547,0.016445620250804094,0.006934966045394786,0.008737105625937103
2024-08-14,-0.006275166385788622,-0.005390228022612575,-0.008155751250824572,0.00178622049375865,0.0013353294728954967,0.0038270518117005103,-0.006202941902301751,0.004425933585582298,0.00032435649951700896,0.0031548435993309365,0.0062705701319885065,0.002631357420871394
2024-08-15,0.00811908617564261,0.011074585236619638,0.0031388449312386157,0.0008911998545084732,-0.006257096174419274,0.011982615649331452,0.025933778701677568,-0.0030575056005376355,0.025263147536946473,0.017140195621797805,-0.008070283310390725,-0.0007655202138476813
2024-08-16,-0.006264028251871334,0.011652189499151255,0.02238773852658915,0.003181066333841631,0.001961170245743382,0.005382131556916914,0.002641118352465943,0.00297661959944695,0.0012857326283106651,0.0022419410753025115,0.0035015714704773604,-0.0005471685727151954
2024-08-19,-0.005402944899986051,0.009675205543551169,-0.0016380226467286318,0.0016490316438226849,0.0013391524617010209,0.012312591319461719,0.012229496849860855,0.0023383331361557236,0.013136012075172898,0.009561454415638826,0.004618200244060233,0.008321374135282333
2024-08-20,-0.0040742449729104235,-0.0077571957750416365,0.0036699887797402297,-0.0008863323774868093,0.004012250703377296,-0.0026439975738109522,-0.011663426885998973,0.002602160464195924,-0.00209858001135943,-0.0016260164407465583,0.00796819307093255,-0.0011942621411537013
2024-08-21,-0.004999983008025066,0.003908965820391019,-0.0013336178629832496,0.002281132132585295,0.0020496453096940925,0.009146202712227325,0.013023514447657814,0.0022372711685199054,0.004664072618321136,0.0034364257345704807,0.0006079466069304207,0.005327149661569219
2024-08-22,-0.0009135439604488482,-0.012368319260909089,-0.011975011209935604,-0.0012643528780996727,-0.00460175296226184,-0.006304836344736886,-0.008818295373650864,-0.004107436211633564,-0.01585496526107355,-0.007848375887495873,-0.009925987020383054,0.0029198637874201516
2024-08-23,0.017832532701475667,0.016697521633947776,0.011553425520716143,0.005317847573510059,0.004623026990409507,0.018638391232013385,0.0319348159722217,0.00573810762880278,0.010845588413939788,0.010625309159478347,0.006547379145977583,0.02199688753513196
2024-08-26,0.010332391062160218,-0.008439688811508472,0.0031893380775307456,-0.0020152303538883976,-0.0012274203122045746,-0.004282367023541012,0.00031758438006290746,-0.0012478337582690902,-0.009708274895889324,-0.0023838106519552538,-0.002540939985677393,-0.00042199814845544914
2024-08-27,-0.004891046188555848,0.0013802643311748852,0.002706671669018279,0.0006311624321198028,-0.00040914697237026676,0.004561501680305113,-0.007756826900176428,-0.0008033006740227888,0.0029873111119222973,0.0013731268980929912,-0.0017322738793830172,0.001477787509819306
2024-08-28,-0.012064352866174688,-0.006202765119952991,-0.007026862307456638,-0.0005045065014378514,-0.000512428605638493,-0.004540788864270784,-0.006766059238692335,-0.0020549265563740704,-0.011347474710973304,-0.0058053756527934874,-0.0012248301352904,-0.0038996662206347565
2024-08-29,0.011307224867610044,0.0004623828373775396,0.005177980359189593,0.0010095223134463094,-0.0017420087952580987,0.0035187379950141207,0.007134295775538924,-0.0017006340857443902,-0.0014638088008672723,8.950103839011625e-05,-0.0032702191570802563,-0.0030685257672873334
2024-08-30,-0.011180801036094978,0.0020794398528403146,-0.0071260085162319076,0.00012577455200024623,-0.0034904288770417624,0.0024677102432844045,0.0058041637137109525,-0.0027798381766052094,0.011919420144231863,0.009546034367994505,-0.010663500089575284,0.009658332410027892
2024-09-03,-0.019900430219152332,-0.019829377002737236,-0.0043235765879541255,-0.0035461026382168637,0.006592053258713815,-0.016971244424940024,-0.030579758872749663,0.0030232044471156794,-0.030361000026290386,-0.020579178960805855,0.01635535616449446,-0.0005255993088194577
2024-09-04,-0.007383506265562834,-0.00023513012246767495,0.000607926500195255,0.003685981103794367,0.005851055655464066,-0.003030985372242445,-0.0016873376814559027,0.006208623494361243,-0.002598512267454778,-0.0020465934350956116,0.012889962227174312,0.0028396269296933063
2024-09-05,0.0023244483888458234,0.0014117668613271572,0.008332306942507639,0.0034188615023400537,0.002347277659799696,0.001321876995184601,-0.004976807101916836,0.004918159049079884,0.0009336162011865934,-0.0024321834692743183,0.005656003313836644,-0.003251146402519667
2024-09-06,-0.013450728232330733,-0.018327188955147622,-0.007402630408956501,-0.001261713861440139,0.0014252607972395914,-0.019405950178685405,-0.0190158375674242,-0.0004451078160888633,-0.026787168631995928,-0.01683011785289068,-0.00010061240776648717,-0.0009470256869249516
2024-09-09,0.0028208113977574722,0.008377433806501244,0.004205876079289794,0.0024009336254819935,0.0014233959851788214,0.010500742352084869,0.0027898440712452732,0.0022257344203835405,0.012859595568976312,0.011196070517853984,0.004319028665851876,0.01116386422145288
2024-09-10,-0.014533488909729386,-0.0037978999714092243,0.004404097525005923,-0.0018911536914453242,0.004263954993946939,-0.003597133091353455,-0.0008154071505106497,0.0027536689000409176,0.009241747388131216,0.0043559794140533015,0.007000955575514167,0.014477701153136957
2024-09-11,0.00903890743493263,0.0073862240182527295,-0.001590555949419148,0.0015155803543132063,-0.000707668935921224,0.005214676306265487,0.002928304292570072,0.00044288101695211246,0.02171545122319074,0.010258750730454347,-0.0007948182298400663,-0.0019507786080140699
2024-09-12,0.019330564401172534,0.008278174319646947,0.017567284525531468,0.0013872318276078044,-0.0016183604067047108,0.008512923393528826,0.0128758038132597,-0.000708238379339976,0.009815947134284908,0.008423324342266225,-0.004671356647788172,0.00421772857920355
2024-09-13,0.0018501935878270093,0.004691601126304956,0.009943683944142245,0.0027702029949103757,0.0019249538763859153,0.0025057970882318426,0.02466801704940158,0.00310113495650044,0.004480042710290899,0.005222631596265348,0.002696293329756294,0.010448633918196393
2024-09-16,0.007386819128736732,0.003268710748687731,-8.374817448153493e-05,0.0025117968962964365,0.0026294549916867638,0.008156885544329473,0.00359739048459784,0.004416650445605574,-0.004418056831658745,0.0014769712578917016,0.009162344480886153,0.003345532788005645
2024-09-17,0.00687436920386153,0.0011636196614925876,-0.0055309113549146804,0.0002505399836916222,-0.0018156240772391197,-0.006002954942530114,0.008271528792748617,8.775164911289934e-05,0.0005283953333226066,0.00040878135674327076,-0.004835733401687525,-0.006971895098528691
2024-09-18,-0.006372278871213055,-0.003486894019532061,-0.007710465405288858,0.0008766184433177671,-0.004345154715715394,-0.0027570228713192924,0.00018239032392797228,-0.004132897214465414,-0.0043296048549271715,-0.002966041081302495,-0.012395637173316931,-0.0012209091410950723
2024-09-19,0.017865400914570673,0.021226984222889378,0.01554075728197235,0.0030030941818210977,-0.0008120941163246576,0.01974734374748599,0.020596936684382117,0.0008829463919663993,0.02528420446080526,0.017064510900899554,-0.0033134334558223566,0.00020365134692013065
2024-09-20,0.0,-0.0020556911356282015,0.012710660066880486,0.0012475427540392658,-0.00030479302566843725,-0.009811495064201758,-0.010715689257283834,0.0008820957994031264,-0.0019032079192594642,-0.001728717035514804,-0.0038287549293656298,-0.003972366290558527
2024-09-23,0.0004500349513125723,0.007782052694961905,0.0019404068737312041,-0.0018692404640875404,-0.0006094447747102549,0.004041647609296373,-0.0036557686060582073,-0.0014101810502292755,0.00265058126580775,0.0024988883773886528,-0.0021237490734028475,0.009919334251635714
2024-09-24,0.016644083175012314,0.03406773594348933,0.01396907347432852,0.0001248838647256445,0.0011184059405220381,0.005323911201116083,0.001676001939789673,0.0016771206686276852,0.004823688257054259,0.0028612616046035377,-0.00020256701071275085,0.0014175527529503018
2024-09-25,-0.008406984580793031,-0.010542515855568979,-0.001381767735031958,-0.0011230908618236057,-0.004062290691528636,-0.005554110804297685,-0.012197221871093733,-0.005904094816089445,0.0009271546820361909,-0.0022054111364639972,-0.00831219269604544,-0.006673393912286274
2024-09-26,-0.008924665933192522,0.03662598464984179,0.005086884066794806,0.001624388280230482,-0.0007137205135799851,0.02273028000850119,0.00532876386470349,0.0,0.007513000582665796,0.003964710209639621,0.0023509318655121625,-0.009059296962460883
2024-09-27,0.004952707283928159,-0.0019272404010157729,-0.007935830791900744,0.0024950855080785317,0.003979681889917597,-0.006222982319933457,0.006762572193092398,0.003988900026189679,-0.005556940231399965,-0.0014505268363704804,0.005200899982686247,0.00127395676906783
2024-09-30,-0.0022400935526338817,-0.01609095081651435,-0.007999374253898295,-0.0007468687832861143,-0.0027442368775860704,-0.002555910674446382,0.0025416706499168384,-0.0024721180056468395,0.0027117873408351034,0.004007265988568376,-0.004768198688084979,0.007862706006011688
2024-10-01,0.017512331156504413,0.007195868086753432,0.010491249392624136,-0.0005005192900526811,0.003638890543215867,-0.00807184201054112,-0.01358148780582813,0.004805958948941758,-0.013932420073848872,-0.008958332028466742,0.007220177799710292,-0.006466881936279201
2024-10-02,0.008384907276882014,0.01970124991667932,0.00020358719772617384,0.00012516668683981713,-0.002851663554866879,-0.0021957218838134507,-0.0013768697390311724,-0.0022102180084202505,0.001412921123458144,0.0004220218475032844,-0.008427438111026975,-0.0035127734358326723
2024-10-03,0.014441962891958982,-0.01188958653868133,-0.0006920058878576718,-0.002378488468669393,-0.005106672905059173,-0.009708686327111193,-0.00670983890639687,-0.00646837072881834,-0.0007470254122504683,-0.0018282077257869567,-0.009420387287188081,-0.00912396868191423
2024-10-04,0.0025884701577818525,0.009239363694502511,-0.001996030315693287,-0.0011294583016219217,-0.009649905943798331,0.007058844550390075,0.013973119401397005,-0.005440011390637545,0.011898187483880385,0.009087399438999277,-0.01230081683381401,-0.004813215730750109
2024-10-07,0.01376932363804051,0.00830305789151664,-0.0033877625757333663,-0.004271345025364637,-0.00362811274494923,-0.005971007565127029,-0.007848477728784498,-0.005111136584678433,-0.010711655721565072,-0.009040490210560193,-0.007535466806890212,-0.008831874752672109
2024-10-08,-0.023344660221133018,-0.024704306130833964,-0.007371925565205384,0.002397093831775221,0.0008320330294986356,-0.0024810342101334593,0.0006898556975909464,0.001982892426662941,0.014934520996900735,0.009457535807176232,0.0016871203829926795,0.002015532988810742
2024-10-09,-0.008691950096944234,-0.005412506907547465,-0.005446185963701722,-0.0006294530718772284,-0.0037419953676810502,0.00039271104719018624,0.002206059076576228,-0.0019789683453184104,0.007868501344338252,0.006926514839335152,-0.005684855918703158,0.0010586284362514853
2024-10-10,0.019728297402437756,0.001959123457638823,0.007342892553628744,-0.0005036305095874605,-0.00010433938806042597,-0.0018321074917760916,-0.005548820292828549,-0.0010815644199602126,-0.00113561366434356,-0.0017500184384802164,-0.003917296999153108,-0.008883159657177453
2024-10-11,0.0008599153209749577,0.007169291848271753,0.010913408354139564,0.0026462232824238097,0.0003132183241429942,0.005899477407999232,0.02033651685549631,-0.00018057766004520026,0.0015631894578262973,0.00598808963808839,-0.004039186937229267,0.011310234585111045
2024-10-14,-0.0154639281021548,-0.0040984382711029,-0.001629502157067031,0.0005028651401661755,-0.0017736503952138216,0.0015637787635007783,0.007366967874119501,9.030513711283383e-05,0.008391458245492922,0.008178412591304474,0.0007470329236403117,0.006013893602891063
2024-10-15,-0.019197321693364966,-0.02122590937329527,0.003468359323146597,-0.00025135795930464333,0.005120728588552614,-0.014573596337161376,0.0008075202843471629,0.004872822617202566,-0.01336679736146884,-0.007769674168455198,0.012157536033147398,0.01206084446567135
2024-10-16,-0.0026690721050416366,0.007745191277266361,0.005001609209081437,0.0017590161355842682,0.0015594747835121492,0.002508774979054662,0.01645221280104514,0.0031428879890860184,0.000122173723398733,0.004346521836751771,0.0042146291727784835,0.010984406814984915
2024-10-17,0.0013381538738008736,-0.001537185208965064,0.00598831083503093,-0.0015049477521916765,-0.005190349760206936,-0.0005268915937756136,-0.002734442695365158,-0.007430011171832063,0.0006926504022322089,8.56561672069045e-05,-0.015843213319992833,-0.007892506837234636
2024-10-18,-0.0053451849209559255,0.009896606878889713,0.010618185005034864,0.002386451267665013,0.0011477692867323253,0.006457639160788675,-0.0020784595198312106,-0.001172276446954612,0.006554611432740831,0.003846643268044403,0.0007463226927613142,0.007438804603208116
2024-10-21,0.0031348192707774114,-0.0069686233298563716,-0.00019900127714245208,-0.004009983699597486,-0.007713067594826928,-0.012308519028521037,-0.015732364419678846,-0.010203135782542061,0.001921270470309544,-0.0016421837079351187,-0.017470979465332714,-0.019587760744966154
2024-10-22,0.017410696115397917,-0.00219292781433289,0.01078732362833379,-0.0013840043236266197,-0.0009454517742036872,-0.005302929925279476,-0.0037820878557609516,-9.135930084214205e-05,0.0010899787808533734,-0.0005311320001563091,0.0009759169779746113,0.00146449019544459
2024-10-23,-0.00570431115319181,-0.005934118571135127,-0.012050555849465017,-0.0030238591112796698,-0.002313085174813323,-0.010662401820246914,-0.009129391343833726,-0.003375358758357261,-0.015323739549947368,-0.009137393474173527,-0.0027083055989574056,0.007311408501691874
2024-10-24,-0.00044129643820156605,-0.0015476331533236243,0.007693259346016168,0.002906589199282328,0.0022133176785377184,0.005658046454798171,0.0021892848293869616,0.003020674925707789,0.008108730898499728,0.002162732458899752,0.006408494942046206,0.002177477038903586
2024-10-25,0.007063951958414805,-0.0008857702924660593,0.0020569789010425055,-0.0010080801146928886,-0.0022084297219922,-0.0033489081473726534,-0.0037776239455377114,-0.0023729531662614045,0.006093566859532995,-0.0003453973899124607,-0.005612095753100621,-0.009415315220462572
2024-10-28,-0.02674251786286752,0.0044326017892415415,3.945407605776552e-05,0.002522795392020827,-0.0023182787866834476,0.007526860106117583,0.01630964902134191,-0.000823158407110669,0.00016151093855154564,0.0030914598515230374,-0.002713333665625983,0.003133424947197039
2024-10-29,-0.001801855065966862,-0.003089119610553581,0.010894858433216914,0.00025156173590445974,0.00042243072386205505,-0.00426900788660034,-0.0032365334592986406,0.0011899449540195839,0.009608473018664743,0.0016184650951525104,0.001523671284022976,-0.007184532435184132
2024-10-30,0.01263537838470552,-0.009738808591677084,0.005505891218995584,-0.001761007619387689,-0.0014782645538513606,-0.005225048518923248,-0.0013529635065575585,-0.0012801155702255596,-0.007557604467880785,-0.003025298722422076,0.002933850127201154,0.004404738154111021
2024-10-31,0.0066844354347082025,-0.0064818315673907945,-0.015495166963743978,-0.002771986651012859,-0.000528702925390534,-0.006329977501691508,-0.016618604064095988,-0.0020146333728288113,-0.025242722292300845,-0.019603186811778084,0.001625177994746485,-0.01691536449124409
2024-11-01,-0.010624117487687879,0.000899829284473963,-0.0041023758773532926,6.35251038192397e-05,-0.005921718216997496,0.002439729303059357,0.005602660746820476,-0.005478480480833325,0.0073988859764670956,0.004220614752941776,-0.014098318187896641,-0.011046326029378939
2024-11-04,0.017002229652849588,0.005619234177202115,0.0014259144001700363,0.0027935732923272116,0.005337822503585832,0.0004055050848490449,0.0050688121229143235,0.007406798808667903,-0.0029130981702548686,-0.0021541163771870986,0.015521811155038145,0.010954828797318905
2024-11-05,0.006159306311461554,0.01363424948760339,0.002254447895034817,0.00278568713823768,0.0005310076162634569,0.00973111131275517,0.018810591799983012,0.004779077578268565,0.012756873436404303,0.01209183321181917,0.005311464119707621,0.013279502447336666
2024-11-06,-0.010931379346323933,-0.012348392495286187,-0.030386729020158154,0.001768086748710651,-0.010295146380968068,-0.014054183085473682,0.05793170249447521,-0.01042724475018375,0.027163158145386612,0.024865656308564077,-0.02738837702062691,-0.02128329134207907
2024-11-07,0.0101680415116987,0.022103139944569916,0.016076503855530166,0.0042857851690745186,0.008042840006256435,0.01574778997488835,-0.0035410887774794952,0.011830862070611126,0.01574439657204918,0.007732072780885613,0.012527855959495682,0.011997880209539957
2024-11-08,-0.015317307733382246,-0.024683149405956617,-0.006769426092267161,0.001631653165625302,0.0021276166548371833,-0.013498991226778667,0.007360982641096747,0.003471500620368717,0.0011682949552020983,0.004331699583526527,0.012701168674456476,0.014925419936075546
2024-11-11,-0.016000104116746572,-0.00761473394920531,-0.02347155656813127,-0.0011276157231949746,-0.0027598510050770297,0.0001355156878473096,0.015034375595907035,-0.0019117312040271006,-0.0005835554481049554,0.0009529240006855844,-0.00486526955890032,-0.005006159583695102
2024-11-12,-0.005419933705712254,-0.018957374016109085,-0.008631355179477884,-0.00401463800203683,-0.00628054913710796,-0.018152284834548893,-0.017542404918371224,-0.009029593854437024,-0.0018099227195523815,-0.003106368733698628,-0.01499356659363571,-0.013836540797662278
2024-11-13,-0.0031789515043431082,-0.006441355398919102,-0.010081225320474285,0.0002520360171864855,-0.0006428920870362731,-0.006484448052030856,-0.009896335002850365,-0.003773619369652148,-0.0012867690219956485,0.000485795868576,-0.009485812080497591,0.005527102229350156
2024-11-14,-0.0009112360006626741,-0.00555675899417063,-0.0026091417886487944,-0.0021410434718672766,-0.00010720331675051487,0.0016662788396990535,-0.013483073733483897,-0.00027703896992481436,-0.006949636798907699,-0.006430142235875125,0.005790466365544811,-0.008985025183714246
2024-11-15,-0.005015942944430307,0.0,-0.0017720694429753658,-0.00012604959834372487,0.00042885924213531545,-0.0036044694752657147,-0.014917644983283074,0.000462008676846537,-0.02382590495534953,-0.012808702244480719,-0.002657164328688566,0.0005331520121172328
2024-11-18,0.022914722643863294,0.011408524519078034,0.019020246289590537,0.0018931558756298816,0.0022502886485811224,0.005565604501529986,0.001969476501007872,0.0018474048511236685,0.006947594558483816,0.004097329315584597,0.0017762817188531344,0.007249495960557351
2024-11-19,0.0031362240201486813,-0.0006905631450537797,0.008959325127211537,0.0015116835483208746,0.0021383935307908164,-0.0009686011245830795,0.007425980521065245,0.002120624009420924,0.00687969014974632,0.00365553522829809,0.005097486994188216,0.004868829466654789
2024-11-20,-0.0004466180163760214,-0.0011517339200877164,0.005632045702723465,-0.00025148100962513187,-0.001493800896997577,-0.0037396233248258026,0.0013007442237871203,-0.002392176871303775,-0.0005759805903267079,0.0003388210162236227,-0.003197413922237491,-0.0012640156772013578
2024-11-21,0.007149359561478441,-0.0020756947369983125,0.008339500390982302,0.0003774195788315282,-0.0005342129681159546,0.0005560067847583117,0.015199420009433195,-0.0011989193506133367,0.0035972061999725025,0.005368305278844021,-0.0007743758600090578,0.0073824330314735676
2024-11-22,0.0008871994414947348,0.00023109206470972588,0.012892210445830665,-0.0002513462287597745,0.000641329778221289,0.004446364547596726,0.018469514514449115,0.0009233985207299789,0.0016041070786951828,0.0030995004562939243,0.000553490558548253,0.007537624420800082
2024-11-25,-0.014184357337214903,0.0006931160205172482,-0.029458856541118794,0.0037737203807310937,0.0107908217496262,0.004149951722372869,0.015202869342034964,0.012453933136504558,0.0015816152398246963,0.003392069412048837,0.02588778068758013,0.013923585082322276
2024-11-26,0.0,-0.004155999116111753,0.0019383092584315254,-0.0018797664772991496,-0.002113983078833148,-0.005372607808269758,-0.007343150718210012,-0.002551517896239641,0.005369145669376296,0.005221465631339628,-0.0038822464610369645,0.003996724313895861
2024-11-27,-0.005395656413011429,0.001391053102360651,0.002222714763140843,0.0030134965848205297,0.004024805609253335,0.00526320244057743,0.0013713885840036522,0.003654191785780636,-0.00787332799979834,-0.0030301626777003987,0.006928631518503536,0.006430577280969629
2024-11-29,0.0009040450405772837,0.0016207328711208557,0.008624546377060671,0.002003201344269012,0.004219938508888577,0.014742363690243732,0.0038181478697472127,0.006189104535575529,0.008786814950122235,0.00621221866016386,0.010321693786025543,-0.004462468155677191
2024-12-02,-0.007226672077220053,0.003929840865918521,-0.008754403389975018,-0.0003640211831026363,-8.413488410485837e-05,0.001764985041787348,-0.0004960165113607751,0.0015702876301646462,0.010888060115283649,0.0017923129824746198,0.002402596522773859,-0.01456817361551499
2024-12-03,0.011374006175211004,0.0020722577071172754,0.002012776164397767,0.0,-0.0028454441581898804,0.0054214148228566295,-0.007114826679367692,-0.0035344931852989703,0.003066039873184989,0.000463853790493296,-0.008629027035410908,-0.005065630464566873
2024-12-04,-0.005398176977843061,0.002527592742908702,0.003033679807253664,0.002385191641416151,0.0038046955543884486,0.0009437699746308592,0.0035828728503424223,0.004820407378349101,0.01236302322095284,0.006209414297781324,0.010745766090495712,-0.002701526569656054
2024-12-05,-0.0013568218976118818,0.0066467371692895405,-0.007397709454119217,-0.0008765723190056196,-0.00010522475773111495,0.004848571742921415,-0.011665068013946511,-0.00027171866421238366,-0.0027712215685583574,-0.001645503085190847,0.0020200105696241977,-0.0023962855946674244
2024-12-06,-0.007699291847998446,-0.0015937039873263892,0.0003705687954560499,0.0016296260364381254,0.0031588386633925047,0.0,0.0035701607573406235,0.0022635789076488333,0.008949779216956166,0.0018955802850253445,0.0014854551666727556,-0.0014621958775558053
2024-12-09,0.009584735400335553,0.020524456096568056,0.009919751769426055,-0.0012516997461351487,-0.0034637726321105067,-0.0012063480157762374,-0.005022300355674747,-0.0025292096259862396,-0.0077877053479334934,-0.005149668845008115,-0.00921710777967899,0.0028240007911624065
2024-12-10,0.0022603473207913893,-0.0160894109471309,0.01316431251835759,0.0005012664650689835,-0.001790750603007818,-0.008051530138156293,-0.004332658941738621,-0.0015397504698503317,-0.0034074052989157,-0.003108951106848501,-0.004704794536839585,-0.014497421308427016
2024-12-11,0.012629679198110866,0.004088218540950761,0.009533812345188464,0.000250609909469679,-0.0029545895451884574,0.0060877169891977445,0.004520528097378129,-0.0027210323807592696,0.01790232942844927,0.0077305767076008,-0.009454413625592184,-0.0023282433337109554
2024-12-12,-0.004008819309974321,-0.004976287198034335,-0.014663722649505995,-0.0027548938721858596,-0.003809761775930398,-0.009143514977246636,-0.012995789851474204,-0.005638761559289329,-0.0064538301448746616,-0.005152533493864686,-0.012147256822527042,-0.0015910582762674874
2024-12-13,-0.0004473100606404712,0.0009092387708153904,-0.012091578404740733,-0.00288776514018918,-0.004674408991975243,-0.0031212816393111353,-0.0068603592116528445,-0.005579628612542575,0.007654487252051867,-0.00019869600874267146,-0.010210877919131889,-0.002868792042477031
2024-12-16,-0.005369100700489238,-0.005450747523226163,0.002415209844427002,0.0018886721715587473,0.00032036127011880744,-0.0035393197120164865,0.00587806066959673,0.0012876356877626893,0.01440050402922255,0.004270044418101415,0.0029948550314677913,-0.003516095332455116
2024-12-17,-0.006747674510724222,-0.0023918917545825424,-0.0038386247250202787,-0.0021366037061347765,0.0,-0.0023586638800169313,-0.011448255138389984,9.209308151270079e-05,-0.004403819718773017,-0.004120063778329963,0.002433225729756794,-0.004811881435624943
2024-12-18,-0.009057957212528445,-0.023277485108387896,-0.01918507783771317,-0.010268155801871015,-0.0077293575073168475,-0.02406123484845979,-0.044272390268607076,-0.01239804325760907,-0.03607674513439385,-0.029803507576069865,-0.012504190685585503,-0.04125923219676497
2024-12-19,0.0,0.003336491214185777,0.0014210967336203417,-0.0010234635060611952,-0.004531412400555879,-0.0015675986442048595,-0.0044375287345881365,-0.005413712365229251,-0.004453404352721346,-0.00030711433636354535,-0.015141575276503172,-0.01546579529595482
2024-12-20,0.006398584588895417,0.004038080355154294,0.010434056495473909,0.006274889345729839,0.003685091088179826,-0.0027118702288739804,0.009369541095876066,0.003941556199371199,0.008732566430236677,0.012011056129754172,0.005694432841940822,0.016846934098773803
2024-12-23,0.0007653590297793667,0.005677712130909729,-0.004708795377563968,-0.0026725869616534004,-0.00442742018282094,0.005867902956056659,-0.0022980790170388232,-0.0028977773597599343,0.009742651370640898,0.005988309811411963,-0.00917238889827432,0.00391081004899374
2024-12-24,0.005736132621844137,0.0030581450084210537,0.001992014086009908,0.003189915630244622,0.0005424481874030107,0.004268639053654377,0.008942598701048743,0.003093802174350735,0.013559729284092326,0.011114905842604772,0.004228633261189163,0.006642698932343594
2024-12-26,-0.0028518022370633833,-0.003517743835610654,0.006751179863859091,0.0025440658589521714,0.000758808905288344,0.005100683998179756,0.010251098307292317,0.0009345993112281903,-0.0006792413517689999,6.66505705710918e-05,-0.0005691635698900077,0.0026842087712415363
2024-12-27,0.00476647182413914,-0.004471685698807293,-0.0068705038771271765,-0.0034254850108627055,-0.002599608680874277,-0.0021145740002140867,-0.014578051244912515,-0.004201807329174523,-0.013293012935439052,-0.010526596837132862,-0.008198637164556044,-0.010038969233782002
2024-12-30,0.009013353365501464,-0.008037882570386068,-0.0031896811646235923,0.0014004414828447942,0.005864537261892622,-0.0066393102184989505,-0.007689243038945692,0.0043132811305781615,-0.013300000082174801,-0.01141156050983183,0.008036989493566571,-0.004957853775567789
2024-12-31,0.005171521400364254,-0.003336491214185777,0.006233636577161361,-0.0001272005199527415,-0.0018354964621372094,-0.0005688506267826909,0.0012689444036915187,-0.0025208191585247564,-0.008494697164563636,-0.0036381154824253192,-0.005353236532404493,0.008719339296298534
2025-01-02,0.00982230205524548,-0.0014347250546266066,0.013587714119632333,0.0024156716933441125,0.0005406372244249891,-0.0021343195268271886,0.0008144667393725769,9.342743960893962e-05,-0.001956027597256327,-0.0024569900307463977,0.0027481823359714053,-0.008868378458564807
2025-01-03,-0.005094962321076091,0.009339205465888067,-0.007864039973028869,0.001521994442119201,-0.0016215509597334865,0.0049907307099374965,0.01487747725947286,-0.002339516437457223,0.016365159124950512,0.012503430133333104,-0.0031974865159848376,0.01313837237833404
2025-01-06,0.001862226449636628,0.0035586377185568008,-0.0012320959587239777,0.0017732188818599948,-0.0009746657495637301,0.008938749538780932,0.0004010401605316627,-0.0025328793729725296,0.011492933967797159,0.00576062501545227,-0.004467636782256812,-0.012856298045346604
2025-01-07,0.004646866713475584,-0.007092222162496942,0.005633435188264313,-0.0032870716796212784,-0.004552274508641485,-0.0016875928251198768,-0.008017175479266725,-0.0046083404135541794,-0.017844274233518753,-0.011304033954420367,-0.011277438991273536,-0.009513010174941772
2025-01-08,-0.0018501675263818962,-0.0047618897017868145,0.005315681488123669,0.001268380207500197,0.001742274742365879,-0.0022538159643457067,-0.004534754639733518,0.001606224773827769,0.00017480108933942695,0.0014610514954822573,0.001280168688060801,0.0026298183833244337
2025-01-10,0.026876745255804968,-0.0169856714006833,0.009558310004399662,-0.005193740309898054,-0.007282670481304154,-0.015247706920352155,-0.02201079688536023,-0.0057541986493407915,-0.0156811318654434,-0.015267486638264827,-0.006625492048833004,-0.02440421153909622
2025-01-13,0.007220151084557314,-0.0068141744793387415,-0.009951255605703757,-0.0002548222051490523,-0.0017518296718425086,-0.0025808034710042005,0.0019369999294769347,-0.0028462845945605997,-0.003213826535734099,0.0015504728649695654,-0.0003512033958148475,0.012273668949067229
2025-01-14,-0.00044801359586998935,0.011271623897684435,0.005249423200524461,0.0012738151135049947,0.0003290935434880904,0.003018633301483442,0.011369407221719197,0.001141824600649155,-0.0009494862975779617,0.001376005543533898,-0.0016385574027886207,0.009122253450969842
2025-01-15,0.016136337065006945,0.01308460882441942,0.007488993695735191,0.008777460687648286,0.01052630844871505,0.012754391543767563,0.019661382655886017,0.011974951449761573,0.023006268253611406,0.01818997001237177,0.017235294222472275,0.00572152862157127
2025-01-16,-0.004411141101204219,-0.0011959523940119343,0.006910965874952435,0.0011349511388274447,0.0023871691019419217,0.005094076018064664,0.0020086914041852477,0.001972220684076431,-0.007005904739403768,-0.0019232490094934773,0.0032270615852432183,0.020707717428010586
2025-01-17,-0.004430685480031671,0.007902325464780535,-0.005307269747253374,0.0008816026468130289,0.0007577410281267571,0.004645968113051069,0.004320837624706364,0.0008435308154557397,0.01687840040842259,0.010039955457300076,0.0017234977639470905,-0.0006688523326612295
2025-01-21,-0.004895338912263125,0.010691411348907387,0.01548521901629396,0.002642887155423379,0.0033532062874552793,0.02017939035501448,0.019205101759375953,0.005806259164184313,0.005864865760993432,0.009153454992920862,0.008945887865103863,0.018739603826057438
2025-01-22,-0.0008945123496930663,0.0007051291117301517,0.005135652699768123,-0.0013807543536575873,-0.002587620150526271,-0.0035715147881199005,-0.0065276465742378775,-0.0031657881844389113,0.012786070262368998,0.005621517783177543,-0.005228952993619473,-0.017409451827616107
2025-01-23,-0.003580988118677353,0.0023490189110888515,-0.0014148699521492336,0.001257003912697785,-0.0025939036604571974,0.00827129751068778,0.00455557662897732,-0.0014010012261286287,0.002125845089498757,0.005458125317954421,-0.007770622081229028,0.0073546512244380136
2025-01-24,0.00044922113893686166,0.006562132052012171,0.006218705580030903,0.0011297201319981909,0.002058930078307153,0.00546907115734685,-0.002790697737009018,0.0019642883770762953,-0.005651097614600364,-0.0029193280664033816,0.004491489220766809,0.0034291701029418586
2025-01-27,-0.015267191791584867,-0.018160711940221952,-0.0104048052682425,0.0007523647604485983,0.006488651737402984,0.00027181006666077145,-0.009576231497486987,0.006908122907630876,-0.029114672078655812,-0.014145337846320327,0.011809288249171157,0.013339196050183855
2025-01-28,0.0009120518595653326,0.0073512531593713515,0.008656417783572623,-0.00037579780714402933,0.00010754381876743047,-0.001359326739918898,0.0011036983192802552,-0.0013909069430744214,0.014780004711114847,0.008592330306164131,-0.000679837875889211,-0.012075709400373391
2025-01-29,0.0018222619185341848,0.0002354363315781871,-0.0038404097330004827,-0.0006265651403790651,-0.0011817444567293611,0.0002723216166786724,-0.0022933602521831853,-0.0012995020509254385,-0.001878043002776164,-0.004482866125079421,-0.002040901109542692,-0.013214483837112989
2025-01-30,0.0009094736600505637,0.016945035246453077,0.01514551884715587,0.001881281357448028,0.002151051809179405,0.011159453203815284,0.010166744763264957,0.002230988857492733,0.004262315935276151,0.005367133984724104,0.003749485777276629,0.012721757589309934
2025-01-31,-0.0018173841134346835,-0.011339945943512064,0.0019763991077348386,-0.0020031082644330622,-0.0016098900339385214,-0.009690506008260713,-0.008970392943115302,-0.003246409937555872,-0.0014530151501077615,-0.005321947511904845,-0.006565613484527333,-0.002203753869850722
2025-02-03,0.0077378331285364865,-0.007256517893829306,0.005337271410283728,-0.0012600840341271402,0.000711760378791837,-0.010736633110720817,-0.011700876434752372,0.001578357330497715,-0.008003153387372008,-0.006729584200247607,0.008142168092210023,-0.0020982820201024266
2025-02-04,0.0027101139772387484,0.017920300382018084,0.00984841707528572,0.0031542356244509406,0.002478799237673579,0.011402707215812713,0.013849846058054283,0.0019582261949615543,0.012275334245809733,0.006708237484643886,0.003062355415142992,0.0007746998542654815
2025-02-05,-0.006306359911262827,-0.002548044152584361,0.006209542410714253,0.002641296016519634,0.00580520277912977,0.009644095280697762,0.010884361790030939,0.006979869221888535,0.004537896470881098,0.004054540090558056,0.016510389775215017,0.014043937637410853
2025-02-06,0.0004532938834191924,0.0041802275617388585,-0.0026502562908058414,-0.001505292508261702,-0.00117583681600808,0.004977758351548012,-0.0032694393785226428,-0.001848416562980959,0.005219743529405463,0.0034756526992263392,-0.0004449705821062411,0.0025082215899545623
2025-02-07,0.0004530885011730934,-0.0009251025617904585,0.0017841598670260694,-0.003140863843186792,-0.0033173685132635855,-0.009638404829111158,-0.01158969569979762,-0.004351704651697319,-0.012613309901262415,-0.009153605207235849,-0.006455389273298029,-0.0032635017844242498
2025-02-10,0.014492801503801056,0.012037107458741758,0.016938239196991,0.0020164496893713135,-0.00021441226492613374,0.006623324426044963,0.0045133198032967226,0.00027896031978746905,0.012105056503832756,0.006791198352021688,-0.00302454621091941,-0.00043641404901895164
2025-02-11,0.007589293926426155,-0.00388845291670159,-0.0036516022155236305,-0.00037724084621526544,-0.002577498785374832,0.004699878346585029,-0.005814500008802015,-0.0022313570224667956,-0.002380649914297095,0.0007607067354553632,-0.006404464182638403,0.004367257963012294
2025-02-12,-0.011076713700079233,0.0055109254599607915,0.0010471549570203464,-0.0021388778352566806,-0.006890636822484697,0.002539448691730506,-0.009215776076310522,-0.005404406350547508,0.0005870845807283143,-0.0032216961546740475,-0.013569787012492562,-0.009240112504666609
2025-02-13,0.0049284145468389,0.006394115736260586,0.009862831092105617,0.0045390189778027334,0.007480567021309836,0.012131692359000024,0.011269108921057036,0.007776046277738979,0.014385989765431706,0.010557676975368135,0.016622559577010643,0.009984733438103355
2025-02-14,0.00044581642770258334,0.0077150544044797265,-0.014871773334245608,0.0011296527139876833,0.00419679698107589,0.0010537823131409052,-0.0007517315344726105,0.0039043630294064435,0.004198431251704271,-4.92208421706275e-05,0.005300058452098799,-0.004562946025195802
2025-02-18,0.014705825503393388,0.006304848531446305,0.01656090548123368,-0.0008776048381995416,-0.00535794838488779,0.006710504085175373,0.005487459746781109,-0.004074482823257952,0.0022669554003569292,0.0029357727546190926,-0.011778013385532637,0.004474650254336909
2025-02-19,0.007905218422570304,-0.0015663803274240662,0.000554096378723612,0.0007529804206829471,0.0016161114935075993,-0.010717509877394615,-0.003432974017649859,0.0005580395659625648,0.00027819334915446525,0.002354992736079531,0.0012485766904304363,0.0007606454829469644
2025-02-20,0.0013071454103914526,0.009188706539789093,0.0005168326664386491,0.000626808804154555,0.0020436238467163026,0.005416705059834159,-0.009583494726696173,0.0024160562858335233,-0.00424462290156602,-0.004160316979602174,0.0037411494358816633,0.004776828250779408
2025-02-21,-0.013925197555321844,-0.0028868294155719454,-0.0009225433005247696,-0.001879451108284469,0.005903831591211217,-0.006307323046310542,-0.028805956049201886,0.003522853185493169,-0.02075452286315793,-0.017104137512959805,0.012084946541101926,-0.009832529727806794
2025-02-24,-0.003530418263687052,-0.015367533215822737,0.005429568123388684,0.0012553943996904682,0.002134124606796739,-0.0009257435967656713,-0.0072083573473761264,0.0025864839200291367,-0.011804377013368561,-0.004550438235332854,0.002901346136722882,0.003928335544008066
2025-02-25,-0.011071721009813906,0.0006785817455943199,-0.013188334192659745,0.002507843473585236,0.007879765996004373,0.009000701840565783,-0.003792265596461175,0.007647573523371198,-0.012599223323425224,-0.004973157708016984,0.01724720257143475,0.012282668410703357
2025-02-26,-0.008508798835403897,0.009945665496990053,0.0015263333689308212,0.0013756713274055699,0.002747077472943227,0.0005245407386729184,0.0012534278903248985,0.0021031752143119142,0.0024156895775555576,0.0005049348837677936,0.005906917162433745,-0.004187673290813154
2025-02-27,0.0013550569886193742,-0.019471690418580656,-0.015239958822878874,-0.0018732465452991898,-0.0011588612682996713,-0.010882224755037306,-0.015254104509245692,-0.004197522303752921,-0.027771363199213694,-0.015961973775748373,-0.007068484853265278,0.003989560109529
2025-02-28,-0.00766802818994361,-0.013695637266123217,-0.006265820058134697,0.002752517087135642,0.005485125934448831,-0.0007955227421808653,0.010640711592275087,0.004398584600324051,0.01579147534639369,0.015605535959651196,0.012265943391243983,0.008484707062612173
2025-03-03,-0.00636360116916046,-0.008794079572293056,0.013180390342641513,-0.0020810694917391404,0.00362981868615031,0.013000942448867292,-0.027346687789728596,0.0031592549829650984,-0.021882471243727997,-0.01751996351713747,0.004666860127434003,0.004685768582414873
2025-03-04,0.003202177968041564,0.008405168029931964,0.008697635934455272,-0.00012557347241182182,-0.0031450961492184293,-0.0015715653149241948,-0.011303840242960161,-0.0032863612559705935,-0.0030178064402743843,-0.011836812583395306,-0.012315104969381374,-0.011553880030951591
2025-03-05,-0.0027359757754711334,0.029868035414765126,0.0020813110966888537,0.0005025592094631826,-0.005573614810631566,0.02439661837564655,0.009931227807886467,-0.0032058651666293514,0.013036012578170997,0.01074775934465011,-0.007984303761429112,0.011152700861116971
2025-03-06,-0.005029731796317605,-0.0062948388364389984,-0.005081207410422395,-0.0037677050503155396,-0.0005287976621929369,-0.009218908584613161,-0.01530196652863669,-0.0031240387165692995,-0.02750931348639507,-0.017751051262998363,-0.003307349022040218,-0.02566546990681018
2025-03-07,0.00873168576658756,0.004977244382690316,0.0005219558189655249,0.0016388232084716403,-0.0012695183004106658,0.010080163541522635,0.0032638484863518613,-0.0015669877553748934,0.007353447491602383,0.005604800584319891,-0.003208011934433763,0.005986720995203809
2025-03-10,-0.00637818617394692,-0.023863146537981827,-0.008755937163287819,-0.0037759690929825007,0.006992230724526927,-0.022389965211791596,-0.025151642225419102,0.003415872638332429,-0.03875628381246499,-0.02663549477866589,0.01043161791309255,-0.009629890394553642
2025-03-11,0.0055020585487512985,0.008302701303948279,0.011727541035094546,-0.003537738007101665,-0.0035772532913140864,-0.0032718224496542936,-9.96822694908639e-05,-0.006532306409630428,-0.002390435713714223,-0.008312899181972977,-0.007138812156323393,-0.01169018510116715
2025-03-12,0.0,0.005489407126873402,0.004346793335703092,0.0011412947604407808,-0.0029563434985139248,0.007090355596722109,0.001743499099618795,-0.0029634944933217833,0.011280739096990677,0.005306540111853719,-0.005973545526046453,-0.003095198523982101
2025-03-13,-0.003647937733423867,-0.004094645189849477,0.017756144523255468,-0.0055724758683840525,0.004024244375756325,-0.006519006690855589,-0.014917983013071678,0.0031580625950355934,-0.017990389904544157,-0.013330573924604017,0.008791419264952083,-0.019738351956029354
2025-03-14,0.005491895743038544,0.018273215777397267,0.00039975774946587883,0.004584605155172561,-0.0034807948287143287,0.018504018197335492,0.024179749585322874,-0.00046290044717345324,0.024170471566580032,0.02065578951270286,-0.005295009619759816,0.020022597361871064
2025-03-17,0.006827621229447356,0.017048001937786772,0.0054135329342379634,0.0024088000570472445,0.0008468094519824554,0.010694536969063861,0.012617490416566346,0.002037867279262029,0.006483679152362143,0.007711389808988445,0.004990446675423588,0.017078869657439544
2025-03-18,-0.002260499732478105,-0.005072771593444103,0.011671955843306048,-0.0017705062780868364,0.0011633882827195574,0.0002549315272688535,-0.008683226488504836,0.0024036376328628872,-0.017047466698925096,-0.010808406010539895,0.0009932909892775843,-0.0052339556743596916
2025-03-19,0.006343417679080865,0.0024384629334754937,0.004107707999658539,0.006588194081809329,0.0030631786544550454,0.0024216358497757273,0.015550394567112713,0.005902391413092678,0.013381455242629903,0.01089084117725081,0.005181221427313254,0.0012057264706242243
2025-03-20,0.0018010187220196539,-0.009287870329044878,-0.0012805854303336028,-0.0013845523859625786,0.001474363279017954,-0.007883084870061285,-0.006347901624198626,-0.001466793590959914,-0.003389591594491481,-0.0028917654588535013,0.0006581269925400868,-0.0006568296173034005
2025-03-21,-0.005842588506749347,-0.004910759484232918,-0.008049901213267985,-0.001512441177631052,-0.0008413716901110035,-0.006023384378889163,-0.006193247738994212,-0.0013773169392898854,0.003296736984298443,0.00032989529509896975,-0.005918637695262796,-0.011064941432421427
2025-03-24,0.003616603487294645,0.004486214827224,-0.004452548665506595,0.0029033042836994483,-0.005788199451092768,-0.0006445600762652326,0.02487864416900476,-0.004321457477446278,0.021944407925183596,0.017908465851977917,-0.010253640519405915,0.015398413391391363
2025-03-25,0.0013513057471346013,-0.002902946288950381,0.004400365088198743,-0.0005033815185248036,0.001693714461606488,0.00593469658305823,-0.005554103805799904,0.0010156977884927532,0.005706563906112905,0.0024038765740486134,-0.00011135168464571077,-0.011220377381864655
2025-03-26,-0.0013494821841035787,-0.006047052404287601,-0.0008259812019960622,-0.00402999232792578,-0.0023247213152645108,-0.012697209471009385,-0.010158807672687287,-0.004059035555605162,-0.01840070848630071,-0.011938349429337136,-0.006572959720106075,0.0039013525026978524
2025-03-27,0.002702700302480876,0.004957145672845442,0.013405732882559862,-0.001896324236240643,-0.0008474371283255788,0.0015588050943453613,-0.004766726358394924,-0.0012040460720896817,-0.005697973453211436,-0.0026556654593491436,-0.0029156041361853013,-0.0025537254524644615
2025-03-28,-0.0031446365413939636,-0.018609811165396173,0.007412123023167849,-0.0017734216119512647,0.008056685127006524,-0.009079117096317146,-0.020331444287701173,0.006028003943253424,-0.026327801471062395,-0.020138263417040614,0.013834005164928831,-0.0013358771122371493
2025-03-31,0.013970229445228188,-0.001599303939511021,0.014363222998346137,0.0011417976680612174,0.0029446954679976933,-0.009816649291684132,-0.004789184924566925,0.0019357697976223331,-4.271302697689272e-05,0.006712770962271408,0.009873498173720963,0.009252008770890718
2025-04-01,0.0004444294509868829,0.00320364221981162,-0.0019782303576065807,0.0023184260040716165,0.003513466174198676,0.0025114821826035527,0.00010017443316945318,0.0035743429832888474,0.008061089291412804,0.0028243703251151775,0.00866559341123696,0.0004417715838056502
2025-04-02,0.0062194234670645,0.0013686177326268645,0.0020516615880092903,0.002033305710362976,-0.000943551775587248,0.0022416235304187904,0.01578877998218342,0.002300730562143638,0.007298505350695317,0.006328539470811911,-0.000655711601127984,0.006071936937744882
2025-04-03,-0.04017655271151499,-0.021184403277096253,-0.006038278082531101,-0.012428675295995673,0.010282262646531093,-0.021181398696152764,-0.06419622194984875,-9.186161378815783e-05,-0.0535335558471034,-0.049280943990584136,0.0045936856587847075,-0.034127088985165366
2025-04-04,-0.03633849948761669,-0.05562025927796832,-0.02339226273628292,-0.014254471889350473,0.0028039195813254203,-0.06505377087764586,-0.04460847729842454,-0.001101858721024862,-0.062108832969001826,-0.058542909992973846,0.010887300979108838,-0.043399200378659075
2025-04-07,-0.015751822453165087,-0.03721050730940789,-0.02148580630415131,-0.008598428686425463,-0.011909502853017617,-0.022714130628130436,-0.009051247093471604,-0.019488905577566107,0.0024131360160062343,-0.001781215858176255,-0.0301561580526295,-0.026247024501995564
2025-04-08,-0.022308450372542143,-0.01407727788697144,0.005443793790763651,-0.004599104466334936,-0.005030978410547671,-0.0022066471679594857,-0.026343645900707147,-0.012657131702213276,-0.01800850757954109,-0.015662717811204874,-0.01887851517442596,-0.0268325399232322
2025-04-09,0.036210269290578356,0.06931456946959291,0.03699125081478161,0.026798687250719766,-0.0031602192231471316,0.07784158023651644,0.0850017221462549,0.016712660720937134,0.12003088432020093,0.10501933848666689,0.0058857604350863735,0.059656666883735276
2025-04-10,-0.012446199023855242,-0.017237125886741977,0.0244235794430141,-0.01632806110992313,-0.0062346818379505065,-0.02133757851433682,-0.04201810471945577,-0.01699821065236684,-0.042532240000373256,-0.04381905169427358,-0.02756850788731835,-0.022826794392867833
2025-04-11,0.0145420134466272,0.03137355841280054,0.019086664805096243,0.00300602765063962,-0.005635888768778519,0.025436707626896427,0.014583639234974966,-0.00019003681746965206,0.018423095994987593,0.01784269872857469,0.005438646446478623,0.012224602078182434
2025-04-14,0.0004777669744333579,0.009101795308935845,-0.005705977012200658,0.004951863520451072,0.008020478893775884,0.011312458864276342,0.01177043366140107,0.006176805922507134,0.006778174555619909,0.00970153513184413,0.007135518632234383,0.020686449940750862
2025-04-15,-0.0023877882627511005,-0.0009494762533568402,0.005232379352138938,0.002722861465518811,0.0029704305657780594,0.008355858270799654,0.0012329546373719413,0.005383562056851643,0.001114725923767823,-0.002800946751292277,0.0035423913951184716,0.0030459546896999257
2025-04-16,0.01244610464652629,-0.01164169714471508,0.0325408102664011,-0.00012903183047496825,0.0043365969036948115,-0.004009728222595377,-0.009584396420607488,0.004227292737789767,-0.03015342763837392,-0.022227960909993016,0.005579679361145784,-0.0007008274439076478
2025-04-17,0.01040200730057994,0.007692208000279477,-0.004390692094044635,0.005819817248292836,-0.0028434908680532445,0.011272268466745228,0.008163448081725422,-0.001403165985881194,-0.00018010014726566048,0.0014267883196374953,-0.008832549067600115,0.014960156001955438
2025-04-21,-0.00842310754546216,-0.00023848830288963896,0.03093558529908469,-0.005914856626354936,-0.005386483766756656,-0.004379022082830808,-0.020055705063024898,-0.010772944422265507,-0.0247467833712518,-0.02380272645010273,-0.01747978264403205,-0.02084279347156459
2025-04-22,0.004719234308373732,0.01503226232849375,-0.014195668551963636,0.0038804495860591537,0.0007432546876862123,0.020924918053162322,0.02588377785577456,0.0024622909424973916,0.026252138108081358,0.02601788486974521,0.005581391837551575,0.019404868146219334
2025-04-23,-0.007515289871365405,0.011518547614031593,-0.023978630729734163,0.005025022963426329,0.0010610635157886072,0.002611069134889288,0.014829015622336073,0.004439794772576278,0.022678128151089494,0.015495305634686263,0.009713336856910892,0.0018457776026332695
2025-04-24,0.008991931604926062,0.011619808558199773,0.014556277018207942,0.008974458219432435,0.005406063868851119,0.012630164498280472,0.0200262421143369,0.01025117708177592,0.02813711556464038,0.021049069381725127,0.010535959522359306,0.0036851155028647664
2025-04-25,0.0014071745651047518,-0.0018378789380042448,-0.010841679678267213,0.0008894328438517896,0.003795594615613629,0.003986193681781325,0.0003091702661823792,0.005306307284878908,0.011147953559903279,0.007225293730972693,0.007366236622585509,-0.0017210668597373857
2025-04-28,-0.00562060414153176,0.0018412629564112937,0.01424210344049559,0.0005078102125666284,0.003991045008997274,0.006915900813012854,0.004224179651320492,0.0023149314656614184,-0.0003174400514333042,0.0003812698342773313,0.006299902021911441,0.006206233873263578
2025-04-29,-0.012717887702692554,0.0027567286580594264,-0.009738925467677184,0.002664675882275036,0.0034523467462350688,0.0025438815540392845,0.005899289859635948,0.002309658117906732,0.0066044347970575235,0.006299396001456126,0.008384605437075088,0.005368271685468828
2025-04-30,-0.018606902091659827,0.002520024330281867,-0.007482221012837353,-0.005315087167855226,0.0015637599875182318,-0.0013955645653752624,-0.006272573306495111,-0.004700889023884436,-0.00012623449771131945,0.00039695369691727933,-0.008093074926073918,0.0035219293067392243
2025-05-01,0.004861476854982394,-0.00022854971634833632,-0.02077228754256477,0.001291578180774966,-0.004354769137957515,-0.0027951303520822313,0.00620953318835582,-0.003514717379265453,0.013060736314436827,0.007086819871739536,-0.005070681584558812,0.0032832453808506745
2025-05-02,0.004354180590426804,0.02857149490681965,0.0017481999132260562,0.0030652838819182904,-0.006712820360371685,0.01783666493256897,0.02249196325791547,-0.002425935460826145,0.014843970702712816,0.014844159530811085,-0.010824110669827358,0.012299711099870825
2025-05-05,-0.005780341880260664,0.007555522603625464,0.029867754776654154,-0.0003822305016288885,-0.001795208152204908,0.0023782896568727008,-0.007681561725307651,-0.0014031037425226156,-0.0059325523884241615,-0.005734428055191421,-0.005585607603310505,-0.00222946927572254
2025-05-06,0.015019446533423908,-0.0039700176382040375,0.02802400275899264,-0.000764144435272951,0.0025388571214530753,-0.0007492308743224374,-0.01090771985115857,0.00196701661141363,-0.009301704399633182,-0.008358282792537475,0.00332439894523473,-0.007708601364556644
2025-05-07,-0.012410552446834422,-0.011514595547041484,-0.014993060801348546,0.0008922851558930134,0.0026379696307505807,-0.003749062140883108,0.0033032547128770684,0.0020566035050029186,0.0039259099175763534,0.004205552130898571,0.004227054174120282,0.0011258162388654291
2025-05-08,0.013049723459981566,-0.0006720452457371628,-0.0196942722998793,-0.0002547838173008188,-0.00778774024572193,-0.003010456958687735,0.0190457013544314,-0.005037846967955062,0.010324923533108432,0.0069677939758885366,-0.011148983066210372,-0.003936102245446049
2025-05-09,0.007633612917365529,0.006724971942793534,0.007254674259445482,0.0006371726180598447,0.0007425502441371634,0.005284307159541868,-0.001839189639254668,-0.00037498938430136075,-0.0006554481540510526,-0.0012742408107025982,0.0014956556557792489,0.0066615079142127165
2025-05-12,0.006628844542668988,0.02159876646578973,-0.028190568373488878,0.009930033742153732,-0.006359375618887442,0.005006256830249134,0.035157651898872544,-0.00018760202941736637,0.04074031999317129,0.03304750794730138,-0.009304979701513116,0.004934877279062055
2025-05-13,0.015522046961654823,0.0017435713682352194,0.004258992599597278,0.0017646734490412985,-0.0007467481242109386,0.0009962046623364085,0.0036561319199706066,0.0008442565094946008,0.015240729542709275,0.006604012591080455,-0.00405849486726495,-0.012723278675140559
2025-05-14,-0.005094962321076091,0.0076154002299180235,-0.021037827999516923,-0.003649249387497555,-0.003736111833945621,-0.00435431639389483,-0.008867347326575459,-0.005061857699705019,0.005992989467568988,0.0012780406761467855,-0.006636383199168927,-0.009834905997293641
2025-05-15,-0.009776482344277748,-0.00043184547844965504,0.015963953531585195,0.0018945983872016292,0.00653588008557815,0.010870981249018863,0.006528749407243906,0.00716037093083699,0.0010991074402026957,0.00488424092305495,0.00879051220848992,0.018266908158448336
2025-05-16,-0.003761224443639466,-0.0006481746709204872,-0.012087047232674286,0.0011343683687281558,0.0003195070548545065,0.0022249099497126945,0.008264027535415996,0.0018708573359282887,0.004352438520449198,0.006333926797924105,0.0026722994808459077,0.012445423339934036
2025-05-19,-0.0014157144678091926,0.002161730221946101,0.012880671121226372,-0.0005036927773003352,-0.0005320353275467538,0.00912680663700649,-0.0041934488934513015,9.362970314308328e-05,0.0009586582449130354,0.0010939435130175035,-0.0028971703343285693,0.00022138593331000322
2025-05-20,0.01275986670286744,-0.0010784914771111431,0.0186222454642182,-0.000504046979346473,-0.001277882147952103,0.005011076382922308,0.000526333238783927,-0.002427515038829875,-0.0033331983907807228,-0.0033621824491902874,-0.007205070638936051,-0.005867992289792734
2025-05-21,-0.0013998595356506938,-0.0025912415932912714,0.007378683875855163,-0.006680132773199565,-0.006929581355056169,-0.005837322822031865,-0.02807538629134243,-0.011137137547942433,-0.01389676560581854,-0.016850696938976673,-0.017089862641560982,-0.02661764374223441
2025-05-22,-0.00514019785072406,-0.0032474669630817576,-0.008861493387459118,0.002030265031320866,0.003757537916728282,-0.0007339254446402377,-4.924607292877692e-05,0.005110647691692449,0.0018713054969055065,0.00039452286077779064,0.005239925494735953,-0.004576789327147113
2025-05-23,0.005636444252486328,0.004126888280075125,0.021906288045034472,-0.0002534328703037714,0.00288766746833935,0.0023257880569427236,-0.003149555111797153,0.0007533052381680783,-0.009260756607646137,-0.006825668653144379,0.0016586305139791868,0.0010345213653877305
2025-05-27,-0.008874427023372489,-0.0023794714914689985,-0.016949152542372836,0.006080196920433822,0.004159028022910238,0.014411370381538946,0.025375085421587507,0.009032784123964577,0.02352517989505598,0.02079060009427791,0.013956243535493407,0.017453239147715127
2025-05-28,-0.0032987567018044617,-0.004553354415105404,-0.0022660178699712707,-0.0006296118794331118,-0.0027612014344640112,-0.011557984209323857,-0.010544037214493152,-0.002424425591234236,-0.004431884513400486,-0.005785383818817769,-0.004315897887387177,-0.0010157245534293535
2025-05-29,-0.005200863824581736,0.003702966202296043,0.0059247154716217665,0.0015116390991509743,0.004153353777783586,0.004506756567166592,0.002968218241990117,0.004486802801038081,0.00196575945209454,0.003947316182205007,0.009254841336929776,0.00903749783538954
2025-05-30,-0.0076046810261914954,-0.012152789700298539,-0.006576942326457891,0.0008805002957381625,0.0029696361057125475,0.0010913249600772446,-0.00509395218849551,0.0028848674813328756,-0.001577250645249606,-0.0011184364635955513,0.00150902374221773,0.0
2025-06-02,0.02107284396524789,0.007249498865560033,0.026581051258171673,-0.00017672613876718035,-0.003395028572367842,0.01138567612693886,0.003120834454781063,-0.0028313263067147876,0.007898357483362428,0.00563291506828012,-0.009306741389764728,0.0013435927934919434
2025-06-03,0.006566568040223819,0.002399107296231051,-0.008855551213511115,0.0018945586668748238,-0.0009579614048179641,-0.00814374895356551,0.016139172200765772,0.0004670728678457525,0.007816911244165059,0.005702639449530089,-0.0017612223939187377,-0.002012597205180433
2025-06-04,-0.00372783231929652,0.01240213094180409,0.006441974072654677,0.0018907761888145025,0.00735227474262623,0.005071199821369499,-0.00282248436073651,0.007281452765292906,0.0027878237190257504,-0.0002685389754887302,0.016233331595259637,0.0028008426093877326
2025-06-05,0.00467729547529161,0.0051579799277738925,-0.00504987891618125,-0.00213902185443815,-0.0029617585339899444,-0.000840903717570507,0.0004316506908885742,-0.003058370651414566,-0.007526898909771984,-0.004832830393470822,0.0006945858962581486,-0.000781996439189081
2025-06-06,0.00791434767966992,0.0032071948084124724,-0.013416073696802311,-0.00012597690843263454,-0.00795662864489255,0.0030058910896555435,0.01616072095021992,-0.006042481739887529,0.009775396176027407,0.010269041453009553,-0.012724145065963088,0.004807627334464382
2025-06-09,0.0009237564029596079,0.008525122074126035,0.004718534884218695,0.0005042711052656301,0.0018177007111133126,-0.00011985633183064781,0.0068901284190261425,0.002992812779372356,0.0014719207479216845,0.000901294345408088,0.0010544361041280315,0.0013352826766090953
2025-06-10,-0.00230725966151335,0.005705851786060201,0.000293510988597534,0.0023947551055327754,0.0017080661939135044,0.0017983452148955248,0.005389986398755875,0.0024245328685938983,0.006614023636847266,0.0056696225210415285,0.00514989765698326,0.008556514749419097
2025-06-11,0.016188623890825093,0.004202632321882449,0.005412290790508978,-0.000251456267796768,0.004155978532475402,-0.0009574336155833141,-0.00410235077374288,0.0031626888705189593,-0.0033695591228803945,-0.0028519057878803045,0.003027288609140255,-0.005398930176430783
2025-06-12,0.0,0.0016738868501211535,0.0124202002480438,0.0011320372731575823,0.0043510399138195766,0.007307119498501491,-0.0039789334388598,0.005563834043652127,0.002347694390614219,0.003974254114539111,0.011957282386055201,0.004874370618413781
2025-06-13,0.030951332514145724,-0.015876249267225195,0.013100564311248064,-0.003015120129630122,-0.00369824558444265,-0.012605521429075783,-0.018281816341353174,-0.005994148581323411,-0.012554609336781875,-0.01118010433553962,-0.009636109254318126,-0.009701193178317746
2025-06-16,-0.002207431156828865,0.012259351248699035,-0.01425909653729851,0.0020160591294744457,-0.0028635483998935563,0.004376951152759823,0.011789988643827742,-0.0017626130019435804,0.0139097505764878,0.009514168641802545,-0.010077629188982917,0.0007792980550751505
2025-06-17,0.021238831671029468,-0.01312723346315614,0.0005131941200071655,-0.001131695491047524,0.004892682258552439,-0.012329012636675518,-0.01053284263498655,0.003438671473257715,-0.00975108060958274,-0.008545051015123262,0.012169309249822735,-0.003559594106218089
2025-06-18,0.002599651306915751,-0.00021459149085378826,-0.005385627565021256,0.0015109363942198417,0.0006351839917400071,0.0022246397935639095,0.005274482151791382,0.0007409270112996857,-0.0001701867933195933,-0.0001506376340618676,0.0017341202746790074,0.003460595985494974
2025-06-20,0.005185906487371605,-0.00579388534568559,-0.00041901914110908933,0.003142511908271972,0.0006345324722365486,-0.008755767307051854,-0.0020987231827476194,0.0008329894069210031,-0.0040833255944988656,-0.002348631711546645,-0.0018466713159972503,-0.0006674490827770496
2025-06-23,-0.03697336892167824,0.008201921197817263,0.0030631724583116693,0.001879640225175283,0.0034883772870581975,0.007837870418081039,0.012236547367809214,0.0024967429599924706,0.010282607477367867,0.009877538397528252,0.0032375628164333925,0.01502833354376154
2025-06-24,-0.024107122346438192,0.025904515478312184,-0.015719378751237634,0.0027516864791266027,0.003476085948160179,0.01160345734570778,0.01274960940473635,0.00470435677238501,0.01529195825703722,0.011047192108078807,0.007260623420363155,0.002632110613206784
2025-06-25,-0.001372413523156979,0.0008347391666190251,0.003037305817845004,-0.00024934996906122997,0.0004200982770383721,-0.004759010054548596,-0.011656603602315019,-0.0011934599520465605,0.002556406607959083,0.000560355916550126,0.001258377078437567,-0.02406466972712573
2025-06-26,0.0036646484924112155,0.006672262988960398,-0.0011070472235482631,0.002869575446287964,0.0035676115264529074,0.01189315563124027,0.01622872422258137,0.003676855772772658,0.009350456352288594,0.007823805236792936,0.005028080318881578,-0.0009281971624138796
2025-06-27,-0.005020549573540367,-0.00393540565172501,-0.018123728993798327,-0.0004976929539305397,-0.0026139953316602904,0.009451035080610959,0.00032494350908063296,-0.0016485849058301971,0.0034235036299465893,0.0049683437757206406,-0.0063671887601197685,0.0024923731883514932
2025-06-30,0.00045879060156650553,0.0031192464052591795,0.01198454729743359,0.003858572186163256,0.00398368952275141,0.0020406980266314267,0.0014386495177307612,0.005504044945554121,0.006477027655940271,0.004781261408467019,0.009840908682123173,0.00644139794716736
2025-07-01,0.0055020585487512985,0.0018656640099536936,0.008923010663382636,-0.0012582071791451543,-0.0018540645079792029,-0.0020365420592698413,0.010287742742183248,0.0012086089271974298,-0.008429469959365554,-0.00032369192397596613,0.0024795114359694725,0.00729847378569537
2025-07-02,0.016415854652826578,0.004345082822211799,0.005527596405484614,0.0018709347408512045,-0.0020988347410972885,0.002640809984055803,0.013852625808533414,-0.000182938407703781,0.006965445591202046,0.004533253666217929,-0.006353568067706039,0.002340859583601196
2025-07-03,-0.00044861655481764906,0.004532264153590537,-0.006822911403597365,0.0006226768146184725,-0.0034704143586968828,0.00047880646015396877,0.009274755917787703,-0.0023782045959469533,0.009840196777275656,0.007881390031799329,-0.006965040334293349,0.0011120300473717037
2025-07-07,-0.0008976358039172183,-0.014150913825730194,0.000748780548875283,-0.0033595964242079113,-0.0031658193584692684,-0.011128341631434058,-0.015017039242737007,-0.005959972088079191,-0.007532854763854124,-0.007451942851096072,-0.0095435932700485,-0.008553594921409835
2025-07-08,0.0031446365413940747,0.006240927457166867,-0.010443411868664265,-0.0013733164360300032,-0.0014821514219007792,0.007744443435469428,0.006917652668462004,-0.0028596529795504866,0.0005616045375251844,-0.0005477079539696339,-0.0012770379772678586,-0.0014565350350888018
2025-07-09,-0.0017913400113259703,-0.0016538666321948003,0.004471282664348264,0.0027503113895155362,0.00519498198565671,0.006964422179774665,0.010847365227475647,0.005735418294523731,0.00707886962291604,0.005996621705197658,0.010461637597966256,0.000785452231579109
2025-07-10,-0.003140492782996107,0.00269199547800536,0.0022257895319868215,-0.0009973343739616558,-0.0005273034848350955,0.0,0.005141959604086477,0.00018405368921747822,-0.0014381827793369384,0.002820301211159615,0.0006899574442174039,0.006278686244511222
2025-07-11,0.013051398610674836,-0.003304397579337537,0.009601575193336043,-0.0012478140600445942,-0.004643278556706432,-0.009420490707897189,-0.013790044640924037,-0.006069485019634335,-0.0022505416512130783,-0.003515461852628743,-0.013794495199460965,0.0001115435444174473
2025-07-14,-0.008440758743387455,0.0014505420250294776,-0.0036553174266280575,0.000749584380558943,-0.0004241831187523637,-0.00024068213304473396,0.006720863124810794,-0.00027760662366072,0.0036269180646839594,0.0019081373370650745,-0.002098107614265099,0.006461530255236436
2025-07-15,-0.0017920543834800684,0.007241804703686405,-0.004155705135267751,-0.0029966829547865004,-0.0039244281171142426,-0.010596121491056598,-0.019579744181343117,-0.00360945333637952,0.000916873105202276,-0.00427322003118924,-0.007008518366218075,-0.01472214325979393
2025-07-16,0.0013464537058758275,0.00472477582690134,0.004988096125243757,0.002630003507791523,0.002768688042070311,0.005233094393685134,0.010053934008371401,0.0015790957318149168,0.0010238470867451888,0.0033432619517372864,0.0014114495044821318,0.009437162701966262
2025-07-17,0.00806812434732973,0.005724742296015384,-0.0021735334020257513,0.0009993014649125609,-0.000318747620057791,0.0016949262646350771,0.01312095434115168,0.0024109936954639366,0.008092701066748642,0.006119641699551259,-0.00023481804314984256,-0.0011129829031777394
2025-07-18,0.0017785960443617022,-0.0022361480234340814,0.002600924347578637,0.0013725323936650824,0.0027620067914559954,-0.0021755304470876258,-0.007100734853376922,0.0018504675294357398,-0.0009611151854892475,-0.0007323729567987325,0.0015273657632528526,0.0021170756885302566
2025-07-21,-0.0022192759442686283,0.006519923323771826,0.015370115792427752,0.001370749476798272,0.003495697971166445,0.005814031799574959,-0.004048106029164278,0.0038785221520112323,0.005184767786480915,0.00189619482624237,0.00891597941889688,0.004113811979184145
2025-07-22,-0.0017792995060619266,0.000607258893820628,0.009484882235462067,0.001742175335574192,0.002850287993217515,0.00541903650793274,0.008309674248621501,0.002391693005691975,-0.005175702093684453,0.00014312186670739635,0.006046601954829978,0.017163106052279886
2025-07-23,-0.0026738823006808854,0.010115334999091896,-0.01240118112003663,0.0004969687260687472,-0.0035790502231364263,0.024194524889187496,0.015272997585625614,-0.001560112297611993,0.004561185402375267,0.008507504281572098,-0.005547988279576144,0.001959550126754417
2025-07-24,0.0008937130699171458,-0.005407548854507116,-0.006118276977772341,-0.001241657688958675,-0.0014790200495061745,-0.007484514233663697,-0.013808022136833853,-0.0014706988572948942,0.002128402128120044,0.0003310219868288833,-0.0017431912931985538,-0.00347678472866364
2025-07-25,-0.010267863076030337,-0.003020631345299063,-0.0092499926477293,0.0006216497166715573,0.0023276169556545323,-0.0012960886893010892,0.0037128338021994445,0.003221545251724356,0.0024070586551074857,0.0042243586394272725,0.006287085279368387,0.00010906301817126263
2025-07-28,0.01037438584943029,-0.006665241701564684,-0.00647361832754334,-0.0004970304173006479,-0.002216574321067588,-0.015927302820506695,-0.0011587227828615543,-0.002018353739631218,0.003125075958207768,-0.0002510907174575472,-0.006479272082046905,-0.016025346633446902
2025-07-29,0.012946432225634519,0.0004066764807166834,0.002750389076383808,0.0006214743470889239,0.006558788262176929,-0.002517746593956427,-0.006380505394338876,0.006619574424453933,-0.0015488393235895126,-0.0026376929395429682,0.016885939936482686,0.016064772667385263
2025-07-30,-0.0022036265257513454,-0.007317122275317445,-0.017273497289540862,-0.0021117984532498246,-0.0034682259104226176,-0.006730719620864134,-0.005074359358683722,-0.003744669759339958,0.0013398364260559514,-0.0012592832521511887,-0.005153273318070806,-0.014175161076175224
2025-07-31,-0.008392204570164097,-0.005732947661540644,0.0066454015709211944,0.0006224027457637504,0.0008436458862410845,-0.00931753497863197,-0.009794192850323014,0.0002749180469230339,-0.005299178571309349,-0.0037511687632163504,0.0005754217055125022,-0.01404714160750864
2025-08-01,-0.016035620896206026,-0.007413479065885742,0.020299689958884537,5.007544700674771e-05,0.01151282004703491,-0.0020764964932465935,-0.02037467466170806,0.008871189099670884,-0.019698831783873216,-0.016390498886999505,0.01421656131743343,-0.002468047697975484
2025-08-04,-0.0036216045337797986,0.010373383859916263,0.005823229257701401,0.0033757997679364493,0.0013586987436586817,0.013708684435360885,0.022380423333944854,0.0017331656327199685,0.018451719605797168,0.015199785864552506,0.002732826749016315,0.010234020618737016
2025-08-05,-0.008632417782828972,0.0028747141235765383,0.0008040912066364925,-0.0004984576093312043,-0.0007306892402357823,0.0,0.005097228788424779,0.0007285025689001134,-0.006789640456443258,-0.005069968581366768,0.0030662282628721726,0.004564106974658699
2025-08-06,-0.0022914888370674236,0.004709297549126079,-0.00212110700071233,0.0009973144857506888,-0.0007310611154748292,0.0067616958549543416,-0.0013132235634157885,-0.00027296297476553377,0.012583329365528417,0.007659737526496846,-0.005773902919589902,-0.007757123257218335
2025-08-07,0.0032154163205675435,0.00835535944084187,0.008437987494967825,-0.0009963208405439072,-0.000731758497590218,0.008755080557242945,-0.0032643347517024024,-0.001001208506871798,0.0033841796101101718,-0.0008376709197908117,-0.0017081055385572697,0.00290380885764141
2025-08-08,0.0,-0.0008084215978846343,-0.00022357985855403495,0.00012462759795428546,-0.00230122933387078,0.005468998116194834,0.002183443472775881,-0.0031888432201709893,0.009328283410763527,0.007797598941873041,-0.004334379263167931,-0.008240624005171115
2025-08-11,0.001373670393670201,-0.0028316865901616417,-0.014374701087597641,0.0,0.00031449445261300113,-0.004138564437587089,-0.0002269697324677189,0.0015537890102097496,-0.0029588640688156254,-0.0019774524562664597,0.001145591550145264,-0.006624725547957122
2025-08-12,-0.0041151777390060484,0.012170441433184243,-0.0009074665058316222,0.0022438982178809574,-0.00020959705129874884,0.011754918273465753,0.029690784079989596,0.0009125337146329571,0.012568779990863588,0.01064607776285631,-0.005034834956257117,0.0056517188236060445
2025-08-13,-0.0013774544818595524,0.012024025253500437,0.0030492830145867345,0.002611873642823337,0.0035643859079848017,0.005046395443559781,0.019443582114446967,0.005288225762956511,0.0004999831229326457,0.003423088766683291,0.008280511848019811,0.009328970390438895
2025-08-14,0.0041378821483593065,-0.012277212338170918,-0.006338706734070332,-0.0026050695303793114,-0.0032383815791706683,-0.0004671004295889736,-0.01288809180370798,-0.003446454390807263,-0.0007753245630496286,9.299781650273786e-05,-0.0074141587646574525,-0.00712693493414196
2025-08-15,-0.003205110555777324,0.0012028303515070338,0.0005858183101099534,0.0007461938011805724,-0.001991126303946933,0.006191609575927348,-0.004863317614456464,-0.0012741301394494364,-0.00439747761747411,-0.002341195058344292,-0.007124705654569574,0.005719913246732933
2025-08-18,0.0009187550646996279,0.0058070313038114385,-0.0015612675411803556,-0.0007456374111663999,-0.000945214387800819,-0.0010449066062240275,0.0036543123285182055,-0.0018224775644631874,-0.00039847274721949155,-0.0002177065030134484,-0.0028935706595131228,-0.008475424700871592
2025-08-19,-0.0078017520577916555,-0.0081624795857127,-0.005473279447945512,-0.00024886149285441306,0.0025227112661381224,0.00011623221787160354,-0.007676826755352972,0.0015519449761984827,-0.013567468608822408,-0.005425144946620719,0.005803935416256456,0.01720842787841015
2025-08-20,0.011100822776949348,-0.0014050439298545214,0.010122175284489776,-0.00037309207949642875,0.0014678853313119244,0.0030214153306034053,-0.003536552166384266,0.0004557972958301182,-0.005937257370143834,-0.0026570426982367445,0.0021926103351461723,0.0028748259149429245
2025-08-21,0.005946914824861871,-0.0022110549949863056,-0.0034698951143765644,-0.0018669384867077143,-0.002931467604328275,-0.006372323725397866,0.002484427120394761,-0.0038266402897012552,-0.0046298789043722754,-0.004011862429981972,-0.004951480432018762,-0.002976874506289362
2025-08-22,0.0040927211265424646,0.0199435913321091,0.01070642694476942,0.008104643843230841,0.005564971059570656,0.015741583373019896,0.039208644042829865,0.007865444107465702,0.015427484338869535,0.015356883316778536,0.00740645188545952,0.019352019519795594
2025-08-25,0.004981984227124592,-0.005727814738830661,-0.0024148368614391735,-0.001978937116031587,-0.001983849439174512,-0.012857301124628906,-0.010518209940269307,-0.0026316005538959963,-0.002884814619531939,-0.004401156151292773,-0.002871874864750823,-0.005749639535570061
2025-08-26,-0.00766111649531398,-0.0025824460386532078,0.007262047243691283,0.0022308281907081895,0.002615546971288074,-0.0008140986475579925,0.008263049551206159,0.0007279060604477028,0.004015322766916629,0.004187098314019977,-0.0005760292568943726,-0.0026186635453251395
2025-08-27,0.0009082345555133653,-0.0059749326246086865,0.0020187288833615202,0.0012366874758884538,0.0018783492400600288,-0.0023277102510302905,0.007085507107330136,0.0003636528417363394,0.0015368553031980259,0.0022784921171898898,-0.0011527225156828802,0.006235718774661114
2025-08-28,0.006352051803974579,0.003806802597469794,0.007419038046796889,0.0004939282131155576,0.002291483021800156,0.003733134668274518,0.0011868061360180704,0.001545033636647597,0.0062599326754508855,0.0035414005434608598,0.006578191084320784,-0.0026093527877248945
2025-08-29,0.0013525243165044554,-0.004790348682333634,0.00964990177666114,-0.0018517283508789895,-0.0008313247765082687,-0.00615994601619041,-0.00444508487291273,-0.0036297401722672484,-0.011575546882512833,-0.005963709384858351,-0.007108546138386851,0.005450182960563765
2025-09-02,0.016208990961707137,-0.0008022602973810633,0.023642559312442524,-0.001080972943628855,-0.0029843101541263684,-0.009238712887999045,-0.005400289074796727,-0.003345030426222806,-0.008380064748024774,-0.0074102876897714776,-0.007441633987151808,-0.016587178728584506
2025-09-03,-0.008861283607721648,0.003813679571697426,0.007831992196408066,0.0027367098467305784,0.003453685679240648,0.0016525131086706502,-0.0009833649131250066,0.005960549722542785,0.007867508351202535,0.005419563658397131,0.010977574871499973,0.0005512154845537243
2025-09-04,-0.007152547400961717,-0.0031993388244574428,-0.004418882618094533,0.002729143753325447,0.004484716682054968,0.00636345033535024,0.012496250684568277,0.006836768096452062,0.009051423988817309,0.008357388769671292,0.007623905177236212,0.007492332151951553
2025-09-05,-0.00810436232850087,0.012036163755722695,0.01334594055214322,0.0004950507973362495,0.004880062802635088,0.005269283363439348,0.004987530201080004,0.006518845736508183,0.0014428484178445888,-0.002896204096427546,0.015247002129338716,0.011264233826311143
2025-09-08,0.006808846219968023,0.009117944253877353,0.011388067271604019,0.0,0.00309989845574421,0.010366928224464056,0.0020187276817524857,0.00350808772407718,0.004878011476662003,0.002456585107699638,0.013324199700843309,-0.005839786144603898
2025-09-09,0.002705137521305412,0.005499845714902474,-0.002269905468609168,-0.0011130232221466807,-0.0023693880902185827,-0.003573851773594483,-0.005876109616407055,-0.00179267669622718,0.0028331998384107937,0.002311868135340678,-0.0056830466900675836,-0.002284330589594541
2025-09-10,0.00674455441191113,0.006837354752413871,0.0035922056391106683,0.000742745532690936,0.00268468523543941,0.0,-0.0017733045708293593,0.00296333335636656,0.00032726103383495797,0.002890909713888945,0.005715528304279127,-0.0016353520782182995
2025-09-11,-0.007592684071539124,0.014551795116033883,-0.0014913797811720864,0.0024739809040383864,0.0015446023788072694,0.01064439223700031,0.01848335076929275,0.00465574288435322,0.005820495832659089,0.008310219325036394,0.0066859423760141645,0.01823724692665496
2025-09-12,0.0058506544997707355,-0.0005737704614767747,0.0019715725978484144,-0.0009872466099983823,-0.0028788642756927274,-0.00446480676229799,-0.010215993673487689,-0.001782361417260958,0.004417156757683172,-0.0003346350028212708,-0.004316874612713906,-0.004611674684288469
2025-09-15,0.008948508958212198,0.007271314605022061,0.01040483601055886,0.0028411027081169937,0.001649837725202552,0.006554786904591436,0.004237608860772291,0.003124753872720598,0.008556944034079583,0.005323924934497848,0.0023346552247682784,-0.0016161458480762336
2025-09-16,0.010199650368145186,0.007408833943299831,0.0020064107533963593,-0.0007390909720105254,0.0006176501467458628,-0.002056476474946778,-0.0016466321081329838,-0.0008900947130781045,-0.0008449495367306437,-0.0013768510142991852,0.0021073706691856486,-0.005288280223489483
2025-09-17,-0.010535548084427693,0.004337133986372033,-0.007715171664187115,-0.0009860550659156475,-0.002160520846737901,-0.0037779613520144695,0.0025600553492139966,-0.0017815676604515662,-0.001996019759001766,-0.001242399741884448,-0.0025456992098003006,-0.001301776325531634
2025-09-18,-0.0044365823778409474,-0.002440789939211596,-0.0040063094596702875,0.0022209101701042844,-0.0032992554362486493,0.0035625313391498548,0.02490680017457536,-0.0020524836814334035,0.009016853049945484,0.004672477269690223,-0.010319585440331736,0.002172680428693008
2025-09-19,-0.008021383326866971,-0.002258650348996971,0.010607227252210416,0.0003693635142163476,-0.0004139023406927178,-0.005267435931547992,-0.0075967635482411255,-0.00080472207410065,0.006769448211758178,0.0049528251606558715,-0.0019061175674984776,-0.006504078877680564
2025-09-22,0.0,0.0049047477061456846,0.01730643093326134,0.0007382619144757907,-0.0016557335055820133,0.0037987468924531864,0.005802951801292311,-0.002237340322390091,0.005920011498854905,0.004731035459799804,-0.0035947406328422638,0.00021820782764825353
2025-09-23,0.010332351902055725,0.0005631422830949528,0.004086375052867464,-0.000737717285899997,0.0027988096864843826,-0.0017201118964537132,-0.0022505431843372614,0.001973182344413571,-0.006642243475046938,-0.005443520514135325,0.006989920560483309,0.005454259949310147
2025-09-24,0.006669669419053337,-0.003377097183158262,-0.009063049726670935,-0.0013538007696928256,-0.0026875774704279154,-0.00631824230547684,-0.009186289248722002,-0.004028210975166702,-0.0035106205389333622,-0.00318164448653413,-0.003806512848307575,-0.009835802635293822
2025-09-25,0.007067073805264057,-0.005835836133322614,0.004165188877066628,-0.0028342577969777683,-0.0021766440900152784,-0.006820782849555118,-0.00956130950581724,-0.0017976500748241309,-0.004311285650355434,-0.0046134329671143615,0.0,-0.0029867715911776616
2025-09-26,0.000438668209197024,-0.0018936138504829225,0.00577227044053652,0.0019772280734320358,-0.0005193062628608969,0.007216849737869069,0.008567025231968728,0.0013505955939006054,0.00411094326404049,0.005729075724434596,-0.0008990672755579965,0.00987459750630082
2025-09-29,-0.008329658479767077,0.009106444034685968,0.016496514338703028,0.0017267569539944905,0.0029099804436105714,0.004275969195119522,0.0011602048162107081,0.0033271341545026978,0.0046311412201716085,0.002810389450384143,0.008211382390971744,0.00032971576437224037
2025-09-30,-0.003978819952601076,0.003948143247314073,0.008540004081594166,-0.00036931278281227,-0.0004145511800855983,0.004718001382951975,0.001407182982261057,-0.000985899883200858,0.0027391121948929786,0.00376684572535102,-0.002900800327507169,0.004063603851853781
2025-10-01,-0.001775438256900963,0.007865160967811757,0.0015753722020723782,0.001868519778288169,0.003369283768700271,0.006757593876178802,0.0021904452220067316,0.0040157559377627106,0.0047970211135095475,0.003407569706178837,0.002582570613334001,0.0015313797686238306
2025-10-02,-0.006669581755982423,0.004645086651344776,-0.003482825151325697,-0.00037048965357677766,0.0010362888464188202,0.001706502003540722,0.00630954122466143,0.0016142954739930548,0.004111061470398525,0.0011517801124745208,0.002911979085993943,-0.005242404777554999
2025-10-03,0.003133375635301805,0.002959107271449213,0.008032937892485048,-0.001112265368908405,-0.001967086496293513,0.008972112941562083,0.007417443112796462,-0.001253562675880282,-0.004209752096300146,-1.4818614668121732e-05,-0.001898527899366842,0.0037329361092359736
2025-10-06,0.010263281408425584,0.0046100395433683605,0.01884573861512795,0.00024748807303787146,-0.002904510374407754,0.0016884458883685838,0.0039864556417283925,-0.0032271555377333394,0.007510193991054459,0.003586249365854499,-0.007943586130559455,-0.009407155427551328
2025-10-07,0.003975218130178426,-0.007709243748805994,0.005159462258136571,-0.0011130359696284176,0.0024968438793766534,-0.00898972019164923,-0.010737006912774016,0.0018884861270029862,-0.0052656354759481605,-0.003707511977453004,0.005751673212040398,-0.0036438508773093403
2025-10-08,0.0013198839383385952,0.007954156596509554,0.01649095687844504,-0.0014856373939150513,0.0002075053265446769,0.0031748954259724904,0.010484963747328102,-0.0012566176463432166,0.011463827502024904,0.005963096319924199,0.0007849647299891238,-0.005208923952372491
2025-10-09,-0.009226749118025013,-0.010277152207017193,-0.018452848086064955,-0.0028518529521037728,-0.0007263584590618821,-0.008138329628632146,-0.006444553962822952,-0.0019774378992341024,-0.0012103017478460876,-0.002897030241612586,-0.0007843490436537648,-0.0054591235621831435
2025-10-10,-0.021286013982651286,-0.03689971957886251,0.010097700011942212,-0.0058443121139887255,0.0062299967847248006,-0.018917400378413607,-0.029943324488662548,0.002791850363516035,-0.034714276250361054,-0.027027820787662193,0.016147262856641253,-0.012770243592885921
2025-10-13,0.012686924689490953,0.029072030887556943,0.02430104394061705,0.006254033491123412,0.0005159785942230322,0.008363317711316487,0.02783973521028349,0.00341266853389266,0.02122136359960769,0.015344092809244536,-0.0005518526114300926,0.006354366947787238
2025-10-14,-0.011185658250812303,-0.008980295297978946,0.007141189222626965,0.001118514804173909,0.0025783234371568042,0.004722982641070184,0.014279208625342266,0.003311509136974644,-0.006660988524603506,-0.0012216512196846496,0.003201879763083726,0.010260364251785337
2025-10-15,0.0036198766438961805,0.016424348594411997,0.017332403569977117,0.003228266498639165,-0.0011316974229423904,0.00447146149947808,0.009802387896548082,0.0,0.007056803636168452,0.004439541098594013,-0.0022010687277019825,0.014509018621542635
2025-10-16,-0.001803454643635738,0.006500676801987515,0.02338727694573084,-0.0035891016309468338,0.0046344825874107265,0.004679766379160233,-0.021052247242274946,0.002854639038869289,-0.003702934704380212,-0.006810210567109287,0.007500364080831545,-0.0035203683597450075
2025-10-17,-0.0009032229109263712,-0.000184503425880167,-0.01881705572696646,0.0026084063011413416,-0.0016401088833344346,0.0010225583944543093,-0.006732983164730699,-0.0019569649573212278,0.006566786726718066,0.005676314860669995,-0.001532719262192228,0.006513556344986515
2025-10-20,0.009945681872408851,0.013658201176697693,0.03640197438905224,0.0019820766994684824,0.0013348371472501341,0.00817166939844105,0.019514362181857425,0.003030380837921287,0.01260071663217488,0.01040043503835153,0.0038378925147255494,0.010090959236898955
2025-10-21,-0.010295440124328925,-0.011107012302391195,-0.06426889260666147,-0.0014836168821482643,0.0018456503584305395,-0.007204782002358412,-0.004714647822223861,0.0001776786606415559,-0.0002615279669033743,-1.4955077773270986e-05,0.004915289891805452,-0.0028232757305383105
2025-10-22,0.015829853485242795,-0.0009206924251087267,0.00010605594835544352,-0.000990740153014702,0.00020481748113243547,-0.0009071885611000585,-0.014777992291155395,0.0009772654373745304,-0.009633983978945992,-0.005198882255361581,0.0006521551758966737,0.004246987615942999
2025-10-23,0.01691901270135121,0.008846307546922727,0.004002358382396931,0.0022311350211259295,-0.003274669226229099,0.005107216147085314,0.012657171816438995,-0.0012426592784836599,0.008406490261045452,0.005929966083050742,-0.006843334772276388,-0.0006506002712101111
2025-10-24,0.0004378999516436721,0.006576517112162561,-0.0033528327110016187,0.0027208294147798018,0.0009240414745415038,0.0015808594736843595,0.01221491399471386,0.0016884415802584929,0.010678248172756977,0.008172547247097484,0.0004374523587702406,0.0029296489934818037
2025-10-27,-0.0021882825502284042,0.011070798420206973,-0.027839530498784404,0.0024665951920102014,0.0,0.006989848951158839,0.0034879674147021422,0.001685595550643404,0.017809259983306847,0.011797667854098304,0.003389133152135848,0.002812973613222969
2025-10-28,-0.009210475912203808,-0.00035900824545187504,-0.007166030388359279,-0.0009842104280941566,0.0009231884101617016,-0.0014553573317543922,-0.005353530979208543,8.861680754934653e-05,0.007689893130412795,0.0026560013292959983,0.002614873629346981,-0.019635331735887163
2025-10-29,0.005312080589043422,0.005746055900476499,-0.0037872684129753864,-0.0030788313603388184,-0.006456358435851461,-0.006054516984428493,-0.00851548755721554,-0.0056678183316154485,0.0045030048033982695,0.0004803260550556576,-0.01010646131215609,-0.025751129687459517
2025-10-30,0.00044031982220515964,-0.010355267796393841,0.01964188672951095,-0.0018529654654437788,-0.0014439369312192474,-0.003948092240810608,-0.008061855607439883,-0.00534366945810183,-0.015288588840218331,-0.010998113191920567,-0.005818452680770303,0.004744198698900082
2025-10-31,0.007042276742775799,-0.002345306486631338,-0.005430550723012573,0.0,0.00041316137243629925,-0.002378315330177627,0.005636077952041019,-0.004029456612090199,0.004823894560769926,0.003280260922519762,-0.002981363272949622,0.0025857236100870207
2025-11-03,0.00743007810254892,0.0063291896500392575,0.0017929035935666526,-0.0031098615912791283,-0.0004764111846540242,0.00011352730848201986,-0.003208357447828769,-0.0026888407781409107,0.004784803808179916,0.0018766915803232198,-0.002501075491621485,-0.0014577004005675853
2025-11-04,-0.006941454343098341,-0.01832888208802763,-0.017517195825319742,0.00012486750331430763,0.0012434735595858726,-0.009988651205931842,-0.01727510193123538,0.0013571556029163823,-0.02029804094164056,-0.011853595199365574,0.0022287715996616164,0.0016843575216134443
2025-11-05,-0.003058087118058883,0.00896941024417175,0.011564369498527016,0.000998139387843322,-0.0047608616597627496,0.006076608383390747,0.014427794759221069,-0.0029816957013887313,0.0065079158770231516,0.0034654701339136285,-0.010896197020317522,0.0008968652440766167
2025-11-06,0.0013146783837223452,-0.00743834111999464,-0.0012005195756799036,0.00037389286329592153,0.005095763624872296,-0.002621156598531571,-0.017696493138362634,0.005256158628905272,-0.018627312554173714,-0.01072938225080955,0.008992819483045755,-0.004816277190459295
2025-11-07,0.00218810998634944,-0.002924491525615469,0.006119021470095687,0.0008721870401009468,0.00041382129661604594,0.003427823122620799,0.005242330800443673,-0.001983317235807247,-0.0031553529497220234,0.0009845659403016072,-0.0021167837094044906,0.01553189000428934
2025-11-10,0.010917093540047329,0.0175984865019303,0.02734111859838051,0.0033610394770398067,-0.0013446615954898489,0.010931509399093375,0.01001613815702096,0.0005419796181929115,0.02212420912838109,0.01560435822838957,-0.00022328293100193353,-0.000554195309690253
2025-11-11,0.006479433449417371,0.00108090527541993,0.003937814406542062,0.0011167216049525752,0.0031069120897502245,0.006532970113170444,0.0008605773691803265,0.0039721552758067435,-0.002663499728031149,0.0022892033827353053,0.004578494671462208,0.011199842912269942
2025-11-12,-0.011158760950733648,0.00017999117799516462,0.016110762091908537,-0.0019829191189792983,0.0002065813576306308,0.005819171432069892,-0.002456651457003467,-0.0009890925743467616,-0.0007883430627531052,0.0005564068664263289,0.001778605207109596,-0.007456950491144032
2025-11-13,-0.00520832887654088,-0.011694814959204658,-0.008083098515826892,-0.004097884467143875,-0.0028901901833384702,-0.010792144664263259,-0.028115239422326188,-0.0049504286896497884,-0.020415970943100548,-0.016594062566875234,-0.008211390654675799,-0.012263884601503072
2025-11-14,0.002181427314084994,0.0005461239463975254,-0.018047911171504505,0.0002494516647111311,-0.001656301560099882,-0.0017995967328944262,0.002913993453164787,-0.002713680339791469,0.000755986820957899,-0.00016359600785664785,-0.0057059046708100025,0.0021252357928358556
2025-11-17,-0.0013060074281747713,-0.011826743200092582,-0.011463979297139493,-0.001620693786989924,0.0011405865115940994,-0.013408493918357522,-0.019875417376544413,0.0006348777078275525,-0.008540533986380883,-0.009316476786200845,0.002475458131661279,-0.008259825106479046
2025-11-18,0.008282454819535934,-0.00497151111324845,0.007264932736103624,0.0002497942941572795,0.0016570795418919815,-0.012220151184105021,0.0030504152553387787,0.000453246313771416,-0.012175682873204807,-0.008397487448507768,-0.0003367289141704699,0.004051748415356382
2025-11-19,-0.009943802090210063,-0.0035159397622607225,0.0016294519610446923,0.0004993672170108265,-0.0007237580179415559,-0.0028905070741357397,-0.0001713492960317975,9.053828119331975e-05,0.00597005013235119,0.0038631576379948296,-0.0020211406687568045,-0.00784658324536991
2025-11-20,-0.00960692178426148,-0.013741828598946237,-0.0002933255655774847,-0.0006239698872247956,0.0023799779957831557,-0.013682783132860421,-0.01850659991490755,0.0013589299749445782,-0.02367185214103551,-0.01524230348712119,0.003937959728497642,-0.004180392472736161
2025-11-21,-0.0066137943288427925,-0.00018832817039726724,-0.0015473311468576778,0.003370884114070938,0.003303449711380413,0.015283363916212656,0.028326997341088456,0.003528534755051549,0.007512780084459658,0.009961204755846165,0.00302580521033069,0.016224254753791634
2025-11-24,0.004882389575904922,0.010546178057930788,0.01584423909859023,0.0027372012370128207,0.001543227608955311,0.0020843375544463694,0.01825121158888443,0.003966852964937706,0.02557319233119082,0.014718547807599958,0.00569842692587974,0.0026793951402139804
2025-11-25,-0.005300348895078466,0.0035407661492834475,-0.00031569077041548876,0.0034745590178544283,0.002568425746733327,0.011555347718090303,0.021800832813269055,0.002783675120521689,0.006163691379971414,0.009405913041440561,0.002555287264727424,0.009241808564508514
2025-11-26,0.010657184586705837,0.007242430619929019,0.007998338908444147,0.0009891570737603494,0.0008197496287174477,0.010509422360203136,0.008852457050549933,0.0034028906120546765,0.008835800725809806,0.006903544626688962,0.004432587956401779,0.004413083282114316
2025-11-28,0.013181008294944174,0.0014748805899580386,0.012424331348639184,0.0004941854100672938,-0.0017405904381158077,0.004295729764181022,0.005863286597825201,-0.001695606243621306,0.008107150851884182,0.005458400735868674,-0.004743997454386362,0.0032951644508203426
2025-12-01,0.0026019914117354492,-0.0007363898760567311,0.004821066034977672,-0.0017986955515467695,-0.0053696678540982035,-0.005177819025806385,-0.012582908424292993,-0.005356902157619636,-0.0033589147729778945,-0.004565432491131505,-0.012448748184263558,-0.01149549202671507
2025-12-02,-0.004325284006119312,0.00036846627286135636,-0.006440050713598433,0.001864065832770434,0.0008273185887375245,0.002941848556831994,-0.0018321211547380756,0.0006314680393946226,0.00782605526928104,0.001852203967944055,0.000450545955687387,-0.003544067028170672
2025-12-03,0.004778377919137267,0.000736661110948722,-0.0009296182229129313,0.000868285229834731,0.002066864486584663,0.004738210118492958,0.018191480326918752,0.0022538989943572396,0.002443765729801317,0.003462767968857472,0.00281503366664948,0.002556323316838194
2025-12-04,0.0025941168593643926,-0.00018399410763147994,0.0006461951944911615,0.0007435169957790144,-0.003093902053597386,0.0025826016456804712,0.008773035927343908,-0.0017989813010782507,-0.0009302524345002894,0.0007311238379490437,-0.0053895508960816185,-0.0024389292508226745
2025-12-05,0.006037051222266943,0.007546428603985467,-0.0017823532991587676,0.0,-0.0020687643511937415,0.0003359176142236908,-0.004169656116909226,-0.0009913129697461942,0.004077457766594739,0.001899461628388499,-0.004628652371958641,-0.0011114701927052995
2025-12-08,-0.012430350597357087,-0.002192219493944658,-0.002639449868615862,-0.002476644028569952,-0.0020732122116776663,-0.002798924832569938,0.00039872924361228357,-0.0020747453395378868,-0.001918477552493636,-0.003004219352025661,-0.003289166191138615,-0.007676821252411203
2025-12-09,-0.0021701512936278533,-0.0016477414890538888,0.005137202012788666,-0.0011175007308942275,-0.0014542236618486637,-0.0014594422007717656,0.0020727975785770347,-0.0012654476164797313,0.0012333770890635698,-0.000863122274760153,0.0010242136817519842,-0.003812125947765921
2025-12-10,0.006089570455026561,0.011186521111993475,0.004259147967166088,0.003355774095223918,0.0032247847261082097,0.011018647850502328,0.01360435838371088,0.0046157951371263994,0.00409566545250617,0.006632218302348614,0.0038649043662966065,0.0036015926588650604
2025-12-11,-0.0008646487948147374,-0.004715282438372825,0.010769830543307712,-0.0001237626832895078,0.00010359332683806954,0.005115629644395714,0.011734129580129427,-0.0014414446361491473,-0.0032344222925078103,0.002326931778056762,-0.0013587655614438754,0.004373678014894411
2025-12-12,-0.00822152799739495,-0.011661729470212157,0.005594579039939429,-0.0018583878492565153,-0.0026956156536313003,-0.005310894794223531,-0.015321836967102986,-0.006044745264446649,-0.01911830575749185,-0.010751997629438903,-0.009638418510561908,-0.0012282648781406502
2025-12-15,-0.004799312127841238,-0.002949903852766167,0.0009103412637567754,0.0004965118916175904,0.0008316988882792753,0.005895459015643256,-0.007563607642422143,0.0011800843958174045,-0.005019414151365642,-0.0015108134140046081,0.0006870601010775523,0.003130298177491442
2025-12-16,-0.010083302635125024,-0.0063207193212261314,0.00022745542760316262,0.0006203079712967519,0.0028045912978222898,-0.004271975840208109,-0.004731362572379383,0.0022664983276925454,0.001981839031308219,-0.0027323197983205594,0.005491915278953208,-0.007355455298873381
2025-12-17,0.011957518063886008,-0.007172538153993213,0.008588228474273762,-0.0012398468557055509,-0.0002072106770213411,-0.0076974496713849705,-0.010644211557772842,-0.0010854840414582512,-0.01853703515928795,-0.011003588240296014,-0.0009102177453615967,0.0037049794602397323
2025-12-18,-0.007002210802136477,0.011406887951024514,-0.0018032036998043566,0.002730915292188607,0.002590153137752127,0.0073009281646319035,0.005945644669320238,0.0038032877822016253,0.014490161748346608,0.007551280296730134,0.004783609700601543,-0.005257284603502943
2025-12-19,0.007051587504331547,0.009774444554630835,0.0011289903434381632,-0.0004851126120219984,-0.002249697005093809,0.006228713514776496,0.008363099658706519,-0.0025721312660111906,0.013035355219223943,0.00906346515990486,-0.003732464528165891,-0.0038232713964290177
2025-12-22,0.01284712194942661,0.005398307785561274,0.02308160549906857,0.0008710886165224085,-0.0010391027941883957,0.003601572316485946,0.011124879858099845,-0.0001816197603967673,0.004793528365299782,0.006229874178387496,-0.0021702070781169924,0.005137364134343292
2025-12-23,0.011165699277132735,0.005554583615645203,0.013252341857567629,0.000745929465291173,-0.0004160734607709937,0.006504450408934437,-0.005915292961466867,0.0009990205912295824,0.004683327588380415,0.0045704843606495515,0.0016025501938796705,-0.0006799360839330193
2025-12-24,-0.00044170623460393355,0.00202535063290199,-0.004134082564786756,0.0018636718116329387,0.0026015017376266325,0.0005571370669394948,0.0024992259530161043,0.0039012889753726743,0.002925539481881456,0.003517621421107009,0.006057190401588697,0.006577475947464384
2025-12-26,0.003093309976529346,0.006982746800827444,0.011676735474757116,-0.0004960229739358057,0.0009340851137593642,0.0015590131947740282,-0.005104699104307664,-9.03831185373738e-05,-6.407454011359004e-05,-0.0001014040437492536,-0.003294414633057796,0.0011266164005676593
2025-12-29,-0.009251144703225855,-0.002554733423312805,-0.0435283019531133,0.0003721305070820691,0.0014517270400769,-0.0023348796839255392,-0.006125182154754438,0.001355800113439054,-0.004840628092039223,-0.003563648189011559,0.003761204618958347,0.0020256617593901183
2025-12-30,0.0066696140532158665,0.004024903426953497,0.0007275678386380324,0.000992264143282462,-0.001035444702695787,0.0015602294038878917,-0.00740357798689506,-0.0011734266047475073,-0.0023193300573890463,-0.0012211468345215692,-0.0023845330668411657,0.002021566748932946
2025-12-31,-0.012367437581508822,-0.0030977037232848836,-0.006467991163222386,-0.0009912805311553807,-0.0033166988001779307,-0.004562185930554796,-0.007539390905901944,-0.004247207459019742,-0.008265655808932348,-0.007408955885817803,-0.00796715162561712,-0.00818205948157058
2026-01-02,0.0013416269444548323,0.027965684876576358,0.004970859258759619,0.0004960845266415159,-0.0008319737741998567,0.009948573650308878,0.010643463918630136,-0.0002722812856096324,-0.0019371366999325623,0.0018330596423725698,-0.0014915596177916823,0.00033900757171512197
2026-01-05,0.018758378193084013,0.011024162755709055,0.026313174195160993,0.0026032236633886097,0.003018296675930232,0.011842830247868807,0.015877469923723186,0.002814061521048794,0.007942972266394177,0.006660110816910869,0.004940807287747928,0.002259428210816372
2026-01-06,-0.00043841425322110883,0.007386531207121516,0.010813149047262716,0.00024732295885088185,-0.0007263510387455208,0.0015313869224731214,0.01325521663972995,0.0,0.008786538231342345,0.005947227112347964,-0.0020580783889422305,0.007326437296387489
2026-01-07,-0.009210486469285128,-0.0075069887279956005,-0.009559953917111952,-0.00024726180532963493,0.001869140158964333,-0.002839608057760734,-0.0023429821781767446,0.0007242431163805296,0.0009624917993369397,-0.0032234001772446508,0.005843262588895559,-0.009734840772569031
2026-01-08,0.0128374947419152,0.0003518110518996309,0.005522515913727544,0.0007418740804780999,-0.00300578307999666,0.0004380425497920726,0.010920593912598253,-0.0028042031946290402,-0.005688998296547787,-0.00010152168346500012,-0.0050119667991658234,0.00892656401725822
2026-01-09,0.0008741459133427831,0.004747678263315347,0.007242001159325273,0.0007413241113345403,0.0011435674035147336,0.008758518544257354,0.007589042691880543,0.0036284233324952453,0.009960278502977538,0.006613388484590255,0.006639946839743116,0.002015906633779485
2026-01-12,0.012663795648829579,0.014000686832444709,0.018722729613168898,0.0004938184194553941,-0.0012461464284845292,0.005752103134444075,0.004880255773952902,-0.0011749483243524983,0.0008297430397132821,0.0015703975230316747,-0.0029569092898896754,0.001341177104619673
2026-01-13,0.00776197934585765,-0.007421475929713983,-0.0014210408732292512,0.0,0.0012477012469371829,-0.006366638065698593,-0.0005735904263264313,0.002171734960608962,-0.001482839901657873,-0.001999473023445053,0.0017109717438947847,0.005580980248221401
2026-01-14,0.0008557359733365466,0.0041732165792280895,0.010222226854541994,0.0,0.0020768312303784953,0.004778397081474983,0.007040353146813505,0.0025282347783879278,-0.01068280937936028,-0.004915222744839132,0.005807420011821884,0.008658080146500602
2026-01-15,-0.008123071041766239,0.0058874485296604995,-0.006127660830587689,0.0,-0.0020725269417001257,-0.00021613320138291758,0.008814952326068104,-0.0012609639480730683,0.0035994537129284687,0.0027232240029890775,-0.00022647120663976672,0.006932950746957767
2026-01-16,-0.001724177336719812,-0.0037872477212125277,-0.004818883830700504,0.0006169447017543295,-0.0038421655955169776,0.002702702702702675,0.0009415840864932523,-0.0028857238707260535,-0.0008363400346551586,-0.0008378844014015341,-0.005775109807479306,0.012240467175759884
2026-01-20,0.013816912648208612,-0.009676819922752822,0.03783617488689295,-0.0025897403168390065,-0.0039611909408932,-0.014339642383338957,-0.011965770155426547,-0.006059496283507992,-0.0212471622179754,-0.020356759970762806,-0.013097910892022724,-0.01857051576006996
2026-01-21,0.011499167931327658,0.01657646005021607,0.014568979615140476,0.002967401525837632,0.0026163960176244228,0.011047934330122855,0.019841656786825812,0.006005437698496152,0.013518455039445598,0.011541083159159804,0.007616770311556831,0.003960402687661846
2026-01-22,-0.00042106226870886054,0.0075523936505783595,0.01846258414950319,0.0007396791554237225,-0.00010434757874866474,0.004111189572252982,0.007468538542073633,0.0018993827889031145,0.007269390951806898,0.005223163010167564,0.004352345422791837,-0.00986194942813401
2026-01-23,0.01853414230411743,0.006303218519178699,0.013745304981574558,-0.000492817920212052,0.0016702149344958173,0.0056028907029401775,-0.018458841427031247,0.0006319273244173029,0.0031573569602849627,0.00036285524556167736,0.0027368778858309906,0.001992035236387135
2026-01-26,0.004549239411217654,0.0016928808978791121,0.014628847613605389,0.0004930609094639937,0.0014591408260360428,0.005571591480386884,-0.003134272043796127,0.0008120537124409744,0.004400133926068639,0.00507813081145958,0.0047765725755350985,-0.0013254113692133807
2026-01-27,0.01358583414029857,0.019773568021785648,0.024531942321975864,-0.00012325170292770693,-0.001144677885094092,0.015769881523671092,0.0028411242093586697,-0.0010817907236462254,0.009065300276544397,0.003984250492172103,-0.006225248320790966,-0.0003317715096700091
2026-01-28,0.012997550118450052,0.006794826754645378,0.038773348494905324,-0.0016015250712586582,-0.0008335340343781361,-0.010175193559968432,-0.005401817451793245,-0.0014439036121431936,0.003311466423943088,-0.0001006589961060067,-0.0022779468489535493,-0.010288752201079054
2026-01-29,0.014434590829752514,-0.0051029032640496075,0.0027094717415592218,-0.0001234646274788087,0.0010427069259237864,0.00572277354847861,0.0002658842668605832,0.00027114935561201037,-0.00598524715374249,-0.001984419367757506,0.00022835848715474505,0.013972725383326834
2026-01-30,-0.034387310597636445,-0.022170750877478218,-0.10274245274560045,0.0011107511323247277,-0.000624940599547541,-0.008956780405206866,-0.01412462045666174,-0.0009938756091163459,-0.012010863235886293,-0.002982547677011782,-0.0055923693234579686,0.0009922166044928904
2026-02-02,-0.036430592653733274,0.0030456905215421326,-0.04004945911975222,0.0006069792404972407,-0.001965988290873133,0.005209971800850255,0.009743881528091025,-0.0009259545261446345,0.006866418326623602,0.004971317523953855,-0.0028571335650390273,-0.010352449447280643
2026-02-03,0.025913282892039424,0.005398105624387695,0.06358720612372104,-0.0006189850741756819,0.0009429624432990558,0.0007404240971689013,0.0022885274249648813,0.0004543253940305636,-0.015363967949866497,-0.008455363130712823,0.002426332490676808,-0.0022256504215864004
2026-02-04,0.0016563526359913983,-0.013422806334599358,-0.0007044119795716064,-0.0012388314247875343,-0.0002093231793355299,0.0034880227135161146,-0.008600387305439994,-0.0012714502667551253,-0.017469050785145046,-0.0048439179057576665,-0.0025357447589463566,0.014387611347800755
2026-02-05,-0.01777595269460097,-0.00459184457937023,-0.026631707613677613,-0.0011163974723255032,0.005863234698654907,-0.014324842799439685,-0.018002408185158747,0.004819485072417251,-0.014395329266405299,-0.0124892628772314,0.010862057215873966,-0.0014293266385918546
2026-02-06,0.010521885420527344,0.02631130954460348,0.03073229479090611,0.003476950000511625,0.0,0.02222699070694434,0.035922241788850506,0.0005429643311651855,0.021137957050586076,0.019184793975496328,0.000685843121758456,0.015745433935046238
2026-02-09,0.009995825440662243,0.00732476492332812,0.02540290594406658,0.0013612252651264978,0.0002081465923797765,0.014216944688407063,0.007018398408599635,0.0,0.00766010452414001,0.004821779145387506,-0.00022851578994431687,0.004227635660145612
2026-02-10,-0.0045361076433634295,0.0014873600245310925,-0.009913720520981939,-0.0009886533967494726,0.004370962788498245,0.00371058155852122,-0.002697846251236702,0.002351683628544432,-0.004639335504483366,-0.0026371021797716443,0.011540244229550911,0.013385123833540291
2026-02-11,0.00952781505386402,0.015841632398388317,0.011310577541873812,-0.00012363319258656968,-0.0027976817582058278,0.0054426619802847576,-0.004546105494551367,-0.0010828618201813578,0.002682085346810581,-0.00023113498477123073,-0.005308948686137738,-0.005538950343838778
2026-02-12,-0.023389478151153886,-0.011371032282711413,-0.03472828959819363,-0.0004948770830285332,0.006130548424578386,-0.007251625853446408,-0.020418959852253282,0.004697419031583827,-0.020338880463632636,-0.015448872914552103,0.013286461853026177,-0.0011782413199702413
2026-02-13,0.0033613414399393804,0.004272072279423833,0.024878663914389865,0.0007426359439763885,0.0039243751547271,0.0008230641313424769,0.013177093309543864,0.003326695856200157,0.002131007309707611,0.0007045377823615695,0.005491402502916687,0.014369933918398026
2026-02-17,-0.012144012494571643,-0.004090314207606749,-0.0311702543391007,-0.0004947546850003759,-0.00010289205148306113,0.0,0.00030429378020957465,0.0009857569133571165,-0.0010300291314303545,0.0016134588719287635,0.0016718850182571021,0.009514764359054961
2026-02-18,0.026282277569919854,0.00525710038507321,0.022489929267582198,0.0012375461766733764,-0.0020575818366401766,0.000616751226836243,0.0036115482762801854,-0.000984786153597983,0.0074671384093241144,0.005037713354905549,-0.0037832864904200347,-0.011728925984324956
2026-02-19,0.009087204833651885,-0.002451343594509714,0.0027930496262249527,0.00037076724680606965,0.0009277972978414262,-0.0029791791354314423,0.0023107537850168836,0.0008065594608734905,-0.003829722194767071,-0.002637365569283623,0.0010052939630551538,-0.0021193660253863156
2026-02-20,0.006958660424491558,0.021297497011174782,0.019714504323102178,0.0007412596588094456,0.0,0.00906746239820988,3.7714466427418714e-05,-0.000805909446984332,0.008848869230803524,0.007231785221302411,-0.002343216670796955,0.007539546546436959
2026-02-23,0.006097545374156299,-0.011068312881297615,0.027015500392687075,-0.0016049043631848336,0.0036049656681163,-0.004901494490327507,-0.015570066684043149,0.0010753898245383642,-0.012154899629995497,-0.010211302238274489,0.0036907973173476716,0.00010541880817882543
2026-02-24,-0.0012121489553740261,0.01573393969177239,-0.01385890426498504,-0.0007419956219899548,-0.00020529835755045411,0.0017445439062468981,0.010902516197783152,-0.0002685415767856858,0.010741461334402791,0.007268513358970052,0.0017829693104325361,0.0025292218918036014
2026-02-25,0.0012136200436421163,0.011018882995459611,-0.0025072627221415233,0.0013612252651264978,-0.0008212054255630763,0.009629120933871693,0.00474689577237708,-0.00026861371073516604,0.014493226560549965,0.008438276037153747,0.00011125846563619923,-0.002733044405996754
2026-02-26,0.00040404965179141605,-0.009477211748592507,0.008575889154321725,-0.0008650481513614583,0.0026710719746478873,-0.0013189656720586918,0.005329215109489249,0.0006269565057550608,-0.012064608110803121,-0.005554405951797015,0.0040039257734869604,0.00685141644003795
2026-02-27,0.013731831560780394,-0.002072990835845112,0.01313141674919538,-0.0016078819526457178,0.003995895448213993,-0.0011175516611857672,-0.017218642582113697,-0.00035804614294909776,-0.0032007291679606586,-0.004801969559279806,0.006092866646850048,0.0017797927587361873
